strategy_id,strategy_name,instrument,entry_time,exit_time,features,threshold_definition,direction_rule,primary_or_secondary,development_or_fixed,hypothesis,economic_logic
P1,Price-only momentum,ES|NQ|ZN,+5:01,+20:00,ret_0_5m,abs(ret_0_5m) >= development 75th percentile (per instrument),follow sign(ret_0_5m),primary,"development-estimated, frozen before holdout",A large first-5-minute move continues.,Slow absorption of the news (H5: the move doubles from 1 to 5 min).
P2,Large move + liquidity stress -> momentum,ES|NQ|ZN,+5:01,+20:00,"ret_0_5m, depth_ratio_5m, spread_ratio_5m",abs(ret_0_5m) >= development 75th percentile (per instrument) AND liquidity_stress_5m >= development 75th percentile,follow sign(ret_0_5m),primary,"development-estimated, frozen before holdout",A large move with persistent liquidity stress continues.,Dealers still withdrawn = disagreement/uncertainty not yet resolved; price keeps adjusting.
P3,Large move + liquidity recovery -> reversal,ES|NQ|ZN,+5:01,+20:00,"ret_0_5m, depth_ratio_5m, depth_recovery_1_5, spread_ratio_5m, spread_recovery_1_5",abs(ret_0_5m) >= development 75th percentile (per instrument) AND recovery_score (equal-weight z-sum) >= development 75th percentile,fade: -sign(ret_0_5m),primary,"development-estimated, frozen before holdout",A large move with recovered liquidity stabilizes or reverses.,Liquidity providers back = news absorbed; the initial move overshot.
S2-NQd,NQ: large move + depth-only stress,NQ,+5:01,+20:00,"ret_0_5m, depth_ratio_5m",abs(ret_0_5m) >= development 75th percentile (per instrument) AND z(1 - depth_ratio_5m) >= dev 75th pct,follow,secondary,"development-estimated, frozen before holdout",Displayed depth alone identifies stress in NQ.,"NQ withdraws mostly through the spread, so depth may miss it."
S2-NQs,NQ: large move + spread-only stress,NQ,+5:01,+20:00,"ret_0_5m, spread_ratio_5m",abs(ret_0_5m) >= development 75th percentile (per instrument) AND z(spread_ratio_5m - 1) >= dev 75th pct,follow,secondary,"development-estimated, frozen before holdout",The NQ spread carries the stress signal.,NQ is not tick-constrained; fear shows as a wider quote.
S4-fast,Large move + fast liquidity recovery -> fade,ES|NQ|ZN,+5:01,+20:00,"ret_0_5m, depth_recovery_slope_1_5, spread_recovery_slope_1_5",abs(ret_0_5m) >= development 75th percentile (per instrument) AND speed_score >= development 75th percentile,fade,secondary,"development-estimated, frozen before holdout",Fast +1->+5 recovery marks absorbed news; the move reverses.,"Path of recovery, not only its level."
S4-slow,Large move + slow/failed recovery -> follow,ES|NQ|ZN,+5:01,+20:00,"ret_0_5m, depth_recovery_slope_1_5, spread_recovery_slope_1_5",abs(ret_0_5m) >= development 75th percentile (per instrument) AND speed_score <= development 25th percentile,follow,secondary,"development-estimated, frozen before holdout",Slow or failed recovery marks unresolved news; the move continues.,Path of recovery.
S5B,ES/NQ price-confirmed momentum,ES|NQ,+5:01,+20:00,"ret_0_5m (ES, NQ)","ES and NQ both large (own dev 75th pct), same sign","follow, both legs",secondary,"development-estimated, frozen before holdout",Agreement of two large equity moves makes continuation more likely.,Cross-market confirmation filters noise.
S5C,ES/NQ price + liquidity-confirmed momentum,ES|NQ,+5:01,+20:00,"ret_0_5m, liquidity_stress_5m (ES, NQ)","S5B AND mean(ES, NQ stress) >= dev 75th pct","follow, both legs",secondary,"development-estimated, frozen before holdout",Confirmed moves with stressed books continue most.,Confirmation plus unresolved liquidity.
S6,Three-market agreement momentum,ES|NQ|ZN,+5:01,+20:00,"ret_0_5m (ES, NQ, ZN)","ES, NQ same sign; ZN sign = dev sign(corr(ES, ZN)) x ES sign; every |move| >= 1 dev s.d.","follow, all legs",secondary,"development-estimated, frozen before holdout",A coherent ES/NQ/ZN reaction continues.,All markets read the news the same way.
S6L,Three-market agreement + liquidity stress,ES|NQ|ZN,+5:01,+20:00,"ret_0_5m, liquidity_stress_5m (ES, NQ, ZN)",S6 AND mean stress >= dev 75th pct,"follow, all legs",secondary,"development-estimated, frozen before holdout",Coherent reaction with stressed books continues most.,Agreement plus unresolved liquidity.
S7,ES/NQ relative-value convergence,ES|NQ,+5:01,+20:00,"ret_0_5m (ES, NQ); dev alpha, beta",|NQ - (a + b ES)| >= dev 75th pct of |residual|,"short the overshooting leg, long the other x beta",secondary,"development-estimated, frozen before holdout",A large NQ residual vs beta x ES converges.,Temporary relative mispricing during the reaction.
S7R,ES/NQ relative value + NQ liquidity recovery,ES|NQ,+5:01,+20:00,S7 + NQ recovery_score,S7 AND NQ recovery_score >= dev median,as S7,secondary,"development-estimated, frozen before holdout",Residual converges faster when NQ liquidity has recovered.,Recovered book lets the dislocation close.
S9-fade,ZN: large move + strong replenishment at +10m -> fade,ZN,+10:01,+20:00,"ret_0_5m, depth_ratio_10m (ZN)",abs(ret_0_5m) >= development 75th percentile (per instrument) AND depth_ratio_10m >= ZN dev 75th pct,fade,secondary,"development-estimated, frozen before holdout",Strong ZN depth replenishment marks overshoot; the move reverses.,ZN depth overshoots after the news.
S9-follow,ZN: large move + still-thin book at +10m -> follow,ZN,+10:01,+20:00,"ret_0_5m, depth_ratio_10m (ZN)",abs(ret_0_5m) >= development 75th percentile (per instrument) AND depth_ratio_10m <= ZN dev 25th pct,follow,secondary,"development-estimated, frozen before holdout",Thin ZN book at +10m marks unresolved news; the move continues.,Liquidity has not returned.
P1-10m,Price-only momentum (exit 10m),ES|NQ|ZN,+5:01,+10:00,ret_0_5m,abs(ret_0_5m) >= development 75th percentile (per instrument),follow sign(ret_0_5m),robustness,"development-estimated, frozen before holdout",A large first-5-minute move continues.,Slow absorption of the news (H5: the move doubles from 1 to 5 min).
P1-30m,Price-only momentum (exit 30m),ES|NQ|ZN,+5:01,+30:00,ret_0_5m,abs(ret_0_5m) >= development 75th percentile (per instrument),follow sign(ret_0_5m),robustness,"development-estimated, frozen before holdout",A large first-5-minute move continues.,Slow absorption of the news (H5: the move doubles from 1 to 5 min).
P2-10m,Large move + liquidity stress -> momentum (exit 10m),ES|NQ|ZN,+5:01,+10:00,"ret_0_5m, depth_ratio_5m, spread_ratio_5m",abs(ret_0_5m) >= development 75th percentile (per instrument) AND liquidity_stress_5m >= development 75th percentile,follow sign(ret_0_5m),robustness,"development-estimated, frozen before holdout",A large move with persistent liquidity stress continues.,Dealers still withdrawn = disagreement/uncertainty not yet resolved; price keeps adjusting.
P2-30m,Large move + liquidity stress -> momentum (exit 30m),ES|NQ|ZN,+5:01,+30:00,"ret_0_5m, depth_ratio_5m, spread_ratio_5m",abs(ret_0_5m) >= development 75th percentile (per instrument) AND liquidity_stress_5m >= development 75th percentile,follow sign(ret_0_5m),robustness,"development-estimated, frozen before holdout",A large move with persistent liquidity stress continues.,Dealers still withdrawn = disagreement/uncertainty not yet resolved; price keeps adjusting.
P3-10m,Large move + liquidity recovery -> reversal (exit 10m),ES|NQ|ZN,+5:01,+10:00,"ret_0_5m, depth_ratio_5m, depth_recovery_1_5, spread_ratio_5m, spread_recovery_1_5",abs(ret_0_5m) >= development 75th percentile (per instrument) AND recovery_score (equal-weight z-sum) >= development 75th percentile,fade: -sign(ret_0_5m),robustness,"development-estimated, frozen before holdout",A large move with recovered liquidity stabilizes or reverses.,Liquidity providers back = news absorbed; the initial move overshot.
P3-30m,Large move + liquidity recovery -> reversal (exit 30m),ES|NQ|ZN,+5:01,+30:00,"ret_0_5m, depth_ratio_5m, depth_recovery_1_5, spread_ratio_5m, spread_recovery_1_5",abs(ret_0_5m) >= development 75th percentile (per instrument) AND recovery_score (equal-weight z-sum) >= development 75th percentile,fade: -sign(ret_0_5m),robustness,"development-estimated, frozen before holdout",A large move with recovered liquidity stabilizes or reverses.,Liquidity providers back = news absorbed; the initial move overshot.
S8,"ZN liquidity-confirmed momentum (= P1, P2 on ZN)",ZN,+5:01,+20:00,"as P1, P2",ZN-specific development thresholds,follow,alias of P1/P2 ZN rows,development-estimated,ZN price + liquidity beats ZN price only,as P2
S10,Second-level order-book predictability (research test),ES|NQ|ZN,every second +1:00..+29:00,+5s/+30s/+60s,"depth, bid/ask depth, imbalance, spread levels and 5/10/30/60s changes, past return","none (regression; dev-fitted coefficients, holdout out-of-sample R2)",n/a,secondary (research),development-fitted,Book changes predict next-second returns,Order-book pressure leads price at very short horizons
