meeting,instrument,raw_file,dataset_condition,message_count,first_message_utc,last_message_utc,resolved_symbols
fomc_20150128,ES.v.0,data/raw/databento/GLBX.MDP3-mbp-1-9675c690fc6deb6e.dbn.zst,available,162269,2015-01-28 18:55:00.001000+00:00,2015-01-28 19:14:59.824000+00:00,ES.v.0
fomc_20150128,NQ.v.0,data/raw/databento/GLBX.MDP3-mbp-1-9675c690fc6deb6e.dbn.zst,available,139586,2015-01-28 18:55:00.001000+00:00,2015-01-28 19:14:59.781000+00:00,NQ.v.0
fomc_20150128,ZN.v.0,data/raw/databento/GLBX.MDP3-mbp-1-9675c690fc6deb6e.dbn.zst,available,99178,2015-01-28 18:55:00+00:00,2015-01-28 19:14:59.988000+00:00,ZN.v.0
fomc_20150318,ES.v.0,data/raw/databento/GLBX.MDP3-mbp-1-56a00e2131e297d0.dbn.zst,available,445336,2015-03-18 17:55:00+00:00,2015-03-18 18:39:59.690000+00:00,ES.v.0
fomc_20150318,NQ.v.0,data/raw/databento/GLBX.MDP3-mbp-1-56a00e2131e297d0.dbn.zst,available,294898,2015-03-18 17:55:00+00:00,2015-03-18 18:39:59.487000+00:00,NQ.v.0
fomc_20150318,ZN.v.0,data/raw/databento/GLBX.MDP3-mbp-1-56a00e2131e297d0.dbn.zst,available,267313,2015-03-18 17:55:00.002000+00:00,2015-03-18 18:39:59.941000+00:00,ZN.v.0
fomc_20150429,ES.v.0,data/raw/databento/GLBX.MDP3-mbp-1-f43990c85f5492ad.dbn.zst,available,149078,2015-04-29 17:55:00+00:00,2015-04-29 18:14:59.928000+00:00,ES.v.0
fomc_20150429,NQ.v.0,data/raw/databento/GLBX.MDP3-mbp-1-f43990c85f5492ad.dbn.zst,available,92342,2015-04-29 17:55:00+00:00,2015-04-29 18:14:59.927000+00:00,NQ.v.0
fomc_20150429,ZN.v.0,data/raw/databento/GLBX.MDP3-mbp-1-f43990c85f5492ad.dbn.zst,available,100269,2015-04-29 17:55:00.002000+00:00,2015-04-29 18:14:59.798000+00:00,ZN.v.0
fomc_20150617,ES.v.0,data/raw/databento/GLBX.MDP3-mbp-1-3e962221eca5f97f.dbn.zst,available,333381,2015-06-17 17:55:00.001000+00:00,2015-06-17 18:39:59.984000+00:00,ES.v.0
fomc_20150617,NQ.v.0,data/raw/databento/GLBX.MDP3-mbp-1-3e962221eca5f97f.dbn.zst,available,188226,2015-06-17 17:55:00+00:00,2015-06-17 18:39:59.992000+00:00,NQ.v.0
fomc_20150617,ZN.v.0,data/raw/databento/GLBX.MDP3-mbp-1-3e962221eca5f97f.dbn.zst,available,240797,2015-06-17 17:55:00.001000+00:00,2015-06-17 18:39:59.999000+00:00,ZN.v.0
fomc_20150729,ES.v.0,data/raw/databento/GLBX.MDP3-mbp-1-31712769b5cd6469.dbn.zst,available,121418,2015-07-29 17:55:00+00:00,2015-07-29 18:14:59.949000+00:00,ES.v.0
fomc_20150729,NQ.v.0,data/raw/databento/GLBX.MDP3-mbp-1-31712769b5cd6469.dbn.zst,available,86477,2015-07-29 17:55:00+00:00,2015-07-29 18:14:59.630000+00:00,NQ.v.0
fomc_20150729,ZN.v.0,data/raw/databento/GLBX.MDP3-mbp-1-31712769b5cd6469.dbn.zst,available,85506,2015-07-29 17:55:00+00:00,2015-07-29 18:14:59.143000+00:00,ZN.v.0
fomc_20150917,ES.v.0,data/raw/databento/GLBX.MDP3-mbp-1-083eb903c3b687f0.dbn.zst,available,647269,2015-09-17 17:55:00.001000+00:00,2015-09-17 18:39:59.932000+00:00,ES.v.0
fomc_20150917,NQ.v.0,data/raw/databento/GLBX.MDP3-mbp-1-083eb903c3b687f0.dbn.zst,available,332440,2015-09-17 17:55:00.001000+00:00,2015-09-17 18:39:59.919000+00:00,NQ.v.0
fomc_20150917,ZN.v.0,data/raw/databento/GLBX.MDP3-mbp-1-083eb903c3b687f0.dbn.zst,available,241703,2015-09-17 17:55:00+00:00,2015-09-17 18:39:59.998000+00:00,ZN.v.0
fomc_20151028,ES.v.0,data/raw/databento/GLBX.MDP3-mbp-1-a5dab4781774b8dd.dbn.zst,available,250764,2015-10-28 17:55:00+00:00,2015-10-28 18:14:59.928000+00:00,ES.v.0
fomc_20151028,NQ.v.0,data/raw/databento/GLBX.MDP3-mbp-1-a5dab4781774b8dd.dbn.zst,available,138339,2015-10-28 17:55:00+00:00,2015-10-28 18:14:59.924000+00:00,NQ.v.0
fomc_20151028,ZN.v.0,data/raw/databento/GLBX.MDP3-mbp-1-a5dab4781774b8dd.dbn.zst,available,141795,2015-10-28 17:55:00+00:00,2015-10-28 18:14:59.992000+00:00,ZN.v.0
fomc_20151216,ES.v.0,data/raw/databento/GLBX.MDP3-mbp-1-1801c9cbf4c9c9af.dbn.zst,available,493931,2015-12-16 18:55:00.000833088+00:00,2015-12-16 19:39:59.971688653+00:00,ES.v.0
fomc_20151216,NQ.v.0,data/raw/databento/GLBX.MDP3-mbp-1-1801c9cbf4c9c9af.dbn.zst,available,212923,2015-12-16 18:55:00.000962166+00:00,2015-12-16 19:39:59.914140763+00:00,NQ.v.0
fomc_20151216,ZN.v.0,data/raw/databento/GLBX.MDP3-mbp-1-1801c9cbf4c9c9af.dbn.zst,available,144711,2015-12-16 18:55:00.000490652+00:00,2015-12-16 19:39:59.913196099+00:00,ZN.v.0
fomc_20160127,ES.v.0,data/raw/databento/GLBX.MDP3-mbp-1-27da1b95309fbdd4.dbn.zst,available,231449,2016-01-27 18:55:00.000747652+00:00,2016-01-27 19:14:59.990659805+00:00,ES.v.0
fomc_20160127,NQ.v.0,data/raw/databento/GLBX.MDP3-mbp-1-27da1b95309fbdd4.dbn.zst,available,152242,2016-01-27 18:55:00.201249024+00:00,2016-01-27 19:14:59.996091263+00:00,NQ.v.0
fomc_20160127,ZN.v.0,data/raw/databento/GLBX.MDP3-mbp-1-27da1b95309fbdd4.dbn.zst,available,83706,2016-01-27 18:55:00.000472449+00:00,2016-01-27 19:14:59.995769629+00:00,ZN.v.0
fomc_20160316,ES.v.0,data/raw/databento/GLBX.MDP3-mbp-1-964dcfe6e995d0cc.dbn.zst,available,641882,2016-03-16 17:55:00.012414987+00:00,2016-03-16 18:39:59.845970388+00:00,ES.v.0
fomc_20160316,NQ.v.0,data/raw/databento/GLBX.MDP3-mbp-1-964dcfe6e995d0cc.dbn.zst,available,333808,2016-03-16 17:55:00.014263586+00:00,2016-03-16 18:39:59.570896153+00:00,NQ.v.0
fomc_20160316,ZN.v.0,data/raw/databento/GLBX.MDP3-mbp-1-964dcfe6e995d0cc.dbn.zst,available,255264,2016-03-16 17:55:00.000964122+00:00,2016-03-16 18:39:59.709776476+00:00,ZN.v.0
fomc_20160427,ES.v.0,data/raw/databento/GLBX.MDP3-mbp-1-15d7e3627821d315.dbn.zst,available,175241,2016-04-27 17:55:00.006170119+00:00,2016-04-27 18:14:59.828306131+00:00,ES.v.0
fomc_20160427,NQ.v.0,data/raw/databento/GLBX.MDP3-mbp-1-15d7e3627821d315.dbn.zst,available,128055,2016-04-27 17:55:00.000327396+00:00,2016-04-27 18:14:59.890973139+00:00,NQ.v.0
fomc_20160427,ZN.v.0,data/raw/databento/GLBX.MDP3-mbp-1-15d7e3627821d315.dbn.zst,available,91909,2016-04-27 17:55:00.000678666+00:00,2016-04-27 18:14:59.746181994+00:00,ZN.v.0
fomc_20160615,ES.v.0,data/raw/databento/GLBX.MDP3-mbp-1-6d626e54e5c79657.dbn.zst,available,429067,2016-06-15 17:55:00.003061420+00:00,2016-06-15 18:39:59.750578860+00:00,ES.v.0
fomc_20160615,NQ.v.0,data/raw/databento/GLBX.MDP3-mbp-1-6d626e54e5c79657.dbn.zst,available,199509,2016-06-15 17:55:00.138509815+00:00,2016-06-15 18:39:59.749625625+00:00,NQ.v.0
fomc_20160615,ZN.v.0,data/raw/databento/GLBX.MDP3-mbp-1-6d626e54e5c79657.dbn.zst,available,167805,2016-06-15 17:55:00.000701819+00:00,2016-06-15 18:39:59.982889405+00:00,ZN.v.0
fomc_20160727,ES.v.0,data/raw/databento/GLBX.MDP3-mbp-1-718fadeacf969486.dbn.zst,available,180600,2016-07-27 17:55:00.005007959+00:00,2016-07-27 18:14:59.803890004+00:00,ES.v.0
fomc_20160727,NQ.v.0,data/raw/databento/GLBX.MDP3-mbp-1-718fadeacf969486.dbn.zst,available,108358,2016-07-27 17:55:00.009385691+00:00,2016-07-27 18:14:59.692097890+00:00,NQ.v.0
fomc_20160727,ZN.v.0,data/raw/databento/GLBX.MDP3-mbp-1-718fadeacf969486.dbn.zst,available,93380,2016-07-27 17:55:00.001233440+00:00,2016-07-27 18:14:59.893004638+00:00,ZN.v.0
fomc_20160921,ES.v.0,data/raw/databento/GLBX.MDP3-mbp-1-57704224aac0ce77.dbn.zst,available,490282,2016-09-21 17:55:00.000233660+00:00,2016-09-21 18:39:59.999997688+00:00,ES.v.0
fomc_20160921,NQ.v.0,data/raw/databento/GLBX.MDP3-mbp-1-57704224aac0ce77.dbn.zst,available,339737,2016-09-21 17:55:00.001520042+00:00,2016-09-21 18:39:59.991852252+00:00,NQ.v.0
fomc_20160921,ZN.v.0,data/raw/databento/GLBX.MDP3-mbp-1-57704224aac0ce77.dbn.zst,available,195872,2016-09-21 17:55:00.000436818+00:00,2016-09-21 18:39:59.994682639+00:00,ZN.v.0
fomc_20161102,ES.v.0,data/raw/databento/GLBX.MDP3-mbp-1-5a7655d302d41de0.dbn.zst,available,173000,2016-11-02 17:55:00.000320024+00:00,2016-11-02 18:14:59.930310626+00:00,ES.v.0
fomc_20161102,NQ.v.0,data/raw/databento/GLBX.MDP3-mbp-1-5a7655d302d41de0.dbn.zst,available,101634,2016-11-02 17:55:00.002587357+00:00,2016-11-02 18:14:59.941694300+00:00,NQ.v.0
fomc_20161102,ZN.v.0,data/raw/databento/GLBX.MDP3-mbp-1-5a7655d302d41de0.dbn.zst,available,74086,2016-11-02 17:55:00.000712445+00:00,2016-11-02 18:14:59.857598995+00:00,ZN.v.0
fomc_20161214,ES.v.0,data/raw/databento/GLBX.MDP3-mbp-1-6b541e5ade44a194.dbn.zst,available,558194,2016-12-14 18:55:00.001306060+00:00,2016-12-14 19:39:59.907716045+00:00,ES.v.0
fomc_20161214,NQ.v.0,data/raw/databento/GLBX.MDP3-mbp-1-6b541e5ade44a194.dbn.zst,available,309156,2016-12-14 18:55:00.001660915+00:00,2016-12-14 19:39:59.952962857+00:00,NQ.v.0
fomc_20161214,ZN.v.0,data/raw/databento/GLBX.MDP3-mbp-1-6b541e5ade44a194.dbn.zst,available,250758,2016-12-14 18:55:00.000191434+00:00,2016-12-14 19:39:59.991825910+00:00,ZN.v.0
fomc_20170201,ES.v.0,data/raw/databento/GLBX.MDP3-mbp-1-14c760ff91e422ea.dbn.zst,available,112544,2017-02-01 18:55:00.000307978+00:00,2017-02-01 19:14:59.597934203+00:00,ES.v.0
fomc_20170201,NQ.v.0,data/raw/databento/GLBX.MDP3-mbp-1-14c760ff91e422ea.dbn.zst,available,100955,2017-02-01 18:55:00.000260251+00:00,2017-02-01 19:14:59.655600541+00:00,NQ.v.0
fomc_20170201,ZN.v.0,data/raw/databento/GLBX.MDP3-mbp-1-14c760ff91e422ea.dbn.zst,available,93674,2017-02-01 18:55:00.000356018+00:00,2017-02-01 19:14:59.872069238+00:00,ZN.v.0
fomc_20170315,ES.v.0,data/raw/databento/GLBX.MDP3-mbp-1-22b4574f846611ae.dbn.zst,available,316032,2017-03-15 17:55:00.000179598+00:00,2017-03-15 18:39:59.981152438+00:00,ES.v.0
fomc_20170315,NQ.v.0,data/raw/databento/GLBX.MDP3-mbp-1-22b4574f846611ae.dbn.zst,available,294323,2017-03-15 17:55:00.001445665+00:00,2017-03-15 18:39:59.980328996+00:00,NQ.v.0
fomc_20170315,ZN.v.0,data/raw/databento/GLBX.MDP3-mbp-1-22b4574f846611ae.dbn.zst,available,263848,2017-03-15 17:55:00.000321661+00:00,2017-03-15 18:39:59.045482198+00:00,ZN.v.0
fomc_20170503,ES.v.0,data/raw/databento/GLBX.MDP3-mbp-1-a3de7699bb1722d6.dbn.zst,available,77432,2017-05-03 17:55:00.000205303+00:00,2017-05-03 18:14:59.969449119+00:00,ES.v.0
fomc_20170503,NQ.v.0,data/raw/databento/GLBX.MDP3-mbp-1-a3de7699bb1722d6.dbn.zst,available,61973,2017-05-03 17:55:00.001564694+00:00,2017-05-03 18:14:59.969582431+00:00,NQ.v.0
fomc_20170503,ZN.v.0,data/raw/databento/GLBX.MDP3-mbp-1-a3de7699bb1722d6.dbn.zst,available,56508,2017-05-03 17:55:00.000234057+00:00,2017-05-03 18:14:59.682822059+00:00,ZN.v.0
fomc_20170614,ES.v.0,data/raw/databento/GLBX.MDP3-mbp-1-79c7fc0db9afd44c.dbn.zst,available,254467,2017-06-14 17:55:00.000013999+00:00,2017-06-14 18:39:59.999589243+00:00,ES.v.0
fomc_20170614,NQ.v.0,data/raw/databento/GLBX.MDP3-mbp-1-79c7fc0db9afd44c.dbn.zst,available,275276,2017-06-14 17:55:00.000737839+00:00,2017-06-14 18:39:59.999729857+00:00,NQ.v.0
fomc_20170614,ZN.v.0,data/raw/databento/GLBX.MDP3-mbp-1-79c7fc0db9afd44c.dbn.zst,available,182599,2017-06-14 17:55:00.000013829+00:00,2017-06-14 18:39:59.980853721+00:00,ZN.v.0
fomc_20170726,ES.v.0,data/raw/databento/GLBX.MDP3-mbp-1-ac9335d242f0991c.dbn.zst,available,69679,2017-07-26 17:55:00.000163957+00:00,2017-07-26 18:14:59.916404835+00:00,ES.v.0
fomc_20170726,NQ.v.0,data/raw/databento/GLBX.MDP3-mbp-1-ac9335d242f0991c.dbn.zst,available,61919,2017-07-26 17:55:04.203891591+00:00,2017-07-26 18:14:59.583122835+00:00,NQ.v.0
fomc_20170726,ZN.v.0,data/raw/databento/GLBX.MDP3-mbp-1-ac9335d242f0991c.dbn.zst,available,73078,2017-07-26 17:55:00.000324189+00:00,2017-07-26 18:14:59.537384763+00:00,ZN.v.0
fomc_20170920,ES.v.0,data/raw/databento/GLBX.MDP3-mbp-1-c7538132b11600ba.dbn.zst,available,295592,2017-09-20 17:55:00.007456847+00:00,2017-09-20 18:39:59.941892161+00:00,ES.v.0
fomc_20170920,NQ.v.0,data/raw/databento/GLBX.MDP3-mbp-1-c7538132b11600ba.dbn.zst,available,366374,2017-09-20 17:55:00.009463787+00:00,2017-09-20 18:39:59.877703563+00:00,NQ.v.0
fomc_20170920,ZN.v.0,data/raw/databento/GLBX.MDP3-mbp-1-c7538132b11600ba.dbn.zst,available,193959,2017-09-20 17:55:00.001049243+00:00,2017-09-20 18:39:59.876655959+00:00,ZN.v.0
fomc_20171101,ES.v.0,data/raw/databento/GLBX.MDP3-mbp-1-e27da423589f07c1.dbn.zst,available,79049,2017-11-01 17:55:00.000016555+00:00,2017-11-01 18:14:59.926536233+00:00,ES.v.0
fomc_20171101,NQ.v.0,data/raw/databento/GLBX.MDP3-mbp-1-e27da423589f07c1.dbn.zst,available,100961,2017-11-01 17:55:00.000431053+00:00,2017-11-01 18:14:59.884115957+00:00,NQ.v.0
fomc_20171101,ZN.v.0,data/raw/databento/GLBX.MDP3-mbp-1-e27da423589f07c1.dbn.zst,available,38316,2017-11-01 17:55:00.000278085+00:00,2017-11-01 18:14:59.575117887+00:00,ZN.v.0
fomc_20171213,ES.v.0,data/raw/databento/GLBX.MDP3-mbp-1-028921085fd09a8e.dbn.zst,available,167759,2017-12-13 18:55:00.000011689+00:00,2017-12-13 19:39:59.879149213+00:00,ES.v.0
fomc_20171213,NQ.v.0,data/raw/databento/GLBX.MDP3-mbp-1-028921085fd09a8e.dbn.zst,available,136912,2017-12-13 18:55:00.000059657+00:00,2017-12-13 19:39:59.987130351+00:00,NQ.v.0
fomc_20171213,ZN.v.0,data/raw/databento/GLBX.MDP3-mbp-1-028921085fd09a8e.dbn.zst,available,127304,2017-12-13 18:55:00.001276597+00:00,2017-12-13 19:39:59.978742763+00:00,ZN.v.0
fomc_20180131,ES.v.0,data/raw/databento/GLBX.MDP3-mbp-1-1f54b03f0ebb9ee8.dbn.zst,available,88269,2018-01-31 18:55:00.016230687+00:00,2018-01-31 19:14:59.919018657+00:00,ES.v.0
fomc_20180131,NQ.v.0,data/raw/databento/GLBX.MDP3-mbp-1-1f54b03f0ebb9ee8.dbn.zst,available,89270,2018-01-31 18:55:00.027343311+00:00,2018-01-31 19:14:59.801516041+00:00,NQ.v.0
fomc_20180131,ZN.v.0,data/raw/databento/GLBX.MDP3-mbp-1-1f54b03f0ebb9ee8.dbn.zst,available,65613,2018-01-31 18:55:00.001314699+00:00,2018-01-31 19:14:59.897784487+00:00,ZN.v.0
fomc_20180321,ES.v.0,data/raw/databento/GLBX.MDP3-mbp-1-dedc0b175fc43c00.dbn.zst,available,572185,2018-03-21 17:55:00.000393055+00:00,2018-03-21 18:39:59.998794005+00:00,ES.v.0
fomc_20180321,NQ.v.0,data/raw/databento/GLBX.MDP3-mbp-1-dedc0b175fc43c00.dbn.zst,available,419974,2018-03-21 17:55:00.000890479+00:00,2018-03-21 18:39:59.979233719+00:00,NQ.v.0
fomc_20180321,ZN.v.0,data/raw/databento/GLBX.MDP3-mbp-1-dedc0b175fc43c00.dbn.zst,available,265379,2018-03-21 17:55:00.001334235+00:00,2018-03-21 18:39:59.934382461+00:00,ZN.v.0
fomc_20180502,ES.v.0,data/raw/databento/GLBX.MDP3-mbp-1-93dc05712521a718.dbn.zst,available,120305,2018-05-02 17:55:00.001487605+00:00,2018-05-02 18:14:59.991996683+00:00,ES.v.0
fomc_20180502,NQ.v.0,data/raw/databento/GLBX.MDP3-mbp-1-93dc05712521a718.dbn.zst,available,73930,2018-05-02 17:55:00.000892371+00:00,2018-05-02 18:14:59.991415485+00:00,NQ.v.0
fomc_20180502,ZN.v.0,data/raw/databento/GLBX.MDP3-mbp-1-93dc05712521a718.dbn.zst,available,55124,2018-05-02 17:55:00.000506073+00:00,2018-05-02 18:14:59.778535307+00:00,ZN.v.0
fomc_20180613,ES.v.0,data/raw/databento/GLBX.MDP3-mbp-1-4db5c7d5b5f85449.dbn.zst,available,311383,2018-06-13 17:54:59.200681671+00:00,2018-06-13 18:39:58.990661159+00:00,ES.v.0
fomc_20180613,NQ.v.0,data/raw/databento/GLBX.MDP3-mbp-1-4db5c7d5b5f85449.dbn.zst,available,245671,2018-06-13 17:54:59.420070947+00:00,2018-06-13 18:39:58.909745411+00:00,NQ.v.0
fomc_20180613,ZN.v.0,data/raw/databento/GLBX.MDP3-mbp-1-4db5c7d5b5f85449.dbn.zst,available,245803,2018-06-13 17:55:00.000178389+00:00,2018-06-13 18:39:58.858335585+00:00,ZN.v.0
fomc_20180801,ES.v.0,data/raw/databento/GLBX.MDP3-mbp-1-9fcbf838b1e74cd6.dbn.zst,available,134418,2018-08-01 17:54:59.401745885+00:00,2018-08-01 18:14:58.985947795+00:00,ES.v.0
fomc_20180801,NQ.v.0,data/raw/databento/GLBX.MDP3-mbp-1-9fcbf838b1e74cd6.dbn.zst,available,94109,2018-08-01 17:54:59.495247453+00:00,2018-08-01 18:14:58.990246079+00:00,NQ.v.0
fomc_20180801,ZN.v.0,data/raw/databento/GLBX.MDP3-mbp-1-9fcbf838b1e74cd6.dbn.zst,available,39184,2018-08-01 17:54:59.973726391+00:00,2018-08-01 18:14:57.491160185+00:00,ZN.v.0
fomc_20180926,ES.v.0,data/raw/databento/GLBX.MDP3-mbp-1-7f21ea794f2b50be.dbn.zst,available,257263,2018-09-26 17:55:00.002308189+00:00,2018-09-26 18:39:59.949425153+00:00,ES.v.0
fomc_20180926,NQ.v.0,data/raw/databento/GLBX.MDP3-mbp-1-7f21ea794f2b50be.dbn.zst,available,267914,2018-09-26 17:55:00.001880019+00:00,2018-09-26 18:39:59.949234389+00:00,NQ.v.0
fomc_20180926,ZN.v.0,data/raw/databento/GLBX.MDP3-mbp-1-7f21ea794f2b50be.dbn.zst,available,153239,2018-09-26 17:55:00.000113771+00:00,2018-09-26 18:39:59.487484365+00:00,ZN.v.0
fomc_20181108,ES.v.0,data/raw/databento/GLBX.MDP3-mbp-1-64f7ecb38dfcbb93.dbn.zst,available,133368,2018-11-08 18:55:00.000169545+00:00,2018-11-08 19:14:59.957042233+00:00,ES.v.0
fomc_20181108,NQ.v.0,data/raw/databento/GLBX.MDP3-mbp-1-64f7ecb38dfcbb93.dbn.zst,available,148080,2018-11-08 18:55:00.000524245+00:00,2018-11-08 19:14:59.915830501+00:00,NQ.v.0
fomc_20181108,ZN.v.0,data/raw/databento/GLBX.MDP3-mbp-1-64f7ecb38dfcbb93.dbn.zst,available,42770,2018-11-08 18:55:00.000091373+00:00,2018-11-08 19:14:59.182126373+00:00,ZN.v.0
fomc_20181219,ES.v.0,data/raw/databento/GLBX.MDP3-mbp-1-17f4302f22114679.dbn.zst,available,778799,2018-12-19 18:55:00.005041175+00:00,2018-12-19 19:39:59.999692857+00:00,ES.v.0
fomc_20181219,NQ.v.0,data/raw/databento/GLBX.MDP3-mbp-1-17f4302f22114679.dbn.zst,available,749438,2018-12-19 18:55:00.000124879+00:00,2018-12-19 19:39:59.999824577+00:00,NQ.v.0
fomc_20181219,ZN.v.0,data/raw/databento/GLBX.MDP3-mbp-1-17f4302f22114679.dbn.zst,available,321138,2018-12-19 18:55:00.000071183+00:00,2018-12-19 19:39:59.865297571+00:00,ZN.v.0
fomc_20190130,ES.v.0,data/raw/databento/GLBX.MDP3-mbp-1-71c75a81c25d7313.dbn.zst,available,461839,2019-01-30 18:55:00.000160105+00:00,2019-01-30 19:39:59.930719763+00:00,ES.v.0
fomc_20190130,NQ.v.0,data/raw/databento/GLBX.MDP3-mbp-1-71c75a81c25d7313.dbn.zst,available,624757,2019-01-30 18:55:00.001202263+00:00,2019-01-30 19:39:59.741762683+00:00,NQ.v.0
fomc_20190130,ZN.v.0,data/raw/databento/GLBX.MDP3-mbp-1-71c75a81c25d7313.dbn.zst,available,192770,2019-01-30 18:55:00.000037863+00:00,2019-01-30 19:39:59.923420451+00:00,ZN.v.0
fomc_20190320,ES.v.0,data/raw/databento/GLBX.MDP3-mbp-1-f920875185354ff2.dbn.zst,available,469323,2019-03-20 17:55:00.002325953+00:00,2019-03-20 18:39:59.978970975+00:00,ES.v.0
fomc_20190320,NQ.v.0,data/raw/databento/GLBX.MDP3-mbp-1-f920875185354ff2.dbn.zst,available,561077,2019-03-20 17:55:00.000395521+00:00,2019-03-20 18:39:59.979802833+00:00,NQ.v.0
fomc_20190320,ZN.v.0,data/raw/databento/GLBX.MDP3-mbp-1-f920875185354ff2.dbn.zst,available,228048,2019-03-20 17:55:00.000122563+00:00,2019-03-20 18:39:59.968876257+00:00,ZN.v.0
fomc_20190501,ES.v.0,data/raw/databento/GLBX.MDP3-mbp-1-24ab8286157f0e93.dbn.zst,available,271403,2019-05-01 17:55:00.011294469+00:00,2019-05-01 18:39:59.984091037+00:00,ES.v.0
fomc_20190501,NQ.v.0,data/raw/databento/GLBX.MDP3-mbp-1-24ab8286157f0e93.dbn.zst,available,244404,2019-05-01 17:55:00.000888289+00:00,2019-05-01 18:39:59.987194971+00:00,NQ.v.0
fomc_20190501,ZN.v.0,data/raw/databento/GLBX.MDP3-mbp-1-24ab8286157f0e93.dbn.zst,available,273417,2019-05-01 17:55:00.000129655+00:00,2019-05-01 18:39:59.905823239+00:00,ZN.v.0
fomc_20190619,ES.v.0,data/raw/databento/GLBX.MDP3-mbp-1-bbda281e2b83188f.dbn.zst,available,503883,2019-06-19 17:55:00.000161625+00:00,2019-06-19 18:39:59.958584011+00:00,ES.v.0
fomc_20190619,NQ.v.0,data/raw/databento/GLBX.MDP3-mbp-1-bbda281e2b83188f.dbn.zst,available,516884,2019-06-19 17:55:00.000147849+00:00,2019-06-19 18:39:59.991343111+00:00,NQ.v.0
fomc_20190619,ZN.v.0,data/raw/databento/GLBX.MDP3-mbp-1-bbda281e2b83188f.dbn.zst,available,443805,2019-06-19 17:55:00.000093951+00:00,2019-06-19 18:39:59.900634453+00:00,ZN.v.0
fomc_20190731,ES.v.0,data/raw/databento/GLBX.MDP3-mbp-1-50eb525aa5bab155.dbn.zst,available,577552,2019-07-31 17:55:00.000150851+00:00,2019-07-31 18:39:59.982461035+00:00,ES.v.0
fomc_20190731,NQ.v.0,data/raw/databento/GLBX.MDP3-mbp-1-50eb525aa5bab155.dbn.zst,available,489146,2019-07-31 17:55:00.001666367+00:00,2019-07-31 18:39:59.982367911+00:00,NQ.v.0
fomc_20190731,ZN.v.0,data/raw/databento/GLBX.MDP3-mbp-1-50eb525aa5bab155.dbn.zst,available,266502,2019-07-31 17:55:00.000070513+00:00,2019-07-31 18:39:59.971868009+00:00,ZN.v.0
fomc_20190918,ES.v.0,data/raw/databento/GLBX.MDP3-mbp-1-1d1ab64cd1476d3e.dbn.zst,available,546556,2019-09-18 17:55:00.000131711+00:00,2019-09-18 18:39:59.936174445+00:00,ES.v.0
fomc_20190918,NQ.v.0,data/raw/databento/GLBX.MDP3-mbp-1-1d1ab64cd1476d3e.dbn.zst,available,445232,2019-09-18 17:55:00.036365077+00:00,2019-09-18 18:39:59.947917693+00:00,NQ.v.0
fomc_20190918,ZN.v.0,data/raw/databento/GLBX.MDP3-mbp-1-1d1ab64cd1476d3e.dbn.zst,available,209406,2019-09-18 17:55:00.000138059+00:00,2019-09-18 18:39:59.992110625+00:00,ZN.v.0
fomc_20191030,ES.v.0,data/raw/databento/GLBX.MDP3-mbp-1-afce636936709b28.dbn.zst,available,260529,2019-10-30 17:55:00.010948323+00:00,2019-10-30 18:39:59.943052389+00:00,ES.v.0
fomc_20191030,NQ.v.0,data/raw/databento/GLBX.MDP3-mbp-1-afce636936709b28.dbn.zst,available,261545,2019-10-30 17:55:00.008345313+00:00,2019-10-30 18:39:59.868174083+00:00,NQ.v.0
fomc_20191030,ZN.v.0,data/raw/databento/GLBX.MDP3-mbp-1-afce636936709b28.dbn.zst,available,111576,2019-10-30 17:55:00.000039511+00:00,2019-10-30 18:39:59.988777303+00:00,ZN.v.0
fomc_20191211,ES.v.0,data/raw/databento/GLBX.MDP3-mbp-1-f8e0b2f848b84e86.dbn.zst,available,172604,2019-12-11 18:55:00.000086427+00:00,2019-12-11 19:39:59.980276429+00:00,ES.v.0
fomc_20191211,NQ.v.0,data/raw/databento/GLBX.MDP3-mbp-1-f8e0b2f848b84e86.dbn.zst,available,131505,2019-12-11 18:55:00.001066171+00:00,2019-12-11 19:39:59.999716245+00:00,NQ.v.0
fomc_20191211,ZN.v.0,data/raw/databento/GLBX.MDP3-mbp-1-f8e0b2f848b84e86.dbn.zst,available,84804,2019-12-11 18:55:00.000070489+00:00,2019-12-11 19:39:59.691969365+00:00,ZN.v.0
fomc_20200129,ES.v.0,data/raw/databento/GLBX.MDP3-mbp-1-19de65393312ab67.dbn.zst,available,224033,2020-01-29 18:55:00.011555441+00:00,2020-01-29 19:39:59.872669577+00:00,ES.v.0
fomc_20200129,NQ.v.0,data/raw/databento/GLBX.MDP3-mbp-1-19de65393312ab67.dbn.zst,available,179543,2020-01-29 18:55:00.007647895+00:00,2020-01-29 19:39:59.944709793+00:00,NQ.v.0
fomc_20200129,ZN.v.0,data/raw/databento/GLBX.MDP3-mbp-1-19de65393312ab67.dbn.zst,available,90278,2020-01-29 18:55:00.000100657+00:00,2020-01-29 19:39:59.987859889+00:00,ZN.v.0
fomc_20200429,ES.v.0,data/raw/databento/GLBX.MDP3-mbp-1-7a16be1f2597aa05.dbn.zst,available,317503,2020-04-29 17:55:00.001004025+00:00,2020-04-29 18:39:59.914375969+00:00,ES.v.0
fomc_20200429,NQ.v.0,data/raw/databento/GLBX.MDP3-mbp-1-7a16be1f2597aa05.dbn.zst,available,174673,2020-04-29 17:55:00.026107617+00:00,2020-04-29 18:39:59.999820911+00:00,NQ.v.0
fomc_20200429,ZN.v.0,data/raw/databento/GLBX.MDP3-mbp-1-7a16be1f2597aa05.dbn.zst,available,82168,2020-04-29 17:55:00.000022321+00:00,2020-04-29 18:39:59.688595063+00:00,ZN.v.0
fomc_20200610,ES.v.0,data/raw/databento/GLBX.MDP3-mbp-1-7a898b395b25c635.dbn.zst,available,537817,2020-06-10 17:55:00.000019125+00:00,2020-06-10 18:39:59.998400659+00:00,ES.v.0
fomc_20200610,NQ.v.0,data/raw/databento/GLBX.MDP3-mbp-1-7a898b395b25c635.dbn.zst,available,385788,2020-06-10 17:55:00.000044361+00:00,2020-06-10 18:39:59.997464887+00:00,NQ.v.0
fomc_20200610,ZN.v.0,data/raw/databento/GLBX.MDP3-mbp-1-7a898b395b25c635.dbn.zst,available,174226,2020-06-10 17:55:00.000024349+00:00,2020-06-10 18:39:59.429564767+00:00,ZN.v.0
fomc_20200729,ES.v.0,data/raw/databento/GLBX.MDP3-mbp-1-a7f3f95425d64ab3.dbn.zst,available,297267,2020-07-29 17:55:00.000328497+00:00,2020-07-29 18:39:59.973229379+00:00,ES.v.0
fomc_20200729,NQ.v.0,data/raw/databento/GLBX.MDP3-mbp-1-a7f3f95425d64ab3.dbn.zst,available,191838,2020-07-29 17:55:00.004713639+00:00,2020-07-29 18:39:59.931344621+00:00,NQ.v.0
fomc_20200729,ZN.v.0,data/raw/databento/GLBX.MDP3-mbp-1-a7f3f95425d64ab3.dbn.zst,available,69056,2020-07-29 17:55:00.000030279+00:00,2020-07-29 18:39:59.230610535+00:00,ZN.v.0
fomc_20200916,ES.v.0,data/raw/databento/GLBX.MDP3-mbp-1-7201fb1a21d1372c.dbn.zst,available,405681,2020-09-16 17:55:00.004740171+00:00,2020-09-16 18:39:59.915405937+00:00,ES.v.0
fomc_20200916,NQ.v.0,data/raw/databento/GLBX.MDP3-mbp-1-7201fb1a21d1372c.dbn.zst,available,259730,2020-09-16 17:55:00.004740305+00:00,2020-09-16 18:39:59.983483135+00:00,NQ.v.0
fomc_20200916,ZN.v.0,data/raw/databento/GLBX.MDP3-mbp-1-7201fb1a21d1372c.dbn.zst,available,112319,2020-09-16 17:55:00.000920929+00:00,2020-09-16 18:39:59.714678921+00:00,ZN.v.0
fomc_20201105,ES.v.0,data/raw/databento/GLBX.MDP3-mbp-1-d84514e775658036.dbn.zst,available,243557,2020-11-05 18:55:00.004683889+00:00,2020-11-05 19:39:59.886074149+00:00,ES.v.0
fomc_20201105,NQ.v.0,data/raw/databento/GLBX.MDP3-mbp-1-d84514e775658036.dbn.zst,available,161013,2020-11-05 18:55:00.004684209+00:00,2020-11-05 19:39:59.878008835+00:00,NQ.v.0
fomc_20201105,ZN.v.0,data/raw/databento/GLBX.MDP3-mbp-1-d84514e775658036.dbn.zst,available,70035,2020-11-05 18:55:00.000011533+00:00,2020-11-05 19:39:59.722250171+00:00,ZN.v.0
fomc_20201216,ES.v.0,data/raw/databento/GLBX.MDP3-mbp-1-60a50e72df297a45.dbn.zst,available,457491,2020-12-16 18:55:00.000104159+00:00,2020-12-16 19:39:59.894531667+00:00,ES.v.0
fomc_20201216,NQ.v.0,data/raw/databento/GLBX.MDP3-mbp-1-60a50e72df297a45.dbn.zst,available,300038,2020-12-16 18:55:00.000350251+00:00,2020-12-16 19:39:59.878754929+00:00,NQ.v.0
fomc_20201216,ZN.v.0,data/raw/databento/GLBX.MDP3-mbp-1-60a50e72df297a45.dbn.zst,available,179075,2020-12-16 18:55:00.000017441+00:00,2020-12-16 19:39:59.694323375+00:00,ZN.v.0
fomc_20210127,ES.v.0,data/raw/databento/GLBX.MDP3-mbp-1-a49e6ac1f24c66fe.dbn.zst,available,707456,2021-01-27 18:55:00.000163831+00:00,2021-01-27 19:39:59.987818867+00:00,ES.v.0
fomc_20210127,NQ.v.0,data/raw/databento/GLBX.MDP3-mbp-1-a49e6ac1f24c66fe.dbn.zst,available,400445,2021-01-27 18:55:00.000525727+00:00,2021-01-27 19:39:59.991734869+00:00,NQ.v.0
fomc_20210127,ZN.v.0,data/raw/databento/GLBX.MDP3-mbp-1-a49e6ac1f24c66fe.dbn.zst,available,101681,2021-01-27 18:55:00.000023037+00:00,2021-01-27 19:39:59.733907423+00:00,ZN.v.0
fomc_20210317,ES.v.0,data/raw/databento/GLBX.MDP3-mbp-1-e1153ef7faa472ef.dbn.zst,available,1097439,2021-03-17 17:55:00.004653885+00:00,2021-03-17 18:39:59.988105245+00:00,ES.v.0
fomc_20210317,NQ.v.0,data/raw/databento/GLBX.MDP3-mbp-1-e1153ef7faa472ef.dbn.zst,available,662987,2021-03-17 17:55:00.014749147+00:00,2021-03-17 18:39:59.988400735+00:00,NQ.v.0
fomc_20210317,ZN.v.0,data/raw/databento/GLBX.MDP3-mbp-1-e1153ef7faa472ef.dbn.zst,available,413538,2021-03-17 17:55:00.000542067+00:00,2021-03-17 18:39:59.686371147+00:00,ZN.v.0
fomc_20210428,ES.v.0,data/raw/databento/GLBX.MDP3-mbp-1-3c17495746d4bf0e.dbn.zst,available,541423,2021-04-28 17:55:00.000039197+00:00,2021-04-28 18:39:59.819772183+00:00,ES.v.0
fomc_20210428,NQ.v.0,data/raw/databento/GLBX.MDP3-mbp-1-3c17495746d4bf0e.dbn.zst,available,456124,2021-04-28 17:55:00.000973679+00:00,2021-04-28 18:39:59.653441593+00:00,NQ.v.0
fomc_20210428,ZN.v.0,data/raw/databento/GLBX.MDP3-mbp-1-3c17495746d4bf0e.dbn.zst,available,130743,2021-04-28 17:55:00.000099405+00:00,2021-04-28 18:39:59.902064771+00:00,ZN.v.0
fomc_20210616,ES.v.0,data/raw/databento/GLBX.MDP3-mbp-1-66a6e5fca3035cda.dbn.zst,available,1266189,2021-06-16 17:55:00.000055417+00:00,2021-06-16 18:39:59.998349473+00:00,ES.v.0
fomc_20210616,NQ.v.0,data/raw/databento/GLBX.MDP3-mbp-1-66a6e5fca3035cda.dbn.zst,available,908221,2021-06-16 17:55:00.000550709+00:00,2021-06-16 18:39:59.998443403+00:00,NQ.v.0
fomc_20210616,ZN.v.0,data/raw/databento/GLBX.MDP3-mbp-1-66a6e5fca3035cda.dbn.zst,available,352943,2021-06-16 17:55:00.000072279+00:00,2021-06-16 18:39:59.995704419+00:00,ZN.v.0
fomc_20210728,ES.v.0,data/raw/databento/GLBX.MDP3-mbp-1-380267cbb888b323.dbn.zst,available,454649,2021-07-28 17:55:00.000068601+00:00,2021-07-28 18:39:59.970814273+00:00,ES.v.0
fomc_20210728,NQ.v.0,data/raw/databento/GLBX.MDP3-mbp-1-380267cbb888b323.dbn.zst,available,539727,2021-07-28 17:55:00.002800181+00:00,2021-07-28 18:39:59.994725923+00:00,NQ.v.0
fomc_20210728,ZN.v.0,data/raw/databento/GLBX.MDP3-mbp-1-380267cbb888b323.dbn.zst,available,260155,2021-07-28 17:55:00.000083729+00:00,2021-07-28 18:39:59.992711089+00:00,ZN.v.0
fomc_20210922,ES.v.0,data/raw/databento/GLBX.MDP3-mbp-1-21a30644402a92be.dbn.zst,available,725309,2021-09-22 17:55:00.000579019+00:00,2021-09-22 18:39:59.974690693+00:00,ES.v.0
fomc_20210922,NQ.v.0,data/raw/databento/GLBX.MDP3-mbp-1-21a30644402a92be.dbn.zst,available,742896,2021-09-22 17:55:00.004922689+00:00,2021-09-22 18:39:59.972260137+00:00,NQ.v.0
fomc_20210922,ZN.v.0,data/raw/databento/GLBX.MDP3-mbp-1-21a30644402a92be.dbn.zst,available,272380,2021-09-22 17:55:00.000044019+00:00,2021-09-22 18:39:59.916625621+00:00,ZN.v.0
fomc_20211103,ES.v.0,data/raw/databento/GLBX.MDP3-mbp-1-9b41a4dec34a0746.dbn.zst,available,545503,2021-11-03 17:55:00.000017503+00:00,2021-11-03 18:39:59.998821025+00:00,ES.v.0
fomc_20211103,NQ.v.0,data/raw/databento/GLBX.MDP3-mbp-1-9b41a4dec34a0746.dbn.zst,available,588335,2021-11-03 17:55:00.007859389+00:00,2021-11-03 18:39:59.989131329+00:00,NQ.v.0
fomc_20211103,ZN.v.0,data/raw/databento/GLBX.MDP3-mbp-1-9b41a4dec34a0746.dbn.zst,available,375306,2021-11-03 17:55:00.000056075+00:00,2021-11-03 18:39:59.978544035+00:00,ZN.v.0
fomc_20211215,ES.v.0,data/raw/databento/GLBX.MDP3-mbp-1-1763c0a710786e24.dbn.zst,available,1235042,2021-12-15 18:55:00.000776695+00:00,2021-12-15 19:39:59.999436211+00:00,ES.v.0
fomc_20211215,NQ.v.0,data/raw/databento/GLBX.MDP3-mbp-1-1763c0a710786e24.dbn.zst,available,912550,2021-12-15 18:55:00.007080139+00:00,2021-12-15 19:39:59.999231039+00:00,NQ.v.0
fomc_20211215,ZN.v.0,data/raw/databento/GLBX.MDP3-mbp-1-1763c0a710786e24.dbn.zst,available,207497,2021-12-15 18:55:00.000051957+00:00,2021-12-15 19:39:59.998642651+00:00,ZN.v.0
fomc_20220126,ES.v.0,data/raw/databento/GLBX.MDP3-mbp-1-5795c919a75a9c20.dbn.zst,available,1438346,2022-01-26 18:55:00.000271171+00:00,2022-01-26 19:39:59.993834967+00:00,ES.v.0
fomc_20220126,NQ.v.0,data/raw/databento/GLBX.MDP3-mbp-1-5795c919a75a9c20.dbn.zst,available,845806,2022-01-26 18:55:00.000594495+00:00,2022-01-26 19:39:59.994167437+00:00,NQ.v.0
fomc_20220126,ZN.v.0,data/raw/databento/GLBX.MDP3-mbp-1-5795c919a75a9c20.dbn.zst,available,254270,2022-01-26 18:55:00.000032657+00:00,2022-01-26 19:39:59.996899917+00:00,ZN.v.0
fomc_20220316,ES.v.0,data/raw/databento/GLBX.MDP3-mbp-1-15208a75a98e1a33.dbn.zst,available,907205,2022-03-16 17:55:00.000292697+00:00,2022-03-16 18:39:59.965606853+00:00,ES.v.0
fomc_20220316,NQ.v.0,data/raw/databento/GLBX.MDP3-mbp-1-15208a75a98e1a33.dbn.zst,available,935777,2022-03-16 17:55:00.067132255+00:00,2022-03-16 18:39:59.997489599+00:00,NQ.v.0
fomc_20220316,ZN.v.0,data/raw/databento/GLBX.MDP3-mbp-1-15208a75a98e1a33.dbn.zst,available,291466,2022-03-16 17:55:00.000021039+00:00,2022-03-16 18:39:59.965409017+00:00,ZN.v.0
fomc_20220504,ES.v.0,data/raw/databento/GLBX.MDP3-mbp-1-fe7c8ef19c18fa15.dbn.zst,available,1815457,2022-05-04 17:55:00.004736905+00:00,2022-05-04 18:39:59.957580349+00:00,ES.v.0
fomc_20220504,NQ.v.0,data/raw/databento/GLBX.MDP3-mbp-1-fe7c8ef19c18fa15.dbn.zst,available,1846641,2022-05-04 17:55:00.004844939+00:00,2022-05-04 18:39:59.970213675+00:00,NQ.v.0
fomc_20220504,ZN.v.0,data/raw/databento/GLBX.MDP3-mbp-1-fe7c8ef19c18fa15.dbn.zst,available,235213,2022-05-04 17:55:00.000032013+00:00,2022-05-04 18:39:59.898980731+00:00,ZN.v.0
fomc_20220615,ES.v.0,data/raw/databento/GLBX.MDP3-mbp-1-9323234f2e663c5f.dbn.zst,available,1503361,2022-06-15 17:55:00.000291863+00:00,2022-06-15 18:39:59.998073689+00:00,ES.v.0
fomc_20220615,NQ.v.0,data/raw/databento/GLBX.MDP3-mbp-1-9323234f2e663c5f.dbn.zst,available,1206798,2022-06-15 17:55:00.003101495+00:00,2022-06-15 18:39:59.998366333+00:00,NQ.v.0
fomc_20220615,ZN.v.0,data/raw/databento/GLBX.MDP3-mbp-1-9323234f2e663c5f.dbn.zst,available,220168,2022-06-15 17:55:00.000019343+00:00,2022-06-15 18:39:59.999370089+00:00,ZN.v.0
fomc_20220727,ES.v.0,data/raw/databento/GLBX.MDP3-mbp-1-ef808ce94e2fb2fe.dbn.zst,available,891883,2022-07-27 17:55:00.000009047+00:00,2022-07-27 18:39:59.999821121+00:00,ES.v.0
fomc_20220727,NQ.v.0,data/raw/databento/GLBX.MDP3-mbp-1-ef808ce94e2fb2fe.dbn.zst,available,772716,2022-07-27 17:55:00.015664281+00:00,2022-07-27 18:39:59.999720993+00:00,NQ.v.0
fomc_20220727,ZN.v.0,data/raw/databento/GLBX.MDP3-mbp-1-ef808ce94e2fb2fe.dbn.zst,available,169153,2022-07-27 17:55:00.000025053+00:00,2022-07-27 18:39:59.701652475+00:00,ZN.v.0
fomc_20220921,ES.v.0,data/raw/databento/GLBX.MDP3-mbp-1-5a34e479019519a5.dbn.zst,available,2011994,2022-09-21 17:55:00.001879933+00:00,2022-09-21 18:39:59.995665127+00:00,ES.v.0
fomc_20220921,NQ.v.0,data/raw/databento/GLBX.MDP3-mbp-1-5a34e479019519a5.dbn.zst,available,1619074,2022-09-21 17:55:00.001968401+00:00,2022-09-21 18:39:59.995917345+00:00,NQ.v.0
fomc_20220921,ZN.v.0,data/raw/databento/GLBX.MDP3-mbp-1-5a34e479019519a5.dbn.zst,available,340143,2022-09-21 17:55:00.000025371+00:00,2022-09-21 18:39:59.993943095+00:00,ZN.v.0
fomc_20221102,ES.v.0,data/raw/databento/GLBX.MDP3-mbp-1-956cc16cd049c06b.dbn.zst,available,1857050,2022-11-02 17:55:00.000079063+00:00,2022-11-02 18:39:59.997358383+00:00,ES.v.0
fomc_20221102,NQ.v.0,data/raw/databento/GLBX.MDP3-mbp-1-956cc16cd049c06b.dbn.zst,available,1210839,2022-11-02 17:55:00.000646385+00:00,2022-11-02 18:39:59.997502121+00:00,NQ.v.0
fomc_20221102,ZN.v.0,data/raw/databento/GLBX.MDP3-mbp-1-956cc16cd049c06b.dbn.zst,available,300665,2022-11-02 17:55:00.000021897+00:00,2022-11-02 18:39:59.827124027+00:00,ZN.v.0
fomc_20221214,ES.v.0,data/raw/databento/GLBX.MDP3-mbp-1-92d7943fd887e57b.dbn.zst,available,1260243,2022-12-14 18:55:00.000012917+00:00,2022-12-14 19:39:59.995420143+00:00,ES.v.0
fomc_20221214,NQ.v.0,data/raw/databento/GLBX.MDP3-mbp-1-92d7943fd887e57b.dbn.zst,available,1115893,2022-12-14 18:55:00.000444271+00:00,2022-12-14 19:39:59.995452535+00:00,NQ.v.0
fomc_20221214,ZN.v.0,data/raw/databento/GLBX.MDP3-mbp-1-92d7943fd887e57b.dbn.zst,available,223248,2022-12-14 18:55:00.000022381+00:00,2022-12-14 19:39:59.910486503+00:00,ZN.v.0
fomc_20230201,ES.v.0,data/raw/databento/GLBX.MDP3-mbp-1-6cdbbae7299b9bb5.dbn.zst,available,1267854,2023-02-01 18:55:00.000499733+00:00,2023-02-01 19:39:59.998606451+00:00,ES.v.0
fomc_20230201,NQ.v.0,data/raw/databento/GLBX.MDP3-mbp-1-6cdbbae7299b9bb5.dbn.zst,available,971177,2023-02-01 18:55:00.000069103+00:00,2023-02-01 19:39:59.999297883+00:00,NQ.v.0
fomc_20230201,ZN.v.0,data/raw/databento/GLBX.MDP3-mbp-1-6cdbbae7299b9bb5.dbn.zst,available,212281,2023-02-01 18:55:00.000075037+00:00,2023-02-01 19:39:59.998552187+00:00,ZN.v.0
fomc_20230322,ES.v.0,data/raw/databento/GLBX.MDP3-mbp-1-6386e0baf0471484.dbn.zst,available,1247734,2023-03-22 17:55:00.000536365+00:00,2023-03-22 18:39:59.923906695+00:00,ES.v.0
fomc_20230322,NQ.v.0,data/raw/databento/GLBX.MDP3-mbp-1-6386e0baf0471484.dbn.zst,available,1154124,2023-03-22 17:55:00.000075041+00:00,2023-03-22 18:39:59.938756949+00:00,NQ.v.0
fomc_20230322,ZN.v.0,data/raw/databento/GLBX.MDP3-mbp-1-6386e0baf0471484.dbn.zst,available,348999,2023-03-22 17:55:00.001234609+00:00,2023-03-22 18:39:59.963674759+00:00,ZN.v.0
fomc_20230503,ES.v.0,data/raw/databento/GLBX.MDP3-mbp-1-556b86d248f96c42.dbn.zst,available,938947,2023-05-03 17:55:00.000083615+00:00,2023-05-03 18:39:59.970892917+00:00,ES.v.0
fomc_20230503,NQ.v.0,data/raw/databento/GLBX.MDP3-mbp-1-556b86d248f96c42.dbn.zst,available,993568,2023-05-03 17:55:00.000511967+00:00,2023-05-03 18:39:59.990646327+00:00,NQ.v.0
fomc_20230503,ZN.v.0,data/raw/databento/GLBX.MDP3-mbp-1-556b86d248f96c42.dbn.zst,available,199830,2023-05-03 17:55:00.000036581+00:00,2023-05-03 18:39:59.658099503+00:00,ZN.v.0
fomc_20230614,ES.v.0,data/raw/databento/GLBX.MDP3-mbp-1-08a643ad911831c6.dbn.zst,available,1087937,2023-06-14 17:55:00.000020123+00:00,2023-06-14 18:39:59.966522111+00:00,ES.v.0
fomc_20230614,NQ.v.0,data/raw/databento/GLBX.MDP3-mbp-1-08a643ad911831c6.dbn.zst,available,853214,2023-06-14 17:55:00.125729579+00:00,2023-06-14 18:39:59.967198233+00:00,NQ.v.0
fomc_20230614,ZN.v.0,data/raw/databento/GLBX.MDP3-mbp-1-08a643ad911831c6.dbn.zst,available,361279,2023-06-14 17:55:00.000733411+00:00,2023-06-14 18:39:59.952445543+00:00,ZN.v.0
fomc_20230726,ES.v.0,data/raw/databento/GLBX.MDP3-mbp-1-e0bb0b0683097c2e.dbn.zst,available,617849,2023-07-26 17:55:00.000019179+00:00,2023-07-26 18:39:59.902408273+00:00,ES.v.0
fomc_20230726,NQ.v.0,data/raw/databento/GLBX.MDP3-mbp-1-e0bb0b0683097c2e.dbn.zst,available,761923,2023-07-26 17:55:00.000461139+00:00,2023-07-26 18:39:59.928170063+00:00,NQ.v.0
fomc_20230726,ZN.v.0,data/raw/databento/GLBX.MDP3-mbp-1-e0bb0b0683097c2e.dbn.zst,available,213807,2023-07-26 17:55:00.000011709+00:00,2023-07-26 18:39:59.872416429+00:00,ZN.v.0
fomc_20230920,ES.v.0,data/raw/databento/GLBX.MDP3-mbp-1-f970ed293c1c0221.dbn.zst,available,1036613,2023-09-20 17:55:00.000562763+00:00,2023-09-20 18:39:59.997187845+00:00,ES.v.0
fomc_20230920,NQ.v.0,data/raw/databento/GLBX.MDP3-mbp-1-f970ed293c1c0221.dbn.zst,available,882760,2023-09-20 17:55:00.000893383+00:00,2023-09-20 18:39:59.994640183+00:00,NQ.v.0
fomc_20230920,ZN.v.0,data/raw/databento/GLBX.MDP3-mbp-1-f970ed293c1c0221.dbn.zst,available,323727,2023-09-20 17:55:00.000015317+00:00,2023-09-20 18:39:59.999645919+00:00,ZN.v.0
fomc_20231101,ES.v.0,data/raw/databento/GLBX.MDP3-mbp-1-ac832eebe2d0dab7.dbn.zst,available,1022401,2023-11-01 17:55:00.000022009+00:00,2023-11-01 18:39:59.999663359+00:00,ES.v.0
fomc_20231101,NQ.v.0,data/raw/databento/GLBX.MDP3-mbp-1-ac832eebe2d0dab7.dbn.zst,available,1068394,2023-11-01 17:55:00.000033763+00:00,2023-11-01 18:39:59.999860527+00:00,NQ.v.0
fomc_20231101,ZN.v.0,data/raw/databento/GLBX.MDP3-mbp-1-ac832eebe2d0dab7.dbn.zst,available,269948,2023-11-01 17:55:00.000047147+00:00,2023-11-01 18:39:59.997862105+00:00,ZN.v.0
fomc_20231213,ES.v.0,data/raw/databento/GLBX.MDP3-mbp-1-3a8fe5280dd9a34c.dbn.zst,available,953973,2023-12-13 18:55:00.000029451+00:00,2023-12-13 19:39:59.999892059+00:00,ES.v.0
fomc_20231213,NQ.v.0,data/raw/databento/GLBX.MDP3-mbp-1-3a8fe5280dd9a34c.dbn.zst,available,772798,2023-12-13 18:55:00.000757121+00:00,2023-12-13 19:39:59.999722185+00:00,NQ.v.0
fomc_20231213,ZN.v.0,data/raw/databento/GLBX.MDP3-mbp-1-3a8fe5280dd9a34c.dbn.zst,available,478550,2023-12-13 18:55:00.000044259+00:00,2023-12-13 19:39:59.989129653+00:00,ZN.v.0
fomc_20240131,ES.v.0,data/raw/databento/GLBX.MDP3-mbp-1-84d51bf081e86a1f.dbn.zst,available,972443,2024-01-31 18:55:00.000023091+00:00,2024-01-31 19:39:59.919253381+00:00,ES.v.0
fomc_20240131,NQ.v.0,data/raw/databento/GLBX.MDP3-mbp-1-84d51bf081e86a1f.dbn.zst,available,1019400,2024-01-31 18:55:00.000706003+00:00,2024-01-31 19:39:59.920565739+00:00,NQ.v.0
fomc_20240131,ZN.v.0,data/raw/databento/GLBX.MDP3-mbp-1-84d51bf081e86a1f.dbn.zst,available,456225,2024-01-31 18:55:00.000016909+00:00,2024-01-31 19:39:59.910843553+00:00,ZN.v.0
fomc_20240320,ES.v.0,data/raw/databento/GLBX.MDP3-mbp-1-0c15a3eda3d97a5b.dbn.zst,available,985519,2024-03-20 17:55:00.000023247+00:00,2024-03-20 18:39:59.976839529+00:00,ES.v.0
fomc_20240320,NQ.v.0,data/raw/databento/GLBX.MDP3-mbp-1-0c15a3eda3d97a5b.dbn.zst,available,1223441,2024-03-20 17:55:00.000514709+00:00,2024-03-20 18:39:59.985386319+00:00,NQ.v.0
fomc_20240320,ZN.v.0,data/raw/databento/GLBX.MDP3-mbp-1-0c15a3eda3d97a5b.dbn.zst,available,528895,2024-03-20 17:55:00.000016367+00:00,2024-03-20 18:39:59.943019547+00:00,ZN.v.0
fomc_20240501,ES.v.0,data/raw/databento/GLBX.MDP3-mbp-1-2443ececb8abe98a.dbn.zst,available,1190763,2024-05-01 17:55:00.000023465+00:00,2024-05-01 18:39:59.999354239+00:00,ES.v.0
fomc_20240501,NQ.v.0,data/raw/databento/GLBX.MDP3-mbp-1-2443ececb8abe98a.dbn.zst,available,1276066,2024-05-01 17:55:00.000868903+00:00,2024-05-01 18:39:59.999507379+00:00,NQ.v.0
fomc_20240501,ZN.v.0,data/raw/databento/GLBX.MDP3-mbp-1-2443ececb8abe98a.dbn.zst,available,413807,2024-05-01 17:55:00.000011723+00:00,2024-05-01 18:39:59.997311237+00:00,ZN.v.0
fomc_20240612,ES.v.0,data/raw/databento/GLBX.MDP3-mbp-1-c836eaf61d489309.dbn.zst,available,903624,2024-06-12 17:55:00.000023655+00:00,2024-06-12 18:39:59.996405481+00:00,ES.v.0
fomc_20240612,NQ.v.0,data/raw/databento/GLBX.MDP3-mbp-1-c836eaf61d489309.dbn.zst,available,896194,2024-06-12 17:55:00.000589313+00:00,2024-06-12 18:39:59.998532721+00:00,NQ.v.0
fomc_20240612,ZN.v.0,data/raw/databento/GLBX.MDP3-mbp-1-c836eaf61d489309.dbn.zst,available,393658,2024-06-12 17:55:00.000015481+00:00,2024-06-12 18:39:59.981247775+00:00,ZN.v.0
fomc_20240731,ES.v.0,data/raw/databento/GLBX.MDP3-mbp-1-f4fd5c02211e2110.dbn.zst,available,773728,2024-07-31 17:55:00.000019945+00:00,2024-07-31 18:39:59.987229417+00:00,ES.v.0
fomc_20240731,NQ.v.0,data/raw/databento/GLBX.MDP3-mbp-1-f4fd5c02211e2110.dbn.zst,available,660903,2024-07-31 17:55:00.000286335+00:00,2024-07-31 18:39:59.987772973+00:00,NQ.v.0
fomc_20240731,ZN.v.0,data/raw/databento/GLBX.MDP3-mbp-1-f4fd5c02211e2110.dbn.zst,available,341153,2024-07-31 17:55:00.000031619+00:00,2024-07-31 18:39:59.996895749+00:00,ZN.v.0
fomc_20240918,ES.v.0,data/raw/databento/GLBX.MDP3-mbp-1-d1d2e04e81989ae6.dbn.zst,degraded,1069115,2024-09-18 17:55:00.000018123+00:00,2024-09-18 18:39:59.994749961+00:00,ES.v.0
fomc_20240918,NQ.v.0,data/raw/databento/GLBX.MDP3-mbp-1-d1d2e04e81989ae6.dbn.zst,degraded,1218752,2024-09-18 17:55:00.000313245+00:00,2024-09-18 18:39:59.996697673+00:00,NQ.v.0
fomc_20240918,ZN.v.0,data/raw/databento/GLBX.MDP3-mbp-1-d1d2e04e81989ae6.dbn.zst,degraded,469906,2024-09-18 17:55:00.000053153+00:00,2024-09-18 18:39:59.827374891+00:00,ZN.v.0
fomc_20241107,ES.v.0,data/raw/databento/GLBX.MDP3-mbp-1-05e38c44f1eaac62.dbn.zst,available,299216,2024-11-07 18:54:59.999913521+00:00,2024-11-07 19:39:59.979953029+00:00,ES.v.0
fomc_20241107,NQ.v.0,data/raw/databento/GLBX.MDP3-mbp-1-05e38c44f1eaac62.dbn.zst,available,320824,2024-11-07 18:54:59.999731375+00:00,2024-11-07 19:39:59.987953669+00:00,NQ.v.0
fomc_20241107,ZN.v.0,data/raw/databento/GLBX.MDP3-mbp-1-05e38c44f1eaac62.dbn.zst,available,195570,2024-11-07 18:55:00.000073611+00:00,2024-11-07 19:39:59.861395537+00:00,ZN.v.0
fomc_20241218,ES.v.0,data/raw/databento/GLBX.MDP3-mbp-1-057289b682d382fe.dbn.zst,available,1333024,2024-12-18 18:55:00.000019657+00:00,2024-12-18 19:39:59.976181793+00:00,ES.v.0
fomc_20241218,NQ.v.0,data/raw/databento/GLBX.MDP3-mbp-1-057289b682d382fe.dbn.zst,available,559196,2024-12-18 18:55:00.001012451+00:00,2024-12-18 19:39:59.993813025+00:00,NQ.v.0
fomc_20241218,ZN.v.0,data/raw/databento/GLBX.MDP3-mbp-1-057289b682d382fe.dbn.zst,available,365395,2024-12-18 18:55:00.000073965+00:00,2024-12-18 19:39:59.944132899+00:00,ZN.v.0
fomc_20250129,ES.v.0,data/raw/databento/GLBX.MDP3-mbp-1-d80105adbde34f82.dbn.zst,available,759177,2025-01-29 18:55:00.000021737+00:00,2025-01-29 19:39:59.984955993+00:00,ES.v.0
fomc_20250129,NQ.v.0,data/raw/databento/GLBX.MDP3-mbp-1-d80105adbde34f82.dbn.zst,available,791992,2025-01-29 18:55:00.000903213+00:00,2025-01-29 19:39:59.986078261+00:00,NQ.v.0
fomc_20250129,ZN.v.0,data/raw/databento/GLBX.MDP3-mbp-1-d80105adbde34f82.dbn.zst,available,245875,2025-01-29 18:55:00.000055233+00:00,2025-01-29 19:39:59.851114725+00:00,ZN.v.0
fomc_20250319,ES.v.0,data/raw/databento/GLBX.MDP3-mbp-1-cb4c41ea4b388332.dbn.zst,available,837536,2025-03-19 17:55:00.000024039+00:00,2025-03-19 18:39:59.994024651+00:00,ES.v.0
fomc_20250319,NQ.v.0,data/raw/databento/GLBX.MDP3-mbp-1-cb4c41ea4b388332.dbn.zst,available,726976,2025-03-19 17:55:00.000934825+00:00,2025-03-19 18:39:59.994567033+00:00,NQ.v.0
fomc_20250319,ZN.v.0,data/raw/databento/GLBX.MDP3-mbp-1-cb4c41ea4b388332.dbn.zst,available,280391,2025-03-19 17:55:00.000012663+00:00,2025-03-19 18:39:59.998072193+00:00,ZN.v.0
fomc_20250507,ES.v.0,data/raw/databento/GLBX.MDP3-mbp-1-52ea1190f80de87e.dbn.zst,available,950607,2025-05-07 17:55:00.000044431+00:00,2025-05-07 18:39:59.992580427+00:00,ES.v.0
fomc_20250507,NQ.v.0,data/raw/databento/GLBX.MDP3-mbp-1-52ea1190f80de87e.dbn.zst,available,1026034,2025-05-07 17:55:00.000926205+00:00,2025-05-07 18:39:59.992757051+00:00,NQ.v.0
fomc_20250507,ZN.v.0,data/raw/databento/GLBX.MDP3-mbp-1-52ea1190f80de87e.dbn.zst,available,184062,2025-05-07 17:55:00.000047691+00:00,2025-05-07 18:39:59.955855191+00:00,ZN.v.0
fomc_20250618,ES.v.0,data/raw/databento/GLBX.MDP3-mbp-1-8991611fc300d197.dbn.zst,available,526212,2025-06-18 17:55:00.000021693+00:00,2025-06-18 18:39:59.997340699+00:00,ES.v.0
fomc_20250618,NQ.v.0,data/raw/databento/GLBX.MDP3-mbp-1-8991611fc300d197.dbn.zst,available,698042,2025-06-18 17:55:00.000801781+00:00,2025-06-18 18:39:59.997961091+00:00,NQ.v.0
fomc_20250618,ZN.v.0,data/raw/databento/GLBX.MDP3-mbp-1-8991611fc300d197.dbn.zst,available,265549,2025-06-18 17:55:00.000020819+00:00,2025-06-18 18:39:59.892053925+00:00,ZN.v.0
fomc_20250730,ES.v.0,data/raw/databento/GLBX.MDP3-mbp-1-fd84443898bd4f17.dbn.zst,available,503177,2025-07-30 17:55:00.000022807+00:00,2025-07-30 18:39:59.900845677+00:00,ES.v.0
fomc_20250730,NQ.v.0,data/raw/databento/GLBX.MDP3-mbp-1-fd84443898bd4f17.dbn.zst,available,475323,2025-07-30 17:55:00.000766181+00:00,2025-07-30 18:39:59.923064339+00:00,NQ.v.0
fomc_20250730,ZN.v.0,data/raw/databento/GLBX.MDP3-mbp-1-fd84443898bd4f17.dbn.zst,available,284063,2025-07-30 17:55:00.000014863+00:00,2025-07-30 18:39:59.999584929+00:00,ZN.v.0
fomc_20250917,ES.v.0,data/raw/databento/GLBX.MDP3-mbp-1-e8ad8242cae235ff.dbn.zst,available,1698926,2025-09-17 17:55:00.000021157+00:00,2025-09-17 18:39:59.994138919+00:00,ES.v.0
fomc_20250917,NQ.v.0,data/raw/databento/GLBX.MDP3-mbp-1-e8ad8242cae235ff.dbn.zst,available,1250108,2025-09-17 17:55:00.001074881+00:00,2025-09-17 18:39:59.999033161+00:00,NQ.v.0
fomc_20250917,ZN.v.0,data/raw/databento/GLBX.MDP3-mbp-1-e8ad8242cae235ff.dbn.zst,available,466386,2025-09-17 17:55:00.000011825+00:00,2025-09-17 18:39:59.993446381+00:00,ZN.v.0
fomc_20251029,ES.v.0,data/raw/databento/GLBX.MDP3-mbp-1-50d534f427a22e76.dbn.zst,available,1018289,2025-10-29 17:55:00.007354437+00:00,2025-10-29 18:39:59.976416351+00:00,ES.v.0
fomc_20251029,NQ.v.0,data/raw/databento/GLBX.MDP3-mbp-1-50d534f427a22e76.dbn.zst,available,1015403,2025-10-29 17:55:00.004194277+00:00,2025-10-29 18:39:59.979645943+00:00,NQ.v.0
fomc_20251029,ZN.v.0,data/raw/databento/GLBX.MDP3-mbp-1-50d534f427a22e76.dbn.zst,available,378252,2025-10-29 17:55:00.000019843+00:00,2025-10-29 18:39:59.968348231+00:00,ZN.v.0
fomc_20251210,ES.v.0,data/raw/databento/GLBX.MDP3-mbp-1-b55f3826fcb29c54.dbn.zst,available,1163848,2025-12-10 18:55:00.020794783+00:00,2025-12-10 19:39:59.922661861+00:00,ES.v.0
fomc_20251210,NQ.v.0,data/raw/databento/GLBX.MDP3-mbp-1-b55f3826fcb29c54.dbn.zst,available,1377706,2025-12-10 18:55:00.020697641+00:00,2025-12-10 19:39:59.978609551+00:00,NQ.v.0
fomc_20251210,ZN.v.0,data/raw/databento/GLBX.MDP3-mbp-1-b55f3826fcb29c54.dbn.zst,available,434820,2025-12-10 18:55:00.000023353+00:00,2025-12-10 19:39:59.918757067+00:00,ZN.v.0
fomc_20260128,ES.v.0,data/raw/databento/GLBX.MDP3-mbp-1-4d69cf00c3813949.dbn.zst,available,613602,2026-01-28 18:55:00.004138367+00:00,2026-01-28 19:39:59.999753555+00:00,ES.v.0
fomc_20260128,NQ.v.0,data/raw/databento/GLBX.MDP3-mbp-1-4d69cf00c3813949.dbn.zst,available,883360,2026-01-28 18:55:00.004264059+00:00,2026-01-28 19:39:59.999241559+00:00,NQ.v.0
fomc_20260128,ZN.v.0,data/raw/databento/GLBX.MDP3-mbp-1-4d69cf00c3813949.dbn.zst,available,164288,2026-01-28 18:55:00.000014627+00:00,2026-01-28 19:39:59.526648803+00:00,ZN.v.0
fomc_20260318,ES.v.0,data/raw/databento/GLBX.MDP3-mbp-1-873976d282d555d4.dbn.zst,available,862050,2026-03-18 17:55:00.001518387+00:00,2026-03-18 18:39:59.994053515+00:00,ES.v.0
fomc_20260318,NQ.v.0,data/raw/databento/GLBX.MDP3-mbp-1-873976d282d555d4.dbn.zst,available,766013,2026-03-18 17:55:00.000733177+00:00,2026-03-18 18:39:59.957454373+00:00,NQ.v.0
fomc_20260318,ZN.v.0,data/raw/databento/GLBX.MDP3-mbp-1-873976d282d555d4.dbn.zst,available,217814,2026-03-18 17:55:00.000011709+00:00,2026-03-18 18:39:59.795409851+00:00,ZN.v.0
fomc_20260429,ES.v.0,data/raw/databento/GLBX.MDP3-mbp-1-7d942d1566578420.dbn.zst,available,540243,2026-04-29 17:55:00.000341311+00:00,2026-04-29 18:39:59.985304375+00:00,ES.v.0
fomc_20260429,NQ.v.0,data/raw/databento/GLBX.MDP3-mbp-1-7d942d1566578420.dbn.zst,available,633943,2026-04-29 17:55:00.001328443+00:00,2026-04-29 18:39:59.985222583+00:00,NQ.v.0
fomc_20260429,ZN.v.0,data/raw/databento/GLBX.MDP3-mbp-1-7d942d1566578420.dbn.zst,available,356627,2026-04-29 17:55:00.000012889+00:00,2026-04-29 18:39:59.997122995+00:00,ZN.v.0
fomc_20260617,ES.v.0,data/raw/databento/GLBX.MDP3-mbp-1-222384e6798430fa.dbn.zst,available,1941929,2026-06-17 17:55:00.002845541+00:00,2026-06-17 18:39:59.988987959+00:00,ES.v.0
fomc_20260617,NQ.v.0,data/raw/databento/GLBX.MDP3-mbp-1-222384e6798430fa.dbn.zst,available,1786091,2026-06-17 17:55:00.040447381+00:00,2026-06-17 18:39:59.989079775+00:00,NQ.v.0
fomc_20260617,ZN.v.0,data/raw/databento/GLBX.MDP3-mbp-1-222384e6798430fa.dbn.zst,available,631374,2026-06-17 17:55:00.000029803+00:00,2026-06-17 18:39:59.994819535+00:00,ZN.v.0
fomc_20260729,ES.v.0,data/raw/databento/GLBX.MDP3-mbp-1-deffd57bc251585d.dbn.zst,available,1146471,2026-07-29 17:55:00.000437771+00:00,2026-07-29 18:39:59.993217471+00:00,ES.v.0
fomc_20260729,NQ.v.0,data/raw/databento/GLBX.MDP3-mbp-1-deffd57bc251585d.dbn.zst,available,1613535,2026-07-29 17:55:00.002975767+00:00,2026-07-29 18:39:59.993315521+00:00,NQ.v.0
fomc_20260729,ZN.v.0,data/raw/databento/GLBX.MDP3-mbp-1-deffd57bc251585d.dbn.zst,available,580835,2026-07-29 17:55:00.000032481+00:00,2026-07-29 18:39:59.955085453+00:00,ZN.v.0
fomc_20260916,ES.v.0,data/raw/databento/GLBX.MDP3-mbp-1-fb9ebcd065201e6d.dbn.zst,available,1387188,2026-09-16 17:55:00.001170727+00:00,2026-09-16 18:39:59.984874861+00:00,ES.v.0
fomc_20260916,NQ.v.0,data/raw/databento/GLBX.MDP3-mbp-1-fb9ebcd065201e6d.dbn.zst,available,1390323,2026-09-16 17:55:00.003151543+00:00,2026-09-16 18:39:59.995990979+00:00,NQ.v.0
fomc_20260916,ZN.v.0,data/raw/databento/GLBX.MDP3-mbp-1-fb9ebcd065201e6d.dbn.zst,available,580675,2026-09-16 17:55:00.000023021+00:00,2026-09-16 18:39:59.948280835+00:00,ZN.v.0
