event_id,event_date,scheduled_time_et,scheduled_time_utc,reference_period,source_agency,event_name,representation_class,concurrent_release,authoritative_source_url,calendar_retrieved_utc,release_status,request_start_utc,request_end_utc
cpi_20150116,2015-01-16,2015-01-16T08:30:00-05:00,2015-01-16T13:30:00Z,December 2014,BLS,Consumer Price Index for December 2014,scalar_numeric,Real Earnings,https://www.bls.gov/schedule/2015/home.htm,2026-09-30T22:23:53.663251+00:00,released,2015-01-16T13:25:00+00:00,2015-01-16T13:36:00+00:00
cpi_20150226,2015-02-26,2015-02-26T08:30:00-05:00,2015-02-26T13:30:00Z,January 2015,BLS,Consumer Price Index for January 2015,scalar_numeric,Real Earnings,https://www.bls.gov/schedule/2015/home.htm,2026-09-30T22:23:53.665088+00:00,released,2015-02-26T13:25:00+00:00,2015-02-26T13:36:00+00:00
cpi_20150324,2015-03-24,2015-03-24T08:30:00-04:00,2015-03-24T12:30:00Z,February 2015,BLS,Consumer Price Index for February 2015,scalar_numeric,Real Earnings,https://www.bls.gov/schedule/2015/home.htm,2026-09-30T22:23:53.665205+00:00,released,2015-03-24T12:25:00+00:00,2015-03-24T12:36:00+00:00
cpi_20150417,2015-04-17,2015-04-17T08:30:00-04:00,2015-04-17T12:30:00Z,March 2015,BLS,Consumer Price Index for March 2015,scalar_numeric,Real Earnings,https://www.bls.gov/schedule/2015/home.htm,2026-09-30T22:23:53.665298+00:00,released,2015-04-17T12:25:00+00:00,2015-04-17T12:36:00+00:00
cpi_20150522,2015-05-22,2015-05-22T08:30:00-04:00,2015-05-22T12:30:00Z,April 2015,BLS,Consumer Price Index for April 2015,scalar_numeric,Real Earnings,https://www.bls.gov/schedule/2015/home.htm,2026-09-30T22:23:53.665387+00:00,released,2015-05-22T12:25:00+00:00,2015-05-22T12:36:00+00:00
cpi_20150618,2015-06-18,2015-06-18T08:30:00-04:00,2015-06-18T12:30:00Z,May 2015,BLS,Consumer Price Index for May 2015,scalar_numeric,Real Earnings,https://www.bls.gov/schedule/2015/home.htm,2026-09-30T22:23:53.665465+00:00,released,2015-06-18T12:25:00+00:00,2015-06-18T12:36:00+00:00
cpi_20150717,2015-07-17,2015-07-17T08:30:00-04:00,2015-07-17T12:30:00Z,June 2015,BLS,Consumer Price Index for June 2015,scalar_numeric,Real Earnings,https://www.bls.gov/schedule/2015/home.htm,2026-09-30T22:23:53.665532+00:00,released,2015-07-17T12:25:00+00:00,2015-07-17T12:36:00+00:00
cpi_20150819,2015-08-19,2015-08-19T08:30:00-04:00,2015-08-19T12:30:00Z,July 2015,BLS,Consumer Price Index for July 2015,scalar_numeric,Real Earnings,https://www.bls.gov/schedule/2015/home.htm,2026-09-30T22:23:53.665617+00:00,released,2015-08-19T12:25:00+00:00,2015-08-19T12:36:00+00:00
cpi_20150916,2015-09-16,2015-09-16T08:30:00-04:00,2015-09-16T12:30:00Z,August 2015,BLS,Consumer Price Index for August 2015,scalar_numeric,Real Earnings,https://www.bls.gov/schedule/2015/home.htm,2026-09-30T22:23:53.665687+00:00,released,2015-09-16T12:25:00+00:00,2015-09-16T12:36:00+00:00
cpi_20151015,2015-10-15,2015-10-15T08:30:00-04:00,2015-10-15T12:30:00Z,September 2015,BLS,Consumer Price Index for September 2015,scalar_numeric,Real Earnings,https://www.bls.gov/schedule/2015/home.htm,2026-09-30T22:23:53.665758+00:00,released,2015-10-15T12:25:00+00:00,2015-10-15T12:36:00+00:00
cpi_20151117,2015-11-17,2015-11-17T08:30:00-05:00,2015-11-17T13:30:00Z,October 2015,BLS,Consumer Price Index for October 2015,scalar_numeric,Real Earnings,https://www.bls.gov/schedule/2015/home.htm,2026-09-30T22:23:53.665839+00:00,released,2015-11-17T13:25:00+00:00,2015-11-17T13:36:00+00:00
cpi_20151215,2015-12-15,2015-12-15T08:30:00-05:00,2015-12-15T13:30:00Z,November 2015,BLS,Consumer Price Index for November 2015,scalar_numeric,Real Earnings,https://www.bls.gov/schedule/2015/home.htm,2026-09-30T22:23:53.665921+00:00,released,2015-12-15T13:25:00+00:00,2015-12-15T13:36:00+00:00
cpi_20160120,2016-01-20,2016-01-20T08:30:00-05:00,2016-01-20T13:30:00Z,December 2015,BLS,Consumer Price Index for December 2015,scalar_numeric,Real Earnings,https://www.bls.gov/schedule/2016/home.htm,2026-09-30T22:23:53.905461+00:00,released,2016-01-20T13:25:00+00:00,2016-01-20T13:36:00+00:00
cpi_20160219,2016-02-19,2016-02-19T08:30:00-05:00,2016-02-19T13:30:00Z,January 2016,BLS,Consumer Price Index for January 2016,scalar_numeric,Real Earnings,https://www.bls.gov/schedule/2016/home.htm,2026-09-30T22:23:53.905675+00:00,released,2016-02-19T13:25:00+00:00,2016-02-19T13:36:00+00:00
cpi_20160316,2016-03-16,2016-03-16T08:30:00-04:00,2016-03-16T12:30:00Z,February 2016,BLS,Consumer Price Index for February 2016,scalar_numeric,Real Earnings,https://www.bls.gov/schedule/2016/home.htm,2026-09-30T22:23:53.905764+00:00,released,2016-03-16T12:25:00+00:00,2016-03-16T12:36:00+00:00
cpi_20160414,2016-04-14,2016-04-14T08:30:00-04:00,2016-04-14T12:30:00Z,March 2016,BLS,Consumer Price Index for March 2016,scalar_numeric,Real Earnings,https://www.bls.gov/schedule/2016/home.htm,2026-09-30T22:23:53.905857+00:00,released,2016-04-14T12:25:00+00:00,2016-04-14T12:36:00+00:00
cpi_20160517,2016-05-17,2016-05-17T08:30:00-04:00,2016-05-17T12:30:00Z,April 2016,BLS,Consumer Price Index for April 2016,scalar_numeric,Real Earnings,https://www.bls.gov/schedule/2016/home.htm,2026-09-30T22:23:53.905942+00:00,released,2016-05-17T12:25:00+00:00,2016-05-17T12:36:00+00:00
cpi_20160616,2016-06-16,2016-06-16T08:30:00-04:00,2016-06-16T12:30:00Z,May 2016,BLS,Consumer Price Index for May 2016,scalar_numeric,Real Earnings,https://www.bls.gov/schedule/2016/home.htm,2026-09-30T22:23:53.906023+00:00,released,2016-06-16T12:25:00+00:00,2016-06-16T12:36:00+00:00
cpi_20160715,2016-07-15,2016-07-15T08:30:00-04:00,2016-07-15T12:30:00Z,June 2016,BLS,Consumer Price Index for June 2016,scalar_numeric,Real Earnings,https://www.bls.gov/schedule/2016/home.htm,2026-09-30T22:23:53.906095+00:00,released,2016-07-15T12:25:00+00:00,2016-07-15T12:36:00+00:00
cpi_20160816,2016-08-16,2016-08-16T08:30:00-04:00,2016-08-16T12:30:00Z,July 2016,BLS,Consumer Price Index for July 2016,scalar_numeric,Real Earnings,https://www.bls.gov/schedule/2016/home.htm,2026-09-30T22:23:53.906194+00:00,released,2016-08-16T12:25:00+00:00,2016-08-16T12:36:00+00:00
cpi_20160916,2016-09-16,2016-09-16T08:30:00-04:00,2016-09-16T12:30:00Z,August 2016,BLS,Consumer Price Index for August 2016,scalar_numeric,Real Earnings,https://www.bls.gov/schedule/2016/home.htm,2026-09-30T22:23:53.906277+00:00,released,2016-09-16T12:25:00+00:00,2016-09-16T12:36:00+00:00
cpi_20161018,2016-10-18,2016-10-18T08:30:00-04:00,2016-10-18T12:30:00Z,September 2016,BLS,Consumer Price Index for September 2016,scalar_numeric,Real Earnings,https://www.bls.gov/schedule/2016/home.htm,2026-09-30T22:23:53.906347+00:00,released,2016-10-18T12:25:00+00:00,2016-10-18T12:36:00+00:00
cpi_20161117,2016-11-17,2016-11-17T08:30:00-05:00,2016-11-17T13:30:00Z,October 2016,BLS,Consumer Price Index for October 2016,scalar_numeric,Real Earnings,https://www.bls.gov/schedule/2016/home.htm,2026-09-30T22:23:53.906427+00:00,released,2016-11-17T13:25:00+00:00,2016-11-17T13:36:00+00:00
cpi_20161215,2016-12-15,2016-12-15T08:30:00-05:00,2016-12-15T13:30:00Z,November 2016,BLS,Consumer Price Index for November 2016,scalar_numeric,Real Earnings,https://www.bls.gov/schedule/2016/home.htm,2026-09-30T22:23:53.906502+00:00,released,2016-12-15T13:25:00+00:00,2016-12-15T13:36:00+00:00
cpi_20170118,2017-01-18,2017-01-18T08:30:00-05:00,2017-01-18T13:30:00Z,December 2016,BLS,Consumer Price Index for December 2016,scalar_numeric,Real Earnings,https://www.bls.gov/schedule/2017/home.htm,2026-09-30T22:23:54.113809+00:00,released,2017-01-18T13:25:00+00:00,2017-01-18T13:36:00+00:00
cpi_20170215,2017-02-15,2017-02-15T08:30:00-05:00,2017-02-15T13:30:00Z,January 2017,BLS,Consumer Price Index for January 2017,scalar_numeric,Real Earnings,https://www.bls.gov/schedule/2017/home.htm,2026-09-30T22:23:54.114074+00:00,released,2017-02-15T13:25:00+00:00,2017-02-15T13:36:00+00:00
cpi_20170315,2017-03-15,2017-03-15T08:30:00-04:00,2017-03-15T12:30:00Z,February 2017,BLS,Consumer Price Index for February 2017,scalar_numeric,Real Earnings,https://www.bls.gov/schedule/2017/home.htm,2026-09-30T22:23:54.114246+00:00,released,2017-03-15T12:25:00+00:00,2017-03-15T12:36:00+00:00
cpi_20170414,2017-04-14,2017-04-14T08:30:00-04:00,2017-04-14T12:30:00Z,March 2017,BLS,Consumer Price Index for March 2017,scalar_numeric,Real Earnings,https://www.bls.gov/schedule/2017/home.htm,2026-09-30T22:23:54.114427+00:00,released,2017-04-14T12:25:00+00:00,2017-04-14T12:36:00+00:00
cpi_20170512,2017-05-12,2017-05-12T08:30:00-04:00,2017-05-12T12:30:00Z,April 2017,BLS,Consumer Price Index for April 2017,scalar_numeric,Real Earnings,https://www.bls.gov/schedule/2017/home.htm,2026-09-30T22:23:54.114616+00:00,released,2017-05-12T12:25:00+00:00,2017-05-12T12:36:00+00:00
cpi_20170614,2017-06-14,2017-06-14T08:30:00-04:00,2017-06-14T12:30:00Z,May 2017,BLS,Consumer Price Index for May 2017,scalar_numeric,Real Earnings,https://www.bls.gov/schedule/2017/home.htm,2026-09-30T22:23:54.114786+00:00,released,2017-06-14T12:25:00+00:00,2017-06-14T12:36:00+00:00
cpi_20170714,2017-07-14,2017-07-14T08:30:00-04:00,2017-07-14T12:30:00Z,June 2017,BLS,Consumer Price Index for June 2017,scalar_numeric,Real Earnings,https://www.bls.gov/schedule/2017/home.htm,2026-09-30T22:23:54.114950+00:00,released,2017-07-14T12:25:00+00:00,2017-07-14T12:36:00+00:00
cpi_20170811,2017-08-11,2017-08-11T08:30:00-04:00,2017-08-11T12:30:00Z,July 2017,BLS,Consumer Price Index for July 2017,scalar_numeric,Real Earnings,https://www.bls.gov/schedule/2017/home.htm,2026-09-30T22:23:54.115083+00:00,released,2017-08-11T12:25:00+00:00,2017-08-11T12:36:00+00:00
cpi_20170914,2017-09-14,2017-09-14T08:30:00-04:00,2017-09-14T12:30:00Z,August 2017,BLS,Consumer Price Index for August 2017,scalar_numeric,Real Earnings,https://www.bls.gov/schedule/2017/home.htm,2026-09-30T22:23:54.115206+00:00,released,2017-09-14T12:25:00+00:00,2017-09-14T12:36:00+00:00
cpi_20171013,2017-10-13,2017-10-13T08:30:00-04:00,2017-10-13T12:30:00Z,September 2017,BLS,Consumer Price Index for September 2017,scalar_numeric,Real Earnings,https://www.bls.gov/schedule/2017/home.htm,2026-09-30T22:23:54.115310+00:00,released,2017-10-13T12:25:00+00:00,2017-10-13T12:36:00+00:00
cpi_20171115,2017-11-15,2017-11-15T08:30:00-05:00,2017-11-15T13:30:00Z,October 2017,BLS,Consumer Price Index for October 2017,scalar_numeric,Real Earnings,https://www.bls.gov/schedule/2017/home.htm,2026-09-30T22:23:54.115431+00:00,released,2017-11-15T13:25:00+00:00,2017-11-15T13:36:00+00:00
cpi_20171213,2017-12-13,2017-12-13T08:30:00-05:00,2017-12-13T13:30:00Z,November 2017,BLS,Consumer Price Index for November 2017,scalar_numeric,Real Earnings,https://www.bls.gov/schedule/2017/home.htm,2026-09-30T22:23:54.115544+00:00,released,2017-12-13T13:25:00+00:00,2017-12-13T13:36:00+00:00
cpi_20180112,2018-01-12,2018-01-12T08:30:00-05:00,2018-01-12T13:30:00Z,December 2017,BLS,Consumer Price Index for December 2017,scalar_numeric,Real Earnings,https://www.bls.gov/schedule/2018/home.htm,2026-09-30T22:23:54.286977+00:00,released,2018-01-12T13:25:00+00:00,2018-01-12T13:36:00+00:00
cpi_20180214,2018-02-14,2018-02-14T08:30:00-05:00,2018-02-14T13:30:00Z,January 2018,BLS,Consumer Price Index for January 2018,scalar_numeric,Real Earnings,https://www.bls.gov/schedule/2018/home.htm,2026-09-30T22:23:54.287253+00:00,released,2018-02-14T13:25:00+00:00,2018-02-14T13:36:00+00:00
cpi_20180313,2018-03-13,2018-03-13T08:30:00-04:00,2018-03-13T12:30:00Z,February 2018,BLS,Consumer Price Index for February 2018,scalar_numeric,Real Earnings,https://www.bls.gov/schedule/2018/home.htm,2026-09-30T22:23:54.287420+00:00,released,2018-03-13T12:25:00+00:00,2018-03-13T12:36:00+00:00
cpi_20180411,2018-04-11,2018-04-11T08:30:00-04:00,2018-04-11T12:30:00Z,March 2018,BLS,Consumer Price Index for March 2018,scalar_numeric,Real Earnings,https://www.bls.gov/schedule/2018/home.htm,2026-09-30T22:23:54.287528+00:00,released,2018-04-11T12:25:00+00:00,2018-04-11T12:36:00+00:00
cpi_20180510,2018-05-10,2018-05-10T08:30:00-04:00,2018-05-10T12:30:00Z,April 2018,BLS,Consumer Price Index for April 2018,scalar_numeric,Real Earnings,https://www.bls.gov/schedule/2018/home.htm,2026-09-30T22:23:54.287649+00:00,released,2018-05-10T12:25:00+00:00,2018-05-10T12:36:00+00:00
cpi_20180612,2018-06-12,2018-06-12T08:30:00-04:00,2018-06-12T12:30:00Z,May 2018,BLS,Consumer Price Index for May 2018,scalar_numeric,Real Earnings,https://www.bls.gov/schedule/2018/home.htm,2026-09-30T22:23:54.287753+00:00,released,2018-06-12T12:25:00+00:00,2018-06-12T12:36:00+00:00
cpi_20180712,2018-07-12,2018-07-12T08:30:00-04:00,2018-07-12T12:30:00Z,June 2018,BLS,Consumer Price Index for June 2018,scalar_numeric,Real Earnings,https://www.bls.gov/schedule/2018/home.htm,2026-09-30T22:23:54.287843+00:00,released,2018-07-12T12:25:00+00:00,2018-07-12T12:36:00+00:00
cpi_20180810,2018-08-10,2018-08-10T08:30:00-04:00,2018-08-10T12:30:00Z,July 2018,BLS,Consumer Price Index for July 2018,scalar_numeric,Real Earnings,https://www.bls.gov/schedule/2018/home.htm,2026-09-30T22:23:54.287936+00:00,released,2018-08-10T12:25:00+00:00,2018-08-10T12:36:00+00:00
cpi_20180913,2018-09-13,2018-09-13T08:30:00-04:00,2018-09-13T12:30:00Z,August 2018,BLS,Consumer Price Index for August 2018,scalar_numeric,Real Earnings,https://www.bls.gov/schedule/2018/home.htm,2026-09-30T22:23:54.288036+00:00,released,2018-09-13T12:25:00+00:00,2018-09-13T12:36:00+00:00
cpi_20181011,2018-10-11,2018-10-11T08:30:00-04:00,2018-10-11T12:30:00Z,September 2018,BLS,Consumer Price Index for September 2018,scalar_numeric,Real Earnings,https://www.bls.gov/schedule/2018/home.htm,2026-09-30T22:23:54.288117+00:00,released,2018-10-11T12:25:00+00:00,2018-10-11T12:36:00+00:00
cpi_20181114,2018-11-14,2018-11-14T08:30:00-05:00,2018-11-14T13:30:00Z,October 2018,BLS,Consumer Price Index for October 2018,scalar_numeric,Real Earnings,https://www.bls.gov/schedule/2018/home.htm,2026-09-30T22:23:54.288219+00:00,released,2018-11-14T13:25:00+00:00,2018-11-14T13:36:00+00:00
cpi_20181212,2018-12-12,2018-12-12T08:30:00-05:00,2018-12-12T13:30:00Z,November 2018,BLS,Consumer Price Index for November 2018,scalar_numeric,Real Earnings,https://www.bls.gov/schedule/2018/home.htm,2026-09-30T22:23:54.288304+00:00,released,2018-12-12T13:25:00+00:00,2018-12-12T13:36:00+00:00
cpi_20190111,2019-01-11,2019-01-11T08:30:00-05:00,2019-01-11T13:30:00Z,December 2018,BLS,Consumer Price Index for December 2018,scalar_numeric,Real Earnings,https://www.bls.gov/schedule/2019/home.htm,2026-09-30T22:23:54.595153+00:00,released,2019-01-11T13:25:00+00:00,2019-01-11T13:36:00+00:00
cpi_20190213,2019-02-13,2019-02-13T08:30:00-05:00,2019-02-13T13:30:00Z,January 2019,BLS,Consumer Price Index for January 2019,scalar_numeric,Real Earnings,https://www.bls.gov/schedule/2019/home.htm,2026-09-30T22:23:54.595275+00:00,released,2019-02-13T13:25:00+00:00,2019-02-13T13:36:00+00:00
cpi_20190312,2019-03-12,2019-03-12T08:30:00-04:00,2019-03-12T12:30:00Z,February 2019,BLS,Consumer Price Index for February 2019,scalar_numeric,Real Earnings,https://www.bls.gov/schedule/2019/home.htm,2026-09-30T22:23:54.595358+00:00,released,2019-03-12T12:25:00+00:00,2019-03-12T12:36:00+00:00
cpi_20190410,2019-04-10,2019-04-10T08:30:00-04:00,2019-04-10T12:30:00Z,March 2019,BLS,Consumer Price Index for March 2019,scalar_numeric,Real Earnings,https://www.bls.gov/schedule/2019/home.htm,2026-09-30T22:23:54.595437+00:00,released,2019-04-10T12:25:00+00:00,2019-04-10T12:36:00+00:00
cpi_20190510,2019-05-10,2019-05-10T08:30:00-04:00,2019-05-10T12:30:00Z,April 2019,BLS,Consumer Price Index for April 2019,scalar_numeric,Real Earnings,https://www.bls.gov/schedule/2019/home.htm,2026-09-30T22:23:54.595527+00:00,released,2019-05-10T12:25:00+00:00,2019-05-10T12:36:00+00:00
cpi_20190612,2019-06-12,2019-06-12T08:30:00-04:00,2019-06-12T12:30:00Z,May 2019,BLS,Consumer Price Index for May 2019,scalar_numeric,Real Earnings,https://www.bls.gov/schedule/2019/home.htm,2026-09-30T22:23:54.595603+00:00,released,2019-06-12T12:25:00+00:00,2019-06-12T12:36:00+00:00
cpi_20190711,2019-07-11,2019-07-11T08:30:00-04:00,2019-07-11T12:30:00Z,June 2019,BLS,Consumer Price Index for June 2019,scalar_numeric,Real Earnings,https://www.bls.gov/schedule/2019/home.htm,2026-09-30T22:23:54.595677+00:00,released,2019-07-11T12:25:00+00:00,2019-07-11T12:36:00+00:00
cpi_20190813,2019-08-13,2019-08-13T08:30:00-04:00,2019-08-13T12:30:00Z,July 2019,BLS,Consumer Price Index for July 2019,scalar_numeric,Real Earnings,https://www.bls.gov/schedule/2019/home.htm,2026-09-30T22:23:54.595753+00:00,released,2019-08-13T12:25:00+00:00,2019-08-13T12:36:00+00:00
cpi_20190912,2019-09-12,2019-09-12T08:30:00-04:00,2019-09-12T12:30:00Z,August 2019,BLS,Consumer Price Index for August 2019,scalar_numeric,Real Earnings,https://www.bls.gov/schedule/2019/home.htm,2026-09-30T22:23:54.595882+00:00,released,2019-09-12T12:25:00+00:00,2019-09-12T12:36:00+00:00
cpi_20191010,2019-10-10,2019-10-10T08:30:00-04:00,2019-10-10T12:30:00Z,September 2019,BLS,Consumer Price Index for September 2019,scalar_numeric,Real Earnings,https://www.bls.gov/schedule/2019/home.htm,2026-09-30T22:23:54.595993+00:00,released,2019-10-10T12:25:00+00:00,2019-10-10T12:36:00+00:00
cpi_20191113,2019-11-13,2019-11-13T08:30:00-05:00,2019-11-13T13:30:00Z,October 2019,BLS,Consumer Price Index for October 2019,scalar_numeric,Real Earnings,https://www.bls.gov/schedule/2019/home.htm,2026-09-30T22:23:54.596107+00:00,released,2019-11-13T13:25:00+00:00,2019-11-13T13:36:00+00:00
cpi_20191211,2019-12-11,2019-12-11T08:30:00-05:00,2019-12-11T13:30:00Z,November 2019,BLS,Consumer Price Index for November 2019,scalar_numeric,Real Earnings,https://www.bls.gov/schedule/2019/home.htm,2026-09-30T22:23:54.596215+00:00,released,2019-12-11T13:25:00+00:00,2019-12-11T13:36:00+00:00
cpi_20200114,2020-01-14,2020-01-14T08:30:00-05:00,2020-01-14T13:30:00Z,December 2019,BLS,Consumer Price Index for December 2019,scalar_numeric,Real Earnings,https://www.bls.gov/schedule/2020/home.htm,2026-09-30T22:23:54.815322+00:00,released,2020-01-14T13:25:00+00:00,2020-01-14T13:36:00+00:00
cpi_20200213,2020-02-13,2020-02-13T08:30:00-05:00,2020-02-13T13:30:00Z,January 2020,BLS,Consumer Price Index for January 2020,scalar_numeric,Real Earnings,https://www.bls.gov/schedule/2020/home.htm,2026-09-30T22:23:54.815582+00:00,released,2020-02-13T13:25:00+00:00,2020-02-13T13:36:00+00:00
cpi_20200311,2020-03-11,2020-03-11T08:30:00-04:00,2020-03-11T12:30:00Z,February 2020,BLS,Consumer Price Index for February 2020,scalar_numeric,Real Earnings,https://www.bls.gov/schedule/2020/home.htm,2026-09-30T22:23:54.815738+00:00,released,2020-03-11T12:25:00+00:00,2020-03-11T12:36:00+00:00
cpi_20200410,2020-04-10,2020-04-10T08:30:00-04:00,2020-04-10T12:30:00Z,March 2020,BLS,Consumer Price Index for March 2020,scalar_numeric,Real Earnings,https://www.bls.gov/schedule/2020/home.htm,2026-09-30T22:23:54.815911+00:00,released,2020-04-10T12:25:00+00:00,2020-04-10T12:36:00+00:00
cpi_20200512,2020-05-12,2020-05-12T08:30:00-04:00,2020-05-12T12:30:00Z,April 2020,BLS,Consumer Price Index for April 2020,scalar_numeric,Real Earnings,https://www.bls.gov/schedule/2020/home.htm,2026-09-30T22:23:54.816051+00:00,released,2020-05-12T12:25:00+00:00,2020-05-12T12:36:00+00:00
cpi_20200610,2020-06-10,2020-06-10T08:30:00-04:00,2020-06-10T12:30:00Z,May 2020,BLS,Consumer Price Index for May 2020,scalar_numeric,Real Earnings,https://www.bls.gov/schedule/2020/home.htm,2026-09-30T22:23:54.816175+00:00,released,2020-06-10T12:25:00+00:00,2020-06-10T12:36:00+00:00
cpi_20200714,2020-07-14,2020-07-14T08:30:00-04:00,2020-07-14T12:30:00Z,June 2020,BLS,Consumer Price Index for June 2020,scalar_numeric,Real Earnings,https://www.bls.gov/schedule/2020/home.htm,2026-09-30T22:23:54.816286+00:00,released,2020-07-14T12:25:00+00:00,2020-07-14T12:36:00+00:00
cpi_20200812,2020-08-12,2020-08-12T08:30:00-04:00,2020-08-12T12:30:00Z,July 2020,BLS,Consumer Price Index for July 2020,scalar_numeric,Real Earnings,https://www.bls.gov/schedule/2020/home.htm,2026-09-30T22:23:54.816401+00:00,released,2020-08-12T12:25:00+00:00,2020-08-12T12:36:00+00:00
cpi_20200911,2020-09-11,2020-09-11T08:30:00-04:00,2020-09-11T12:30:00Z,August 2020,BLS,Consumer Price Index for August 2020,scalar_numeric,Real Earnings,https://www.bls.gov/schedule/2020/home.htm,2026-09-30T22:23:54.816524+00:00,released,2020-09-11T12:25:00+00:00,2020-09-11T12:36:00+00:00
cpi_20201013,2020-10-13,2020-10-13T08:30:00-04:00,2020-10-13T12:30:00Z,September 2020,BLS,Consumer Price Index for September 2020,scalar_numeric,Real Earnings,https://www.bls.gov/schedule/2020/home.htm,2026-09-30T22:23:54.816633+00:00,released,2020-10-13T12:25:00+00:00,2020-10-13T12:36:00+00:00
cpi_20201112,2020-11-12,2020-11-12T08:30:00-05:00,2020-11-12T13:30:00Z,October 2020,BLS,Consumer Price Index for October 2020,scalar_numeric,Real Earnings,https://www.bls.gov/schedule/2020/home.htm,2026-09-30T22:23:54.816751+00:00,released,2020-11-12T13:25:00+00:00,2020-11-12T13:36:00+00:00
cpi_20201210,2020-12-10,2020-12-10T08:30:00-05:00,2020-12-10T13:30:00Z,November 2020,BLS,Consumer Price Index for November 2020,scalar_numeric,Real Earnings,https://www.bls.gov/schedule/2020/home.htm,2026-09-30T22:23:54.816861+00:00,released,2020-12-10T13:25:00+00:00,2020-12-10T13:36:00+00:00
cpi_20210113,2021-01-13,2021-01-13T08:30:00-05:00,2021-01-13T13:30:00Z,December 2020,BLS,Consumer Price Index for December 2020,scalar_numeric,Real Earnings,https://www.bls.gov/schedule/2021/home.htm,2026-09-30T22:23:55.029797+00:00,released,2021-01-13T13:25:00+00:00,2021-01-13T13:36:00+00:00
cpi_20210210,2021-02-10,2021-02-10T08:30:00-05:00,2021-02-10T13:30:00Z,January 2021,BLS,Consumer Price Index for January 2021,scalar_numeric,Real Earnings,https://www.bls.gov/schedule/2021/home.htm,2026-09-30T22:23:55.029919+00:00,released,2021-02-10T13:25:00+00:00,2021-02-10T13:36:00+00:00
cpi_20210310,2021-03-10,2021-03-10T08:30:00-05:00,2021-03-10T13:30:00Z,February 2021,BLS,Consumer Price Index for February 2021,scalar_numeric,Real Earnings,https://www.bls.gov/schedule/2021/home.htm,2026-09-30T22:23:55.029997+00:00,released,2021-03-10T13:25:00+00:00,2021-03-10T13:36:00+00:00
cpi_20210413,2021-04-13,2021-04-13T08:30:00-04:00,2021-04-13T12:30:00Z,March 2021,BLS,Consumer Price Index for March 2021,scalar_numeric,Real Earnings,https://www.bls.gov/schedule/2021/home.htm,2026-09-30T22:23:55.030080+00:00,released,2021-04-13T12:25:00+00:00,2021-04-13T12:36:00+00:00
cpi_20210512,2021-05-12,2021-05-12T08:30:00-04:00,2021-05-12T12:30:00Z,April 2021,BLS,Consumer Price Index for April 2021,scalar_numeric,Real Earnings,https://www.bls.gov/schedule/2021/home.htm,2026-09-30T22:23:55.030181+00:00,released,2021-05-12T12:25:00+00:00,2021-05-12T12:36:00+00:00
cpi_20210610,2021-06-10,2021-06-10T08:30:00-04:00,2021-06-10T12:30:00Z,May 2021,BLS,Consumer Price Index for May 2021,scalar_numeric,Real Earnings,https://www.bls.gov/schedule/2021/home.htm,2026-09-30T22:23:55.030256+00:00,released,2021-06-10T12:25:00+00:00,2021-06-10T12:36:00+00:00
cpi_20210713,2021-07-13,2021-07-13T08:30:00-04:00,2021-07-13T12:30:00Z,June 2021,BLS,Consumer Price Index for June 2021,scalar_numeric,Real Earnings,https://www.bls.gov/schedule/2021/home.htm,2026-09-30T22:23:55.030351+00:00,released,2021-07-13T12:25:00+00:00,2021-07-13T12:36:00+00:00
cpi_20210811,2021-08-11,2021-08-11T08:30:00-04:00,2021-08-11T12:30:00Z,July 2021,BLS,Consumer Price Index for July 2021,scalar_numeric,Real Earnings,https://www.bls.gov/schedule/2021/home.htm,2026-09-30T22:23:55.030434+00:00,released,2021-08-11T12:25:00+00:00,2021-08-11T12:36:00+00:00
cpi_20210914,2021-09-14,2021-09-14T08:30:00-04:00,2021-09-14T12:30:00Z,August 2021,BLS,Consumer Price Index for August 2021,scalar_numeric,Real Earnings,https://www.bls.gov/schedule/2021/home.htm,2026-09-30T22:23:55.030517+00:00,released,2021-09-14T12:25:00+00:00,2021-09-14T12:36:00+00:00
cpi_20211013,2021-10-13,2021-10-13T08:30:00-04:00,2021-10-13T12:30:00Z,September 2021,BLS,Consumer Price Index for September 2021,scalar_numeric,Real Earnings,https://www.bls.gov/schedule/2021/home.htm,2026-09-30T22:23:55.030588+00:00,released,2021-10-13T12:25:00+00:00,2021-10-13T12:36:00+00:00
cpi_20211110,2021-11-10,2021-11-10T08:30:00-05:00,2021-11-10T13:30:00Z,October 2021,BLS,Consumer Price Index for October 2021,scalar_numeric,Real Earnings,https://www.bls.gov/schedule/2021/home.htm,2026-09-30T22:23:55.030672+00:00,released,2021-11-10T13:25:00+00:00,2021-11-10T13:36:00+00:00
cpi_20211210,2021-12-10,2021-12-10T08:30:00-05:00,2021-12-10T13:30:00Z,November 2021,BLS,Consumer Price Index for November 2021,scalar_numeric,Real Earnings,https://www.bls.gov/schedule/2021/home.htm,2026-09-30T22:23:55.030778+00:00,released,2021-12-10T13:25:00+00:00,2021-12-10T13:36:00+00:00
cpi_20220112,2022-01-12,2022-01-12T08:30:00-05:00,2022-01-12T13:30:00Z,December 2021,BLS,Consumer Price Index for December 2021,scalar_numeric,Real Earnings,https://www.bls.gov/schedule/2022/home.htm,2026-09-30T22:23:55.222247+00:00,released,2022-01-12T13:25:00+00:00,2022-01-12T13:36:00+00:00
cpi_20220210,2022-02-10,2022-02-10T08:30:00-05:00,2022-02-10T13:30:00Z,January 2022,BLS,Consumer Price Index for January 2022,scalar_numeric,Real Earnings,https://www.bls.gov/schedule/2022/home.htm,2026-09-30T22:23:55.222376+00:00,released,2022-02-10T13:25:00+00:00,2022-02-10T13:36:00+00:00
cpi_20220310,2022-03-10,2022-03-10T08:30:00-05:00,2022-03-10T13:30:00Z,February 2022,BLS,Consumer Price Index for February 2022,scalar_numeric,Real Earnings,https://www.bls.gov/schedule/2022/home.htm,2026-09-30T22:23:55.222458+00:00,released,2022-03-10T13:25:00+00:00,2022-03-10T13:36:00+00:00
cpi_20220412,2022-04-12,2022-04-12T08:30:00-04:00,2022-04-12T12:30:00Z,March 2022,BLS,Consumer Price Index for March 2022,scalar_numeric,Real Earnings,https://www.bls.gov/schedule/2022/home.htm,2026-09-30T22:23:55.222561+00:00,released,2022-04-12T12:25:00+00:00,2022-04-12T12:36:00+00:00
cpi_20220511,2022-05-11,2022-05-11T08:30:00-04:00,2022-05-11T12:30:00Z,April 2022,BLS,Consumer Price Index for April 2022,scalar_numeric,Real Earnings,https://www.bls.gov/schedule/2022/home.htm,2026-09-30T22:23:55.222661+00:00,released,2022-05-11T12:25:00+00:00,2022-05-11T12:36:00+00:00
cpi_20220610,2022-06-10,2022-06-10T08:30:00-04:00,2022-06-10T12:30:00Z,May 2022,BLS,Consumer Price Index for May 2022,scalar_numeric,Real Earnings,https://www.bls.gov/schedule/2022/home.htm,2026-09-30T22:23:55.222755+00:00,released,2022-06-10T12:25:00+00:00,2022-06-10T12:36:00+00:00
cpi_20220713,2022-07-13,2022-07-13T08:30:00-04:00,2022-07-13T12:30:00Z,June 2022,BLS,Consumer Price Index for June 2022,scalar_numeric,Real Earnings,https://www.bls.gov/schedule/2022/home.htm,2026-09-30T22:23:55.222851+00:00,released,2022-07-13T12:25:00+00:00,2022-07-13T12:36:00+00:00
cpi_20220810,2022-08-10,2022-08-10T08:30:00-04:00,2022-08-10T12:30:00Z,July 2022,BLS,Consumer Price Index for July 2022,scalar_numeric,Real Earnings,https://www.bls.gov/schedule/2022/home.htm,2026-09-30T22:23:55.222932+00:00,released,2022-08-10T12:25:00+00:00,2022-08-10T12:36:00+00:00
cpi_20220913,2022-09-13,2022-09-13T08:30:00-04:00,2022-09-13T12:30:00Z,August 2022,BLS,Consumer Price Index for August 2022,scalar_numeric,Real Earnings,https://www.bls.gov/schedule/2022/home.htm,2026-09-30T22:23:55.223025+00:00,released,2022-09-13T12:25:00+00:00,2022-09-13T12:36:00+00:00
cpi_20221013,2022-10-13,2022-10-13T08:30:00-04:00,2022-10-13T12:30:00Z,September 2022,BLS,Consumer Price Index for September 2022,scalar_numeric,Real Earnings,https://www.bls.gov/schedule/2022/home.htm,2026-09-30T22:23:55.223107+00:00,released,2022-10-13T12:25:00+00:00,2022-10-13T12:36:00+00:00
cpi_20221110,2022-11-10,2022-11-10T08:30:00-05:00,2022-11-10T13:30:00Z,October 2022,BLS,Consumer Price Index for October 2022,scalar_numeric,Real Earnings,https://www.bls.gov/schedule/2022/home.htm,2026-09-30T22:23:55.223182+00:00,released,2022-11-10T13:25:00+00:00,2022-11-10T13:36:00+00:00
cpi_20221213,2022-12-13,2022-12-13T08:30:00-05:00,2022-12-13T13:30:00Z,November 2022,BLS,Consumer Price Index for November 2022,scalar_numeric,Real Earnings,https://www.bls.gov/schedule/2022/home.htm,2026-09-30T22:23:55.223267+00:00,released,2022-12-13T13:25:00+00:00,2022-12-13T13:36:00+00:00
cpi_20230112,2023-01-12,2023-01-12T08:30:00-05:00,2023-01-12T13:30:00Z,December 2022,BLS,Consumer Price Index for December 2022,scalar_numeric,Real Earnings,https://www.bls.gov/schedule/2023/home.htm,2026-09-30T22:23:55.410288+00:00,released,2023-01-12T13:25:00+00:00,2023-01-12T13:36:00+00:00
cpi_20230214,2023-02-14,2023-02-14T08:30:00-05:00,2023-02-14T13:30:00Z,January 2023,BLS,Consumer Price Index for January 2023,scalar_numeric,Real Earnings,https://www.bls.gov/schedule/2023/home.htm,2026-09-30T22:23:55.410418+00:00,released,2023-02-14T13:25:00+00:00,2023-02-14T13:36:00+00:00
cpi_20230314,2023-03-14,2023-03-14T08:30:00-04:00,2023-03-14T12:30:00Z,February 2023,BLS,Consumer Price Index for February 2023,scalar_numeric,Real Earnings,https://www.bls.gov/schedule/2023/home.htm,2026-09-30T22:23:55.410501+00:00,released,2023-03-14T12:25:00+00:00,2023-03-14T12:36:00+00:00
cpi_20230412,2023-04-12,2023-04-12T08:30:00-04:00,2023-04-12T12:30:00Z,March 2023,BLS,Consumer Price Index for March 2023,scalar_numeric,Real Earnings,https://www.bls.gov/schedule/2023/home.htm,2026-09-30T22:23:55.410583+00:00,released,2023-04-12T12:25:00+00:00,2023-04-12T12:36:00+00:00
cpi_20230510,2023-05-10,2023-05-10T08:30:00-04:00,2023-05-10T12:30:00Z,April 2023,BLS,Consumer Price Index for April 2023,scalar_numeric,Real Earnings,https://www.bls.gov/schedule/2023/home.htm,2026-09-30T22:23:55.410670+00:00,released,2023-05-10T12:25:00+00:00,2023-05-10T12:36:00+00:00
cpi_20230613,2023-06-13,2023-06-13T08:30:00-04:00,2023-06-13T12:30:00Z,May 2023,BLS,Consumer Price Index for May 2023,scalar_numeric,Real Earnings,https://www.bls.gov/schedule/2023/home.htm,2026-09-30T22:23:55.410749+00:00,released,2023-06-13T12:25:00+00:00,2023-06-13T12:36:00+00:00
cpi_20230712,2023-07-12,2023-07-12T08:30:00-04:00,2023-07-12T12:30:00Z,June 2023,BLS,Consumer Price Index for June 2023,scalar_numeric,Real Earnings,https://www.bls.gov/schedule/2023/home.htm,2026-09-30T22:23:55.410822+00:00,released,2023-07-12T12:25:00+00:00,2023-07-12T12:36:00+00:00
cpi_20230810,2023-08-10,2023-08-10T08:30:00-04:00,2023-08-10T12:30:00Z,July 2023,BLS,Consumer Price Index for July 2023,scalar_numeric,Real Earnings,https://www.bls.gov/schedule/2023/home.htm,2026-09-30T22:23:55.410895+00:00,released,2023-08-10T12:25:00+00:00,2023-08-10T12:36:00+00:00
cpi_20230913,2023-09-13,2023-09-13T08:30:00-04:00,2023-09-13T12:30:00Z,August 2023,BLS,Consumer Price Index for August 2023,scalar_numeric,Real Earnings,https://www.bls.gov/schedule/2023/home.htm,2026-09-30T22:23:55.410978+00:00,released,2023-09-13T12:25:00+00:00,2023-09-13T12:36:00+00:00
cpi_20231012,2023-10-12,2023-10-12T08:30:00-04:00,2023-10-12T12:30:00Z,September 2023,BLS,Consumer Price Index for September 2023,scalar_numeric,Real Earnings,https://www.bls.gov/schedule/2023/home.htm,2026-09-30T22:23:55.411130+00:00,released,2023-10-12T12:25:00+00:00,2023-10-12T12:36:00+00:00
cpi_20231114,2023-11-14,2023-11-14T08:30:00-05:00,2023-11-14T13:30:00Z,October 2023,BLS,Consumer Price Index for October 2023,scalar_numeric,Real Earnings,https://www.bls.gov/schedule/2023/home.htm,2026-09-30T22:23:55.411225+00:00,released,2023-11-14T13:25:00+00:00,2023-11-14T13:36:00+00:00
cpi_20231212,2023-12-12,2023-12-12T08:30:00-05:00,2023-12-12T13:30:00Z,November 2023,BLS,Consumer Price Index for November 2023,scalar_numeric,Real Earnings,https://www.bls.gov/schedule/2023/home.htm,2026-09-30T22:23:55.411307+00:00,released,2023-12-12T13:25:00+00:00,2023-12-12T13:36:00+00:00
cpi_20240111,2024-01-11,2024-01-11T08:30:00-05:00,2024-01-11T13:30:00Z,December 2023,BLS,Consumer Price Index for December 2023,scalar_numeric,Real Earnings,https://www.bls.gov/schedule/2024/home.htm,2026-09-30T22:23:55.597449+00:00,released,2024-01-11T13:25:00+00:00,2024-01-11T13:36:00+00:00
cpi_20240213,2024-02-13,2024-02-13T08:30:00-05:00,2024-02-13T13:30:00Z,January 2024,BLS,Consumer Price Index for January 2024,scalar_numeric,Real Earnings,https://www.bls.gov/schedule/2024/home.htm,2026-09-30T22:23:55.597746+00:00,released,2024-02-13T13:25:00+00:00,2024-02-13T13:36:00+00:00
cpi_20240312,2024-03-12,2024-03-12T08:30:00-04:00,2024-03-12T12:30:00Z,February 2024,BLS,Consumer Price Index for February 2024,scalar_numeric,Real Earnings,https://www.bls.gov/schedule/2024/home.htm,2026-09-30T22:23:55.597892+00:00,released,2024-03-12T12:25:00+00:00,2024-03-12T12:36:00+00:00
cpi_20240410,2024-04-10,2024-04-10T08:30:00-04:00,2024-04-10T12:30:00Z,March 2024,BLS,Consumer Price Index for March 2024,scalar_numeric,Real Earnings,https://www.bls.gov/schedule/2024/home.htm,2026-09-30T22:23:55.598042+00:00,released,2024-04-10T12:25:00+00:00,2024-04-10T12:36:00+00:00
cpi_20240515,2024-05-15,2024-05-15T08:30:00-04:00,2024-05-15T12:30:00Z,April 2024,BLS,Consumer Price Index for April 2024,scalar_numeric,Real Earnings,https://www.bls.gov/schedule/2024/home.htm,2026-09-30T22:23:55.598193+00:00,released,2024-05-15T12:25:00+00:00,2024-05-15T12:36:00+00:00
cpi_20240612,2024-06-12,2024-06-12T08:30:00-04:00,2024-06-12T12:30:00Z,May 2024,BLS,Consumer Price Index for May 2024,scalar_numeric,Real Earnings,https://www.bls.gov/schedule/2024/home.htm,2026-09-30T22:23:55.598317+00:00,released,2024-06-12T12:25:00+00:00,2024-06-12T12:36:00+00:00
cpi_20240711,2024-07-11,2024-07-11T08:30:00-04:00,2024-07-11T12:30:00Z,June 2024,BLS,Consumer Price Index for June 2024,scalar_numeric,Real Earnings,https://www.bls.gov/schedule/2024/home.htm,2026-09-30T22:23:55.598462+00:00,released,2024-07-11T12:25:00+00:00,2024-07-11T12:36:00+00:00
cpi_20240814,2024-08-14,2024-08-14T08:30:00-04:00,2024-08-14T12:30:00Z,July 2024,BLS,Consumer Price Index for July 2024,scalar_numeric,Real Earnings,https://www.bls.gov/schedule/2024/home.htm,2026-09-30T22:23:55.598583+00:00,released,2024-08-14T12:25:00+00:00,2024-08-14T12:36:00+00:00
cpi_20240911,2024-09-11,2024-09-11T08:30:00-04:00,2024-09-11T12:30:00Z,August 2024,BLS,Consumer Price Index for August 2024,scalar_numeric,Real Earnings,https://www.bls.gov/schedule/2024/home.htm,2026-09-30T22:23:55.598709+00:00,released,2024-09-11T12:25:00+00:00,2024-09-11T12:36:00+00:00
cpi_20241010,2024-10-10,2024-10-10T08:30:00-04:00,2024-10-10T12:30:00Z,September 2024,BLS,Consumer Price Index for September 2024,scalar_numeric,Real Earnings,https://www.bls.gov/schedule/2024/home.htm,2026-09-30T22:23:55.598824+00:00,released,2024-10-10T12:25:00+00:00,2024-10-10T12:36:00+00:00
cpi_20241113,2024-11-13,2024-11-13T08:30:00-05:00,2024-11-13T13:30:00Z,October 2024,BLS,Consumer Price Index for October 2024,scalar_numeric,Real Earnings,https://www.bls.gov/schedule/2024/home.htm,2026-09-30T22:23:55.598958+00:00,released,2024-11-13T13:25:00+00:00,2024-11-13T13:36:00+00:00
cpi_20241211,2024-12-11,2024-12-11T08:30:00-05:00,2024-12-11T13:30:00Z,November 2024,BLS,Consumer Price Index for November 2024,scalar_numeric,Real Earnings,https://www.bls.gov/schedule/2024/home.htm,2026-09-30T22:23:55.599078+00:00,released,2024-12-11T13:25:00+00:00,2024-12-11T13:36:00+00:00
cpi_20250115,2025-01-15,2025-01-15T08:30:00-05:00,2025-01-15T13:30:00Z,December 2024,BLS,Consumer Price Index for December 2024,scalar_numeric,Real Earnings,https://www.bls.gov/schedule/2025/home.htm,2026-09-30T22:23:55.912569+00:00,released,2025-01-15T13:25:00+00:00,2025-01-15T13:36:00+00:00
cpi_20250212,2025-02-12,2025-02-12T08:30:00-05:00,2025-02-12T13:30:00Z,January 2025,BLS,Consumer Price Index for January 2025,scalar_numeric,Real Earnings,https://www.bls.gov/schedule/2025/home.htm,2026-09-30T22:23:55.912712+00:00,released,2025-02-12T13:25:00+00:00,2025-02-12T13:36:00+00:00
cpi_20250312,2025-03-12,2025-03-12T08:30:00-04:00,2025-03-12T12:30:00Z,February 2025,BLS,Consumer Price Index for February 2025,scalar_numeric,Real Earnings,https://www.bls.gov/schedule/2025/home.htm,2026-09-30T22:23:55.912905+00:00,released,2025-03-12T12:25:00+00:00,2025-03-12T12:36:00+00:00
cpi_20250410,2025-04-10,2025-04-10T08:30:00-04:00,2025-04-10T12:30:00Z,March 2025,BLS,Consumer Price Index for March 2025,scalar_numeric,Real Earnings,https://www.bls.gov/schedule/2025/home.htm,2026-09-30T22:23:55.913056+00:00,released,2025-04-10T12:25:00+00:00,2025-04-10T12:36:00+00:00
cpi_20250513,2025-05-13,2025-05-13T08:30:00-04:00,2025-05-13T12:30:00Z,April 2025,BLS,Consumer Price Index for April 2025,scalar_numeric,Real Earnings,https://www.bls.gov/schedule/2025/home.htm,2026-09-30T22:23:55.913197+00:00,released,2025-05-13T12:25:00+00:00,2025-05-13T12:36:00+00:00
cpi_20250611,2025-06-11,2025-06-11T08:30:00-04:00,2025-06-11T12:30:00Z,May 2025,BLS,Consumer Price Index for May 2025,scalar_numeric,Real Earnings,https://www.bls.gov/schedule/2025/home.htm,2026-09-30T22:23:55.913331+00:00,released,2025-06-11T12:25:00+00:00,2025-06-11T12:36:00+00:00
cpi_20250715,2025-07-15,2025-07-15T08:30:00-04:00,2025-07-15T12:30:00Z,June 2025,BLS,Consumer Price Index for June 2025,scalar_numeric,Real Earnings,https://www.bls.gov/schedule/2025/home.htm,2026-09-30T22:23:55.913452+00:00,released,2025-07-15T12:25:00+00:00,2025-07-15T12:36:00+00:00
cpi_20250812,2025-08-12,2025-08-12T08:30:00-04:00,2025-08-12T12:30:00Z,July 2025,BLS,Consumer Price Index for July 2025,scalar_numeric,Real Earnings,https://www.bls.gov/schedule/2025/home.htm,2026-09-30T22:23:55.913571+00:00,released,2025-08-12T12:25:00+00:00,2025-08-12T12:36:00+00:00
cpi_20250911,2025-09-11,2025-09-11T08:30:00-04:00,2025-09-11T12:30:00Z,August 2025,BLS,Consumer Price Index for August 2025,scalar_numeric,Real Earnings,https://www.bls.gov/schedule/2025/home.htm,2026-09-30T22:23:55.913709+00:00,released,2025-09-11T12:25:00+00:00,2025-09-11T12:36:00+00:00
cpi_20251024,2025-10-24,2025-10-24T08:30:00-04:00,2025-10-24T12:30:00Z,September 2025,BLS,Consumer Price Index for September 2025,scalar_numeric,Real Earnings,https://www.bls.gov/schedule/2025/home.htm,2026-09-30T22:23:55.913827+00:00,released,2025-10-24T12:25:00+00:00,2025-10-24T12:36:00+00:00
cpi_20251218,2025-12-18,2025-12-18T08:30:00-05:00,2025-12-18T13:30:00Z,November 2025,BLS,Consumer Price Index for November 2025,scalar_numeric,Real Earnings,https://www.bls.gov/schedule/2025/home.htm,2026-09-30T22:23:55.913962+00:00,released,2025-12-18T13:25:00+00:00,2025-12-18T13:36:00+00:00
cpi_20260113,2026-01-13,2026-01-13T08:30:00-05:00,2026-01-13T13:30:00Z,December 2025,BLS,Consumer Price Index for December 2025,scalar_numeric,Real Earnings,https://www.bls.gov/schedule/2026/home.htm,2026-09-30T22:23:56.108856+00:00,released,2026-01-13T13:25:00+00:00,2026-01-13T13:36:00+00:00
cpi_20260213,2026-02-13,2026-02-13T08:30:00-05:00,2026-02-13T13:30:00Z,January 2026,BLS,Consumer Price Index for January 2026,scalar_numeric,Real Earnings,https://www.bls.gov/schedule/2026/home.htm,2026-09-30T22:23:56.108992+00:00,released,2026-02-13T13:25:00+00:00,2026-02-13T13:36:00+00:00
cpi_20260311,2026-03-11,2026-03-11T08:30:00-04:00,2026-03-11T12:30:00Z,February 2026,BLS,Consumer Price Index for February 2026,scalar_numeric,Real Earnings,https://www.bls.gov/schedule/2026/home.htm,2026-09-30T22:23:56.109078+00:00,released,2026-03-11T12:25:00+00:00,2026-03-11T12:36:00+00:00
cpi_20260410,2026-04-10,2026-04-10T08:30:00-04:00,2026-04-10T12:30:00Z,March 2026,BLS,Consumer Price Index for March 2026,scalar_numeric,Real Earnings,https://www.bls.gov/schedule/2026/home.htm,2026-09-30T22:23:56.109157+00:00,released,2026-04-10T12:25:00+00:00,2026-04-10T12:36:00+00:00
cpi_20260512,2026-05-12,2026-05-12T08:30:00-04:00,2026-05-12T12:30:00Z,April 2026,BLS,Consumer Price Index for April 2026,scalar_numeric,Real Earnings,https://www.bls.gov/schedule/2026/home.htm,2026-09-30T22:23:56.109245+00:00,released,2026-05-12T12:25:00+00:00,2026-05-12T12:36:00+00:00
cpi_20260610,2026-06-10,2026-06-10T08:30:00-04:00,2026-06-10T12:30:00Z,May 2026,BLS,Consumer Price Index for May 2026,scalar_numeric,Real Earnings,https://www.bls.gov/schedule/2026/home.htm,2026-09-30T22:23:56.109343+00:00,released,2026-06-10T12:25:00+00:00,2026-06-10T12:36:00+00:00
cpi_20260714,2026-07-14,2026-07-14T08:30:00-04:00,2026-07-14T12:30:00Z,June 2026,BLS,Consumer Price Index for June 2026,scalar_numeric,Real Earnings,https://www.bls.gov/schedule/2026/home.htm,2026-09-30T22:23:56.109446+00:00,released,2026-07-14T12:25:00+00:00,2026-07-14T12:36:00+00:00
cpi_20260812,2026-08-12,2026-08-12T08:30:00-04:00,2026-08-12T12:30:00Z,July 2026,BLS,Consumer Price Index for July 2026,scalar_numeric,Real Earnings,https://www.bls.gov/schedule/2026/home.htm,2026-09-30T22:23:56.109527+00:00,released,2026-08-12T12:25:00+00:00,2026-08-12T12:36:00+00:00
cpi_20260911,2026-09-11,2026-09-11T08:30:00-04:00,2026-09-11T12:30:00Z,August 2026,BLS,Consumer Price Index for August 2026,scalar_numeric,Real Earnings,https://www.bls.gov/schedule/2026/home.htm,2026-09-30T22:23:56.109615+00:00,released,2026-09-11T12:25:00+00:00,2026-09-11T12:36:00+00:00
cpi_20261014,2026-10-14,2026-10-14T08:30:00-04:00,2026-10-14T12:30:00Z,September 2026,BLS,Consumer Price Index for September 2026,scalar_numeric,Real Earnings,https://www.bls.gov/schedule/2026/home.htm,2026-09-30T22:23:56.109699+00:00,scheduled_future,2026-10-14T12:25:00+00:00,2026-10-14T12:36:00+00:00
cpi_20261110,2026-11-10,2026-11-10T08:30:00-05:00,2026-11-10T13:30:00Z,October 2026,BLS,Consumer Price Index for October 2026,scalar_numeric,Real Earnings,https://www.bls.gov/schedule/2026/home.htm,2026-09-30T22:23:56.109774+00:00,scheduled_future,2026-11-10T13:25:00+00:00,2026-11-10T13:36:00+00:00
cpi_20261210,2026-12-10,2026-12-10T08:30:00-05:00,2026-12-10T13:30:00Z,November 2026,BLS,Consumer Price Index for November 2026,scalar_numeric,Real Earnings,https://www.bls.gov/schedule/2026/home.htm,2026-09-30T22:23:56.109860+00:00,scheduled_future,2026-12-10T13:25:00+00:00,2026-12-10T13:36:00+00:00
