event_id,event_date,scheduled_time_et,scheduled_time_utc,source_agency,event_name,event_category,representation_class,scheduled_indicator,numeric_or_narrative,expected_value,realized_value,prior_value,forecast_dispersion,standardized_surprise,authoritative_source_url,notes
employment_20250110,2025-01-10,2025-01-10T08:30:00-05:00,2025-01-10T13:30:00Z,BLS,Employment Situation - 2024-12,labor,multi_dimensional_numeric,1,numeric,,,,,,https://www.bls.gov/schedule/2025/,Vintage consensus and forecast dispersion unavailable.
ppi_20250114,2025-01-14,2025-01-14T08:30:00-05:00,2025-01-14T13:30:00Z,BLS,Producer Price Index - 2024-12,macro_inflation,scalar_numeric,1,numeric,,,,,,https://www.bls.gov/schedule/2025/,Vintage consensus and forecast dispersion unavailable.
cpi_20250115,2025-01-15,2025-01-15T08:30:00-05:00,2025-01-15T13:30:00Z,BLS,Consumer Price Index - 2024-12,macro_inflation,scalar_numeric,1,numeric,,,,,,https://www.bls.gov/schedule/2025/,Vintage consensus and forecast dispersion unavailable. Concurrent with Real Earnings; treat as a bundled arrival.
retail_sales_20250116,2025-01-16,2025-01-16T08:30:00-05:00,2025-01-16T13:30:00Z,U.S. Census Bureau,Advance Retail Sales - 2024-12,macro_activity,multi_dimensional_numeric,1,numeric,,,,,,https://www.census.gov/economic-indicators/calendar-listview-2025.html,Vintage consensus and forecast dispersion unavailable. Concurrent with Import and Export Price Indexes; treat as a bundled arrival.
employment_20250207,2025-02-07,2025-02-07T08:30:00-05:00,2025-02-07T13:30:00Z,BLS,Employment Situation - 2025-01,labor,multi_dimensional_numeric,1,numeric,,,,,,https://www.bls.gov/schedule/2025/,Vintage consensus and forecast dispersion unavailable.
cpi_20250212,2025-02-12,2025-02-12T08:30:00-05:00,2025-02-12T13:30:00Z,BLS,Consumer Price Index - 2025-01,macro_inflation,scalar_numeric,1,numeric,,,,,,https://www.bls.gov/schedule/2025/,Vintage consensus and forecast dispersion unavailable. Concurrent with Real Earnings; treat as a bundled arrival.
ppi_20250213,2025-02-13,2025-02-13T08:30:00-05:00,2025-02-13T13:30:00Z,BLS,Producer Price Index - 2025-01,macro_inflation,scalar_numeric,1,numeric,,,,,,https://www.bls.gov/schedule/2025/,Vintage consensus and forecast dispersion unavailable.
retail_sales_20250214,2025-02-14,2025-02-14T08:30:00-05:00,2025-02-14T13:30:00Z,U.S. Census Bureau,Advance Retail Sales - 2025-01,macro_activity,multi_dimensional_numeric,1,numeric,,,,,,https://www.census.gov/economic-indicators/calendar-listview-2025.html,Vintage consensus and forecast dispersion unavailable. Concurrent with Import and Export Price Indexes; treat as a bundled arrival.
employment_20250307,2025-03-07,2025-03-07T08:30:00-05:00,2025-03-07T13:30:00Z,BLS,Employment Situation - 2025-02,labor,multi_dimensional_numeric,1,numeric,,,,,,https://www.bls.gov/schedule/2025/,Vintage consensus and forecast dispersion unavailable.
cpi_20250312,2025-03-12,2025-03-12T08:30:00-04:00,2025-03-12T12:30:00Z,BLS,Consumer Price Index - 2025-02,macro_inflation,scalar_numeric,1,numeric,,,,,,https://www.bls.gov/schedule/2025/,Vintage consensus and forecast dispersion unavailable. Concurrent with Real Earnings; treat as a bundled arrival.
ppi_20250313,2025-03-13,2025-03-13T08:30:00-04:00,2025-03-13T12:30:00Z,BLS,Producer Price Index - 2025-02,macro_inflation,scalar_numeric,1,numeric,,,,,,https://www.bls.gov/schedule/2025/,Vintage consensus and forecast dispersion unavailable.
retail_sales_20250317,2025-03-17,2025-03-17T08:30:00-04:00,2025-03-17T12:30:00Z,U.S. Census Bureau,Advance Retail Sales - 2025-02,macro_activity,multi_dimensional_numeric,1,numeric,,,,,,https://www.census.gov/economic-indicators/calendar-listview-2025.html,Vintage consensus and forecast dispersion unavailable.
employment_20250404,2025-04-04,2025-04-04T08:30:00-04:00,2025-04-04T12:30:00Z,BLS,Employment Situation - 2025-03,labor,multi_dimensional_numeric,1,numeric,,,,,,https://www.bls.gov/schedule/2025/,Vintage consensus and forecast dispersion unavailable.
cpi_20250410,2025-04-10,2025-04-10T08:30:00-04:00,2025-04-10T12:30:00Z,BLS,Consumer Price Index - 2025-03,macro_inflation,scalar_numeric,1,numeric,,,,,,https://www.bls.gov/schedule/2025/,Vintage consensus and forecast dispersion unavailable. Concurrent with Real Earnings; treat as a bundled arrival.
ppi_20250411,2025-04-11,2025-04-11T08:30:00-04:00,2025-04-11T12:30:00Z,BLS,Producer Price Index - 2025-03,macro_inflation,scalar_numeric,1,numeric,,,,,,https://www.bls.gov/schedule/2025/,Vintage consensus and forecast dispersion unavailable.
retail_sales_20250416,2025-04-16,2025-04-16T08:30:00-04:00,2025-04-16T12:30:00Z,U.S. Census Bureau,Advance Retail Sales - 2025-03,macro_activity,multi_dimensional_numeric,1,numeric,,,,,,https://www.census.gov/economic-indicators/calendar-listview-2025.html,Vintage consensus and forecast dispersion unavailable.
employment_20250502,2025-05-02,2025-05-02T08:30:00-04:00,2025-05-02T12:30:00Z,BLS,Employment Situation - 2025-04,labor,multi_dimensional_numeric,1,numeric,,,,,,https://www.bls.gov/schedule/2025/,Vintage consensus and forecast dispersion unavailable.
cpi_20250513,2025-05-13,2025-05-13T08:30:00-04:00,2025-05-13T12:30:00Z,BLS,Consumer Price Index - 2025-04,macro_inflation,scalar_numeric,1,numeric,,,,,,https://www.bls.gov/schedule/2025/,Vintage consensus and forecast dispersion unavailable. Concurrent with Real Earnings; treat as a bundled arrival.
ppi_20250515,2025-05-15,2025-05-15T08:30:00-04:00,2025-05-15T12:30:00Z,BLS,Producer Price Index - 2025-04,macro_inflation,scalar_numeric,1,numeric,,,,,,https://www.bls.gov/schedule/2025/,Vintage consensus and forecast dispersion unavailable. Concurrent with Advance Retail Sales; treat as a bundled arrival.
retail_sales_20250515,2025-05-15,2025-05-15T08:30:00-04:00,2025-05-15T12:30:00Z,U.S. Census Bureau,Advance Retail Sales - 2025-04,macro_activity,multi_dimensional_numeric,1,numeric,,,,,,https://www.census.gov/economic-indicators/calendar-listview-2025.html,Vintage consensus and forecast dispersion unavailable. Concurrent with Producer Price Index; treat as a bundled arrival.
employment_20250606,2025-06-06,2025-06-06T08:30:00-04:00,2025-06-06T12:30:00Z,BLS,Employment Situation - 2025-05,labor,multi_dimensional_numeric,1,numeric,,,,,,https://www.bls.gov/schedule/2025/,Vintage consensus and forecast dispersion unavailable.
cpi_20250611,2025-06-11,2025-06-11T08:30:00-04:00,2025-06-11T12:30:00Z,BLS,Consumer Price Index - 2025-05,macro_inflation,scalar_numeric,1,numeric,,,,,,https://www.bls.gov/schedule/2025/,Vintage consensus and forecast dispersion unavailable. Concurrent with Real Earnings; treat as a bundled arrival.
ppi_20250612,2025-06-12,2025-06-12T08:30:00-04:00,2025-06-12T12:30:00Z,BLS,Producer Price Index - 2025-05,macro_inflation,scalar_numeric,1,numeric,,,,,,https://www.bls.gov/schedule/2025/,Vintage consensus and forecast dispersion unavailable.
retail_sales_20250617,2025-06-17,2025-06-17T08:30:00-04:00,2025-06-17T12:30:00Z,U.S. Census Bureau,Advance Retail Sales - 2025-05,macro_activity,multi_dimensional_numeric,1,numeric,,,,,,https://www.census.gov/economic-indicators/calendar-listview-2025.html,Vintage consensus and forecast dispersion unavailable. Concurrent with Import and Export Price Indexes; treat as a bundled arrival.
employment_20250703,2025-07-03,2025-07-03T08:30:00-04:00,2025-07-03T12:30:00Z,BLS,Employment Situation - 2025-06,labor,multi_dimensional_numeric,1,numeric,,,,,,https://www.bls.gov/schedule/2025/,Vintage consensus and forecast dispersion unavailable. Concurrent with U.S. International Trade in Goods and Services; treat as a bundled arrival.
cpi_20250715,2025-07-15,2025-07-15T08:30:00-04:00,2025-07-15T12:30:00Z,BLS,Consumer Price Index - 2025-06,macro_inflation,scalar_numeric,1,numeric,,,,,,https://www.bls.gov/schedule/2025/,Vintage consensus and forecast dispersion unavailable. Concurrent with Real Earnings; treat as a bundled arrival.
ppi_20250716,2025-07-16,2025-07-16T08:30:00-04:00,2025-07-16T12:30:00Z,BLS,Producer Price Index - 2025-06,macro_inflation,scalar_numeric,1,numeric,,,,,,https://www.bls.gov/schedule/2025/,Vintage consensus and forecast dispersion unavailable.
retail_sales_20250717,2025-07-17,2025-07-17T08:30:00-04:00,2025-07-17T12:30:00Z,U.S. Census Bureau,Advance Retail Sales - 2025-06,macro_activity,multi_dimensional_numeric,1,numeric,,,,,,https://www.census.gov/economic-indicators/calendar-listview-2025.html,Vintage consensus and forecast dispersion unavailable. Concurrent with Import and Export Price Indexes; treat as a bundled arrival.
employment_20250801,2025-08-01,2025-08-01T08:30:00-04:00,2025-08-01T12:30:00Z,BLS,Employment Situation - 2025-07,labor,multi_dimensional_numeric,1,numeric,,,,,,https://www.bls.gov/schedule/2025/,Vintage consensus and forecast dispersion unavailable.
cpi_20250812,2025-08-12,2025-08-12T08:30:00-04:00,2025-08-12T12:30:00Z,BLS,Consumer Price Index - 2025-07,macro_inflation,scalar_numeric,1,numeric,,,,,,https://www.bls.gov/schedule/2025/,Vintage consensus and forecast dispersion unavailable. Concurrent with Real Earnings; treat as a bundled arrival.
ppi_20250814,2025-08-14,2025-08-14T08:30:00-04:00,2025-08-14T12:30:00Z,BLS,Producer Price Index - 2025-07,macro_inflation,scalar_numeric,1,numeric,,,,,,https://www.bls.gov/schedule/2025/,Vintage consensus and forecast dispersion unavailable.
retail_sales_20250815,2025-08-15,2025-08-15T08:30:00-04:00,2025-08-15T12:30:00Z,U.S. Census Bureau,Advance Retail Sales - 2025-07,macro_activity,multi_dimensional_numeric,1,numeric,,,,,,https://www.census.gov/economic-indicators/calendar-listview-2025.html,Vintage consensus and forecast dispersion unavailable. Concurrent with Import and Export Price Indexes; treat as a bundled arrival.
ppi_20250910,2025-09-10,2025-09-10T08:30:00-04:00,2025-09-10T12:30:00Z,BLS,Producer Price Index — August 2025,macro_inflation,scalar_numeric,1,numeric,,-0.1% m/m final demand; 2.6% y/y,0.7% m/m final demand (revised July),,,https://www.bls.gov/news.release/archives/ppi_09102025.htm,Headline represented as scalar; release also contains components. Consensus and dispersion require a vintage survey source.
cpi_20250911,2025-09-11,2025-09-11T08:30:00-04:00,2025-09-11T12:30:00Z,BLS,Consumer Price Index — August 2025,macro_inflation,scalar_numeric,1,numeric,,0.4% m/m CPI-U; 2.9% y/y; core 0.3% m/m,0.2% m/m CPI-U; 2.7% y/y,,,https://www.bls.gov/news.release/archives/cpi_09112025.htm,Concurrent with real earnings and weekly claims. Headline is scalar; underlying report is multidimensional.
real_earnings_20250911,2025-09-11,2025-09-11T08:30:00-04:00,2025-09-11T12:30:00Z,BLS,Real Earnings — August 2025,labor_income,multi_dimensional_numeric,1,numeric,,Real average hourly earnings -0.1% m/m; real weekly earnings -0.1% m/m,Real hourly +0.2% m/m; real weekly +0.1% m/m,,,https://www.bls.gov/news.release/archives/realer_09112025.htm,Concurrent contamination marker for the CPI window; partly mechanically incorporates CPI.
weekly_claims_20250911,2025-09-11,2025-09-11T08:30:00-04:00,2025-09-11T12:30:00Z,U.S. Department of Labor,Unemployment Insurance Weekly Claims,labor,scalar_numeric,1,numeric,,,,,,https://www.dol.gov/sites/dolgov/files/OPA/newsreleases/ui-claims/20251377.pdf,Concurrent with CPI. Retained as a contamination marker; values not transcribed in this pass.
import_export_prices_20250916,2025-09-16,2025-09-16T08:30:00-04:00,2025-09-16T12:30:00Z,BLS,U.S. Import and Export Price Indexes — August 2025,macro_inflation,multi_dimensional_numeric,1,numeric,,Import prices +0.3% m/m; export prices +0.3% m/m,Import +0.2% m/m; export +0.3% m/m (revised July),,,https://www.bls.gov/news.release/archives/ximpim_09162025.htm,Concurrent with retail sales; keep separate event ID.
retail_sales_20250916,2025-09-16,2025-09-16T08:30:00-04:00,2025-09-16T12:30:00Z,U.S. Census Bureau,Advance Monthly Retail Sales — August 2025,macro_consumption,multi_dimensional_numeric,1,numeric,,Total retail and food services sales +0.6% m/m; $732.0bn,+0.6% m/m (revised July),,,https://www2.census.gov/retail/releases/historical/marts/adv2508.pdf,Headline plus ex-auto and category detail; concurrent with import/export prices.
industrial_production_20250916,2025-09-16,2025-09-16T09:15:00-04:00,2025-09-16T13:15:00Z,Federal Reserve Board,Industrial Production and Capacity Utilization — August 2025,macro_activity,multi_dimensional_numeric,1,numeric,,Industrial production +0.1% m/m; capacity utilization 77.4%,Industrial production -0.4% m/m; capacity utilization 77.4%,,,https://www.federalreserve.gov/releases/g17/20250916/,Separate 9:15 a.m. arrival after the 8:30 a.m. retail/import-price bundle.
housing_20250917,2025-09-17,2025-09-17T08:30:00-04:00,2025-09-17T12:30:00Z,U.S. Census Bureau / HUD,New Residential Construction — August 2025,macro_housing,multi_dimensional_numeric,1,numeric,,Starts 1.307m SAAR; permits 1.312m; completions 1.608m,Starts 1.429m; permits 1.362m; completions 1.483m (revised July),,,https://www.census.gov/construction/nrc/pdf/newresconst_202508.pdf,Distinct morning event on FOMC day; starts permits and completions jointly arrive.
fomc_sep_20250917,2025-09-17,2025-09-17T14:00:00-04:00,2025-09-17T18:00:00Z,Federal Reserve Board / FOMC,Summary of Economic Projections,monetary_policy,multi_dimensional_numeric,1,numeric,,2025 median real GDP 1.6%; unemployment 4.5%; PCE 3.0%; year-end funds rate 3.6%,June medians: real GDP 1.4%; unemployment 4.5%; PCE 3.0%; year-end funds rate 3.9%,,,https://www.federalreserve.gov/monetarypolicy/fomcprojtabl20250917.htm,Structured multidimensional release simultaneous with the statement.
fomc_statement_20250917,2025-09-17,2025-09-17T14:00:00-04:00,2025-09-17T18:00:00Z,Federal Reserve Board / FOMC,FOMC policy statement,monetary_policy,narrative_text,1,narrative,,Target range cut 25 bp to 4.00%–4.25%,Target range 4.25%–4.50%,,,https://www.federalreserve.gov/newsevents/pressreleases/monetary20250917a.htm,Written narrative and policy decision. Shares timestamp with SEP but remains a separate event ID.
fomc_press_conference_20250917,2025-09-17,2025-09-17T14:30:00-04:00,2025-09-17T18:30:00Z,Federal Reserve Board / FOMC,Chair Powell press conference start,monetary_policy,extemporaneous_speech,1,narrative,,,,,,https://www.federalreserve.gov/monetarypolicy/fomcpresconf20250917.htm,Opening timestamp verified. Prepared remarks and Q&A should be split only after official video/caption timing establishes a precise boundary.
