event_id,event_date,quality_flag,es_volume_ratio_0830,nq_volume_ratio_0830,zn_volume_ratio_0830
macro_placebo_20150123_0830,2015-01-23,bls_and_claims_screen_only,1.7417142857142858,0.6190476190476191,0.09051701187370215
macro_placebo_20150331_0830,2015-03-31,bls_and_claims_screen_only,2.0837231057062673,1.1796733212341197,0.036297640653357534
macro_placebo_20150424_0830,2015-04-24,bls_and_claims_screen_only,8.155583437892096,3.0176211453744495,8.456800587670227
macro_placebo_20150529_0830,2015-05-29,bls_and_claims_screen_only,4.923500611995104,4.452690166975882,11.85723310170562
macro_placebo_20150724_0830,2015-07-24,bls_and_claims_screen_only,0.8581389112362564,0.5362776025236593,1.4709567198177675
macro_placebo_20150826_0830,2015-08-26,bls_and_claims_screen_only,2.403301183255444,2.7200704225352115,12.604461200125668
macro_placebo_20150923_0830,2015-09-23,bls_and_claims_screen_only,2.282480893592005,2.105798575788403,0.8525311812179017
macro_placebo_20151124_0830,2015-11-24,bls_and_claims_screen_only,1.4241340361445782,1.9410496046010066,1.9911702604133341
macro_placebo_20151222_0830,2015-12-22,bls_and_claims_screen_only,0.8631232361241769,1.5044247787610618,2.8697549846245414
macro_placebo_20160127_0830,2016-01-27,bls_and_claims_screen_only,0.6931543205058154,0.9180098107918712,0.11412366855720017
macro_placebo_20160226_0830,2016-02-26,bls_and_claims_screen_only,6.776615714668812,4.554455445544555,9.16015300182937
macro_placebo_20160323_0830,2016-03-23,bls_and_claims_screen_only,1.0130796670630202,0.8229426433915211,1.3267626990144048
macro_placebo_20160524_0830,2016-05-24,bls_and_claims_screen_only,5.861153262518967,2.006109979633401,1.779014102729978
macro_placebo_20160722_0830,2016-07-22,bls_and_claims_screen_only,1.0240963855421688,2.561576354679803,2.2977908160210743
macro_placebo_20160823_0830,2016-08-23,bls_and_claims_screen_only,2.480916030534351,1.1085972850678731,0.38082191780821917
macro_placebo_20160923_0830,2016-09-23,bls_and_claims_screen_only,1.5972972972972972,0.7941653160453809,0.9939569432204457
macro_placebo_20161025_0830,2016-10-25,bls_and_claims_screen_only,1.1704494882064975,1.725,0.4024782444192206
macro_placebo_20170125_0830,2017-01-25,bls_and_claims_screen_only,4.356702619414484,2.7733333333333334,1.7060156766455754
macro_placebo_20170222_0830,2017-02-22,bls_and_claims_screen_only,0.8221746116764864,0.7300884955752212,1.2505179102791064
macro_placebo_20170322_0830,2017-03-22,bls_and_claims_screen_only,0.4226013460635467,0.3890641430073607,1.1725621717395431
macro_placebo_20170421_0830,2017-04-21,bls_and_claims_screen_only,0.32013769363166955,0.2348993288590604,0.3492361735152357
macro_placebo_20170519_0830,2017-05-19,bls_and_claims_screen_only,1.331419739456834,0.601610611084794,1.664301990627284
macro_placebo_20170621_0830,2017-06-21,bls_and_claims_screen_only,0.5420719614694494,0.43660582141095217,1.9952806091419955
macro_placebo_20170721_0830,2017-07-21,bls_and_claims_screen_only,3.160020191822312,0.680628272251309,0.20500756175432702
macro_placebo_20170818_0830,2017-08-18,bls_and_claims_screen_only,0.4497772668486852,0.6317611423626136,0.07257748136524127
macro_placebo_20171020_0830,2017-10-20,bls_and_claims_screen_only,1.2587412587412588,3.3532934131736525,0.22525059128280214
macro_placebo_20171108_0830,2017-11-08,bls_and_claims_screen_only,1.890018484288355,1.3853503184713376,3.995600439956004
macro_placebo_20171220_0830,2017-12-20,bls_and_claims_screen_only,0.399673735725938,0.5095541401273885,0.6106165123911719
macro_placebo_20180119_0830,2018-01-19,bls_and_claims_screen_only,1.1300757054370267,0.9202898550724637,0.21956866723900206
macro_placebo_20180221_0830,2018-02-21,bls_and_claims_screen_only,3.0231436837029895,2.897526501766784,5.648501910315705
macro_placebo_20180320_0830,2018-03-20,bls_and_claims_screen_only,1.059892328398385,0.6351550960118169,0.49014238773274915
macro_placebo_20180418_0830,2018-04-18,bls_and_claims_screen_only,1.076487252124646,1.3073713490959664,7.138778893084077
macro_placebo_20180619_0830,2018-06-19,bls_and_claims_screen_only,1.0134491157471144,1.3486543695192017,1.0505822676287775
macro_placebo_20180817_0830,2018-08-17,bls_and_claims_screen_only,1.2602459016393444,1.0118632240055827,2.888792084137158
macro_placebo_20181107_0830,2018-11-07,bls_and_claims_screen_only,0.8419193405946424,0.7007952286282306,2.1740852209725965
macro_placebo_20181219_0830,2018-12-19,bls_and_claims_screen_only,1.1404779145546706,1.7460317460317463,1.2887374696979623
macro_placebo_20190118_0830,2019-01-18,bls_and_claims_screen_only,1.4485743380855396,1.331028522039758,0.015335147167944596
macro_placebo_20190220_0830,2019-02-20,bls_and_claims_screen_only,0.5228981544771018,1.1927877947295424,0.07252369743622368
macro_placebo_20190319_0830,2019-03-19,bls_and_claims_screen_only,3.002610966057441,2.460697197539303,1.6005474133129645
macro_placebo_20190417_0830,2019-04-17,bls_and_claims_screen_only,1.7919580419580419,0.8803222094361334,0.16143672199170123
macro_placebo_20190517_0830,2019-05-17,bls_and_claims_screen_only,1.690337601862631,1.2582599118942732,0.38864589028613084
macro_placebo_20190619_0830,2019-06-19,bls_and_claims_screen_only,0.5803571428571429,0.7471264367816092,1.042234332425068
macro_placebo_20190820_0830,2019-08-20,bls_and_claims_screen_only,1.3915512957046503,1.892036344200962,1.341916891326578
macro_placebo_20191120_0830,2019-11-20,bls_and_claims_screen_only,0.5772972972972973,1.0,0.3720273133976925
macro_placebo_20191218_0830,2019-12-18,bls_and_claims_screen_only,0.6297454220634211,1.0788863109048723,1.3928794503435353
macro_placebo_20200121_0830,2020-01-21,bls_and_claims_screen_only,2.0305311585110832,1.680244399185336,1.2157989228007182
macro_placebo_20200318_0830,2020-03-18,bls_and_claims_screen_only,0.0,10.0,0.8302151543498596
macro_placebo_20200417_0830,2020-04-17,bls_and_claims_screen_only,1.7809638970461221,1.4247311827956988,0.6795482124521609
macro_placebo_20200519_0830,2020-05-19,bls_and_claims_screen_only,1.4634146341463414,1.6063199473337721,0.1033175355450237
macro_placebo_20200617_0830,2020-06-17,bls_and_claims_screen_only,1.974496092143151,1.6666666666666665,1.8427108959606382
macro_placebo_20200721_0830,2020-07-21,bls_and_claims_screen_only,3.348245010323468,3.2872407291011942,0.09540770894288259
macro_placebo_20200819_0830,2020-08-19,bls_and_claims_screen_only,1.1277557942340304,0.6831629908552985,0.6577181208053692
macro_placebo_20200918_0830,2020-09-18,bls_and_claims_screen_only,1.070180155955902,1.471186440677966,2.1307619943555975
macro_placebo_20201020_0830,2020-10-20,bls_and_claims_screen_only,0.6167751265365148,1.2020561486753656,3.0713123492116927
macro_placebo_20210120_0830,2021-01-20,bls_and_claims_screen_only,0.7716722872445942,0.8679706601466993,3.4262295081967213
macro_placebo_20210203_0830,2021-02-03,bls_and_claims_screen_only,0.8054260279779567,0.5610561056105611,4.12255244113001
macro_placebo_20210317_0830,2021-03-17,bls_and_claims_screen_only,1.4317032040472175,1.445861956166176,1.4419958632312762
macro_placebo_20210420_0830,2021-04-20,bls_and_claims_screen_only,0.6941734039587399,0.5511111111111111,0.6458074110042185
macro_placebo_20210519_0830,2021-05-19,bls_and_claims_screen_only,1.2629107981220657,2.1566683192860685,4.7873285305437685
macro_placebo_20210720_0830,2021-07-20,bls_and_claims_screen_only,3.789415452701457,1.7773788150807899,0.9207026414895578
macro_placebo_20210818_0830,2021-08-18,bls_and_claims_screen_only,0.7378164987748435,1.220447284345048,1.0831802877257424
macro_placebo_20210921_0830,2021-09-21,bls_and_claims_screen_only,1.2952145585261738,2.413793103448276,0.880801453965158
macro_placebo_20211020_0830,2021-10-20,bls_and_claims_screen_only,1.280269948392219,3.2570806100217866,3.091943239122786
macro_placebo_20211117_0830,2021-11-17,bls_and_claims_screen_only,0.6905116741182314,0.5994397759103641,0.5408623715216847
macro_placebo_20211217_0830,2021-12-17,bls_and_claims_screen_only,1.1079265562024183,1.3528336380255943,1.8756644560319953
macro_placebo_20220119_0830,2022-01-19,bls_and_claims_screen_only,0.8924122310305775,0.818639798488665,0.7117107154705297
macro_placebo_20220419_0830,2022-04-19,bls_and_claims_screen_only,1.128691983122363,1.0701906412478335,0.7373299446853042
macro_placebo_20220518_0830,2022-05-18,bls_and_claims_screen_only,1.4160239931448158,1.413249211356467,3.6762697535279965
macro_placebo_20220617_0830,2022-06-17,bls_and_claims_screen_only,1.4992535721902325,1.4994363021420518,0.7048943930782934
macro_placebo_20220720_0830,2022-07-20,bls_and_claims_screen_only,1.0104001653006405,1.2395950506186726,1.5336071321246119
macro_placebo_20220817_0830,2022-08-17,bls_and_claims_screen_only,5.635652853792025,6.938692651238327,4.2413041165833425
macro_placebo_20220920_0830,2022-09-20,bls_and_claims_screen_only,1.7909012215062037,2.3787635026430705,1.13561190738699
macro_placebo_20221220_0830,2022-12-20,bls_and_claims_screen_only,2.2340072920119325,2.472761724301279,0.7858027683524532
macro_placebo_20230221_0830,2023-02-21,bls_and_claims_screen_only,1.9953511132860289,2.508751458576429,1.3908205841446453
macro_placebo_20230321_0830,2023-03-21,bls_and_claims_screen_only,2.388888888888889,2.278697886921759,1.9154334038054968
macro_placebo_20230419_0830,2023-04-19,bls_and_claims_screen_only,0.6298366294067068,0.6108597285067873,0.02787354214039463
macro_placebo_20230517_0830,2023-05-17,bls_and_claims_screen_only,1.1354520209811785,1.5449101796407185,1.5177792003724613
macro_placebo_20230620_0830,2023-06-20,bls_and_claims_screen_only,1.800455811597873,1.971136923618444,3.432773285289312
macro_placebo_20230719_0830,2023-07-19,bls_and_claims_screen_only,1.2469135802469136,2.0987654320987654,3.2091491942470975
macro_placebo_20230920_0830,2023-09-20,bls_and_claims_screen_only,0.8610466615106986,0.9936908517350158,1.2818998884733976
macro_placebo_20231121_0830,2023-11-21,bls_and_claims_screen_only,1.3678457567936844,2.267461105594174,1.5029436092054687
macro_placebo_20231219_0830,2023-12-19,bls_and_claims_screen_only,4.74188790560472,3.9890042761148443,5.3639067146658315
macro_placebo_20240110_0830,2024-01-10,no_scheduled_official_release_at_clock,1.253076292042658,2.294478527607362,0.10420989532899895
macro_placebo_20240214_0830,2024-02-14,no_scheduled_official_release_at_clock,0.8893146979260594,2.0469208211143695,0.8904947840783262
macro_placebo_20240313_0830,2024-03-13,no_scheduled_official_release_at_clock,1.8850193477059147,1.8211143695014662,0.665225832448075
macro_placebo_20240417_0830,2024-04-17,no_scheduled_official_release_at_clock,0.9582164476598258,1.0505836575875487,1.1395490554539915
macro_placebo_20240508_0830,2024-05-08,no_scheduled_official_release_at_clock,0.8530202291696138,1.0269121813031161,0.3016762730685844
macro_placebo_20240611_0830,2024-06-11,no_scheduled_official_release_at_clock,0.7502308402585411,0.6852248394004283,2.0215633423180592
macro_placebo_20240710_0830,2024-07-10,no_scheduled_official_release_at_clock,0.8995541568318909,4.011049723756906,1.21118522656327
macro_placebo_20240807_0830,2024-08-07,no_scheduled_official_release_at_clock,2.2108227720780524,2.0231729055258465,0.8799955625814683
macro_placebo_20240924_0830,2024-09-24,no_scheduled_official_release_at_clock,0.8458781362007168,1.2422360248447204,0.762920881252598
macro_placebo_20241023_0830,2024-10-23,no_scheduled_official_release_at_clock,1.1143330571665286,1.5194610778443114,1.5341759329603795
macro_placebo_20241120_0830,2024-11-20,no_scheduled_official_release_at_clock,0.8113940440224429,1.009933774834437,0.4637005600584409
macro_placebo_20241203_0830,2024-12-03,no_scheduled_official_release_at_clock,0.9800362976406533,1.0834049871023217,1.374236252545825
macro_placebo_20250108_0830,2025-01-08,no_scheduled_official_release_at_clock,1.7840059790732437,1.6304857098235204,2.836139841012052
macro_placebo_20250211_0830,2025-02-11,no_scheduled_official_release_at_clock,0.9165386584741424,1.074574280681151,0.08182717381530438
macro_placebo_20250304_0830,2025-03-04,no_scheduled_official_release_at_clock,1.4016115351993215,1.9405800518745577,0.9478785716409478
macro_placebo_20250408_0830,2025-04-08,no_scheduled_official_release_at_clock,0.7572800374736512,0.7885930452495272,2.63642077595566
macro_placebo_20250505_0830,2025-05-05,no_scheduled_official_release_at_clock,1.1141753998896855,1.4824335904027421,0.2322395012673837
macro_placebo_20250610_0830,2025-06-10,no_scheduled_official_release_at_clock,1.2,0.7131537242472266,1.2503153115277894
macro_placebo_20250708_0830,2025-07-08,no_scheduled_official_release_at_clock,1.220735785953177,1.5004748338081673,0.5528671667069924
macro_placebo_20250806_0830,2025-08-06,no_scheduled_official_release_at_clock,0.5494505494505494,0.5804643714971978,2.3119354616286287
macro_placebo_20251031_0830,2025-10-31,bls_and_claims_screen_only,1.2330009066183136,1.4883311316600616,1.250738625172346
macro_placebo_20260120_0830,2026-01-20,bls_and_claims_screen_only,1.1175484067693247,0.9742300439974859,0.4989615031637926
macro_placebo_20260220_0830,2026-02-20,bls_and_claims_screen_only,7.331330237639989,6.130358191426893,17.914394529559424
macro_placebo_20260304_0830,2026-03-04,bls_and_claims_screen_only,0.5712936732766761,0.68762278978389,2.0593408494564747
macro_placebo_20260417_0830,2026-04-17,bls_and_claims_screen_only,2.132501485442662,2.1794631124460295,1.9522263334088448
macro_placebo_20260519_0830,2026-05-19,bls_and_claims_screen_only,1.581147852527556,0.9350356740518212,2.44270462633452
macro_placebo_20260617_0830,2026-06-17,bls_and_claims_screen_only,2.0545977011494254,3.2121612690019825,4.823343848580442
macro_placebo_20260721_0830,2026-07-21,bls_and_claims_screen_only,1.1033347056401812,0.7864164432529044,0.047161087479193634
macro_placebo_20260819_0830,2026-08-19,bls_and_claims_screen_only,0.9690692395005676,1.205992509363296,1.4817036592681463
macro_placebo_20260918_0830,2026-09-18,bls_and_claims_screen_only,0.5989817310572028,0.7950949367088608,0.08467035963376482
