event_id,time_utc,date_et,minute_of_day,detected_in,return_bp_ES,return_bp_NQ,return_bp_ZN,jump_statistic_ES,jump_statistic_NQ,jump_statistic_ZN,volume_ES,volume_ZN,clock_et,controls
jump_20150204_1541,2015-02-04 20:41:00+00:00,2015-02-04,941.0,ZN,-13.477917,-14.200346,7.208073,-2.989487,-3.6309118,8.782732,12207.0,6093.0,15:41,3
jump_20150220_1235,2015-02-20 17:35:00+00:00,2015-02-20,755.0,ES and ZN,22.679808,16.97313,-17.079424,12.316546,12.300386,-11.542593,29719.0,31387.0,12:35,4
jump_20150413_1451,2015-04-13 18:51:00+00:00,2015-04-13,891.0,ES,-14.360941,-14.739232,1.2113137,-9.324563,-6.1312776,1.3761927,9262.0,683.0,14:51,4
jump_20150615_1351,2015-06-15 17:51:00+00:00,2015-06-15,831.0,ES,-15.661711,-16.397617,6.2239375,-8.221928,-8.333766,4.2175446,29117.0,15059.0,13:51,4
jump_20150810_0809,2015-08-10 12:09:00+00:00,2015-08-10,489.0,ES,15.582862,13.204954,0.0,10.438096,7.895003,0.0,6968.0,365.0,08:09,4
jump_20151027_1154,2015-10-27 15:54:00+00:00,2015-10-27,714.0,ES,-17.006807,-15.670173,1.2113137,-8.592332,-7.3902693,1.0823399,14167.0,7475.0,11:54,4
jump_20160211_1438,2016-02-11 19:38:00+00:00,2016-02-11,878.0,ES,44.205074,46.655888,-9.442871,9.283881,7.8424897,-5.3711925,26342.0,8737.0,14:38,4
jump_20160329_1220,2016-03-29 16:20:00+00:00,2016-03-29,740.0,ES and ZN,23.412,19.814878,20.470837,15.180042,9.56983,35.230453,21467.0,19799.0,12:20,4
jump_20160726_1054,2016-07-26 14:54:00+00:00,2016-07-26,654.0,ES,-17.358103,-24.140995,3.5521877,-14.18923,-11.205626,2.6821833,27807.0,8485.0,10:54,4
jump_20161004_1139,2016-10-04 15:39:00+00:00,2016-10-04,699.0,ZN,-18.589525,-18.477652,-17.93508,-5.4498224,-5.6860642,-14.813472,17886.0,37247.0,11:39,4
jump_20161101_1424,2016-11-01 18:24:00+00:00,2016-11-01,864.0,ZN,2.3877747,1.586672,7.221955,0.8211231,0.47886014,8.895776,3427.0,14375.0,14:24,4
jump_20170119_1408,2017-01-19 19:08:00+00:00,2017-01-19,848.0,ES,-14.39885,-14.86547,2.5198438,-8.570724,-7.810821,,24862.0,1568.0,14:08,4
jump_20170120_1205,2017-01-20 17:05:00+00:00,2017-01-20,725.0,ES,-15.442315,-16.304754,0.0,-10.913856,-8.887289,,34731.0,16765.0,12:05,4
jump_20170222_1038,2017-02-22 15:38:00+00:00,2017-02-22,638.0,ZN,5.292966,0.9347978,-11.27184,2.867393,0.605852,-9.534184,7803.0,20462.0,10:38,4
jump_20170324_1211,2017-03-24 16:11:00+00:00,2017-03-24,731.0,ES,-15.965093,-16.235653,5.018821,-9.490667,-14.949239,,23739.0,11954.0,12:11,3
jump_20170501_1251,2017-05-01 16:51:00+00:00,2017-05-01,771.0,ES,-14.679671,-8.008186,8.717854,-11.211654,-5.5794578,,20150.0,21570.0,12:51,4
jump_20170929_1036,2017-09-29 14:36:00+00:00,2017-09-29,636.0,ZN,0.0,2.521644,6.2324715,0.0,0.94581336,inf,1203.0,9480.0,10:36,4
jump_20171201_1108,2017-12-01 16:08:00+00:00,2017-12-01,668.0,ES,-21.752502,-22.452003,13.807822,-8.338985,-5.9789243,,33737.0,1388.0,11:08,2
jump_20180216_1252,2018-02-16 17:52:00+00:00,2018-02-16,772.0,ES,-15.486225,-19.42709,2.5893319,-10.278271,-6.928991,,11793.0,4165.0,12:52,4
jump_20180725_1536,2018-07-25 19:36:00+00:00,2018-07-25,936.0,ES,19.393518,17.69646,-5.2260256,12.981976,9.666615,,28557.0,47107.0,15:36,3
jump_20180731_0924,2018-07-31 13:24:00+00:00,2018-07-31,564.0,ES,31.112518,31.826227,-9.154516,27.327808,14.757648,,27986.0,45102.0,09:24,4
jump_20180817_0807,2018-08-17 12:07:00+00:00,2018-08-17,487.0,ES,-12.33263,-13.236718,1.2976059,-10.077624,-10.011478,,4285.0,7524.0,08:07,4
jump_20180907_1208,2018-09-07 16:08:00+00:00,2018-09-07,728.0,ES,-15.652177,-19.459827,2.611307,-8.684321,-7.2269,,30941.0,27069.0,12:08,3
jump_20181130_0821,2018-11-30 13:21:00+00:00,2018-11-30,501.0,ES,21.933842,27.563213,-2.6140375,14.107652,15.524246,,10542.0,2701.0,08:21,2
jump_20190117_1438,2019-01-17 19:38:00+00:00,2019-01-17,878.0,ES,16.197422,16.439383,-2.5693731,9.147932,7.194259,-1.8004415,17513.0,35909.0,14:38,4
jump_20190123_1208,2019-01-23 17:08:00+00:00,2019-01-23,728.0,ES,-22.93579,-23.846035,0.0,-8.026608,-5.1266522,0.0,10685.0,1740.0,12:08,4
jump_20190319_1249,2019-03-19 16:49:00+00:00,2019-03-19,769.0,ES,-16.698162,-15.572636,1.2716984,-8.688174,-5.322143,0.84700304,19068.0,12294.0,12:49,3
jump_20190411_1140,2019-04-11 15:40:00+00:00,2019-04-11,700.0,ES,-19.04103,-15.756306,2.5278058,-11.580084,-9.958495,3.222021,20604.0,3592.0,11:40,4
jump_20190513_0807,2019-05-13 12:07:00+00:00,2019-05-13,487.0,ES,-24.637056,-27.847227,6.2857504,-12.404233,-11.290626,4.023161,12863.0,19295.0,08:07,3
jump_20190513_1338,2019-05-13 17:38:00+00:00,2019-05-13,818.0,ZN,14.232346,13.61517,-6.2762823,4.2941737,3.2676384,-8.927813,7796.0,14843.0,13:38,3
jump_20190530_1506,2019-05-30 19:06:00+00:00,2019-05-30,906.0,ZN,-8.090979,-9.691265,6.21311,-3.1415563,-3.1332493,10.12461,6313.0,6888.0,15:06,3
jump_20190603_1325,2019-06-03 17:25:00+00:00,2019-06-03,805.0,ES,39.12475,49.500645,3.68981,10.539702,10.050416,4.6338153,28417.0,40204.0,13:25,3
jump_20190604_0955,2019-06-04 13:55:00+00:00,2019-06-04,595.0,ZN,13.55075,13.844764,14.7637825,3.477827,2.0193915,11.949814,11631.0,27042.0,09:55,4
jump_20190618_1123,2019-06-18 15:23:00+00:00,2019-06-18,683.0,ZN,-11.087894,-10.418364,9.791923,-6.1243105,-4.921174,8.258638,13494.0,15283.0,11:23,4
jump_20190625_1236,2019-06-25 16:36:00+00:00,2019-06-25,756.0,ZN,-5.1072526,-6.832268,-9.75253,-2.332115,-3.6284294,-14.399251,3685.0,20494.0,12:36,4
jump_20190801_1326,2019-08-01 17:26:00+00:00,2019-08-01,806.0,ES,-19.11967,-27.855608,1.2203307,-13.365283,-16.319012,0.7414098,22088.0,58302.0,13:26,3
jump_20190815_1352,2019-08-15 17:52:00+00:00,2019-08-15,832.0,ZN,-9.7091675,-12.73971,9.5215435,-2.4807956,-2.997688,12.949694,4763.0,22477.0,13:52,3
jump_20190924_1223,2019-09-24 16:23:00+00:00,2019-09-24,743.0,ES,-22.669083,-30.612104,2.3937762,-9.244511,-6.814068,1.6096678,28148.0,6340.0,12:23,4
jump_20190927_1136,2019-09-27 15:36:00+00:00,2019-09-27,696.0,ES,-32.716778,-35.708004,8.397817,-14.66446,-14.712393,6.8559813,21849.0,23043.0,11:36,3
jump_20191003_1324,2019-10-03 17:24:00+00:00,2019-10-03,804.0,ZN,6.8935804,8.844195,-8.3022,2.729106,2.71326,-8.968222,3431.0,4681.0,13:24,3
jump_20191010_1407,2019-10-10 18:07:00+00:00,2019-10-10,847.0,ES,-28.091103,-31.005774,4.7801147,-13.392299,-12.18063,5.763218,16072.0,6268.0,14:07,3
jump_20191011_1326,2019-10-11 17:26:00+00:00,2019-10-11,806.0,ES,25.142487,27.56088,-8.421053,9.876721,8.611326,-3.368395,14414.0,27338.0,13:26,4
jump_20191029_0922,2019-10-29 13:22:00+00:00,2019-10-29,562.0,ZN,1.6485329,1.5437578,-7.250756,1.859279,1.4946507,-8.59723,566.0,7594.0,09:22,4
jump_20191119_1138,2019-11-19 16:38:00+00:00,2019-11-19,698.0,ES and ZN,15.216436,14.677913,-6.037554,9.65101,7.9892583,-13.08255,20059.0,16287.0,11:38,4
jump_20191120_1255,2019-11-20 17:55:00+00:00,2019-11-20,775.0,ZN,-5.6276884,-5.714544,6.025912,-1.7317243,-3.0363026,8.697905,34223.0,48537.0,12:55,4
jump_20191121_0807,2019-11-21 13:07:00+00:00,2019-11-21,487.0,ES,16.077173,21.41038,-6.0273643,14.904964,16.90114,-2.9312103,10165.0,25749.0,08:07,3
jump_20200103_1339,2020-01-03 18:39:00+00:00,2020-01-03,819.0,ZN,9.268558,11.046125,-6.038283,4.6161532,5.002774,-8.924937,7510.0,7192.0,13:39,4
jump_20200114_1336,2020-01-14 18:36:00+00:00,2020-01-14,816.0,ES,-24.312426,-30.560436,6.050705,-17.403172,-18.541159,6.1412325,22008.0,35792.0,13:36,4
jump_20200608_1334,2020-06-08 17:34:00+00:00,2020-06-08,814.0,ES,18.691595,16.015663,-1.1373329,13.568539,9.077222,-0.97522545,20286.0,3759.0,13:34,2
jump_20200930_1423,2020-09-30 18:23:00+00:00,2020-09-30,863.0,ES,-33.300064,-32.17954,3.3604033,-13.179017,-11.470691,2.9012067,36666.0,12042.0,14:23,2
jump_20201006_1449,2020-10-06 18:49:00+00:00,2020-10-06,889.0,ES,-34.466354,-35.94736,7.876231,-11.023048,-10.209046,7.675415,25513.0,26841.0,14:49,4
jump_20201203_1540,2020-12-03 20:40:00+00:00,2020-12-03,940.0,ZN,-13.636056,-13.216391,6.80658,-4.321543,-4.0840774,10.552572,10786.0,24288.0,15:40,3
jump_20210126_1426,2021-01-26 19:26:00+00:00,2021-01-26,866.0,ES,-13.640351,-12.967527,0.0,-10.279136,-9.069097,0.0,7565.0,44.0,14:26,4
jump_20210520_1353,2021-05-20 17:53:00+00:00,2021-05-20,833.0,ES,-16.253803,-20.034882,0.0,-12.216141,-13.837717,0.0,5309.0,310.0,13:53,3
jump_20210521_1438,2021-05-21 18:38:00+00:00,2021-05-21,878.0,ES,-13.836669,-14.153757,0.0,-8.81467,-7.057079,0.0,10274.0,3.0,14:38,4
jump_20210527_1050,2021-05-27 14:50:00+00:00,2021-05-27,650.0,ES,-14.263642,-14.962141,1.178481,-8.671252,-6.188259,1.3820194,13387.0,1339.0,10:50,4
jump_20210909_1320,2021-09-09 17:20:00+00:00,2021-09-09,800.0,ES,-13.313365,-14.734147,0.0,-8.2526655,-7.6349564,0.0,11329.0,7304.0,13:20,4
jump_20211026_1134,2021-10-26 15:34:00+00:00,2021-10-26,694.0,ES,-12.550134,-18.88635,2.3952096,-8.87882,-5.7128754,2.2447534,8547.0,2215.0,11:34,3
jump_20211028_1149,2021-10-28 15:49:00+00:00,2021-10-28,709.0,ES,-12.012013,-12.392954,0.0,-9.67818,-7.00973,0.0,8010.0,4307.0,11:49,4
jump_20211119_1238,2021-11-19 17:38:00+00:00,2021-11-19,758.0,ZN,-3.1825173,-3.759879,-5.9655194,-2.4190218,-2.3194296,-8.101684,4688.0,22592.0,12:38,4
jump_20211130_1035,2021-11-30 15:35:00+00:00,2021-11-30,635.0,ZN,-2.694619,-13.099375,-16.60342,-0.5559551,-3.1192057,-10.503521,10112.0,1657.0,10:35,4
jump_20220211_1337,2022-02-11 18:37:00+00:00,2022-02-11,817.0,ZN,-11.8033905,-15.950902,14.847813,-2.8344223,-2.7701774,10.158288,8346.0,37193.0,13:37,4
jump_20220218_0809,2022-02-18 13:09:00+00:00,2022-02-18,489.0,ES,-17.640202,-18.947706,4.942543,-9.394059,-10.953766,5.4326296,3610.0,13051.0,08:09,3
jump_20220309_0908,2022-03-09 14:08:00+00:00,2022-03-09,548.0,ZN,27.670677,36.07853,-12.325898,7.3059964,8.613022,-9.719176,13784.0,35589.0,09:08,4
jump_20221013_1120,2022-10-13 15:20:00+00:00,2022-10-13,680.0,ES,89.58781,106.10907,2.8172982,8.445007,8.190509,0.87358654,32508.0,6381.0,11:20,4
jump_20221117_1155,2022-11-17 16:55:00+00:00,2022-11-17,715.0,ES,27.963158,31.282835,5.55093,10.372224,7.466902,4.435658,11426.0,1996.0,11:55,3
jump_20221123_1154,2022-11-23 16:54:00+00:00,2022-11-23,714.0,ES,-18.66717,-30.698574,0.0,-8.3147955,-9.883371,0.0,9210.0,678.0,11:54,4
jump_20230120_1319,2023-01-20 18:19:00+00:00,2023-01-20,799.0,ES,-18.375952,-21.911041,-2.716653,-8.20783,-7.11565,-1.9341089,5770.0,4028.0,13:19,4
jump_20230207_1241,2023-02-07 17:41:00+00:00,2023-02-07,761.0,ES,30.865156,42.506767,9.642538,13.278646,12.938397,5.941703,14127.0,5514.0,12:41,4
jump_20230508_1407,2023-05-08 18:07:00+00:00,2023-05-08,847.0,ES,-19.30619,-18.784992,2.7103944,-11.075172,-8.569591,2.0101995,19070.0,3537.0,14:07,4
jump_20230712_1140,2023-07-12 15:40:00+00:00,2023-07-12,700.0,ES,-16.091894,-18.511005,1.3922728,-8.910548,-6.829045,0.94525254,25367.0,2079.0,11:40,4
jump_20230719_1054,2023-07-19 14:54:00+00:00,2023-07-19,654.0,ES,-14.128134,-20.915285,1.3851374,-8.397206,-6.6686926,0.8066412,12074.0,2563.0,10:54,4
jump_20231222_1405,2023-12-22 19:05:00+00:00,2023-12-22,845.0,ES,-12.490244,-16.497522,-1.3868663,-9.049298,-9.800111,-1.2599336,11483.0,840.0,14:05,4
jump_20240306_1155,2024-03-06 16:55:00+00:00,2024-03-06,715.0,ZN,-0.97494394,0.5518459,12.598867,-0.48830044,0.19979818,9.571652,4935.0,44570.0,11:55,4
jump_20240715_1241,2024-07-15 16:41:00+00:00,2024-07-15,761.0,ZN,6.143315,7.6228275,7.029877,2.512624,2.0401459,9.72574,6270.0,19865.0,12:41,4
jump_20240730_1255,2024-07-30 16:55:00+00:00,2024-07-30,775.0,ZN,-0.45897877,-1.0612191,8.408072,-0.14297204,-0.23299499,12.658109,5994.0,17236.0,12:55,4
jump_20240812_1122,2024-08-12 15:22:00+00:00,2024-08-12,682.0,ES,-24.143387,-34.201313,1.3822656,-9.256883,-9.329032,0.9491468,8428.0,3730.0,11:22,3
jump_20240912_1451,2024-09-12 18:51:00+00:00,2024-09-12,891.0,ES,-29.511736,-37.08286,4.0708327,-12.819331,-10.211797,2.1379297,14295.0,10351.0,14:51,4
jump_20250130_1539,2025-01-30 20:39:00+00:00,2025-01-30,939.0,ES,-18.056473,-17.232311,-4.2946105,-8.958129,-7.865909,-6.111433,13970.0,4859.0,15:39,4
jump_20250131_1319,2025-01-31 18:19:00+00:00,2025-01-31,799.0,ES,-17.941612,-21.715534,-5.7265573,-14.055422,-12.477697,-3.1772912,18263.0,15956.0,13:19,4
jump_20250204_1420,2025-02-04 19:20:00+00:00,2025-02-04,860.0,ZN,3.709734,4.0374446,5.7240987,2.376019,2.0052025,8.137867,3247.0,12610.0,14:20,4
jump_20250206_1039,2025-02-06 15:39:00+00:00,2025-02-06,639.0,ES,-21.329842,-31.999292,7.1280923,-9.921724,-9.960536,4.211672,14640.0,7505.0,10:39,4
jump_20250207_1053,2025-02-07 15:53:00+00:00,2025-02-07,653.0,ES,-52.646854,-66.50965,5.7265573,-13.829507,-11.965618,3.2030354,29469.0,28666.0,10:53,4
jump_20250409_1319,2025-04-09 17:19:00+00:00,2025-04-09,799.0,ES and ZN,254.67564,263.19904,-33.888763,23.954441,22.971651,-8.343119,38633.0,54602.0,13:19,3
jump_20250430_1407,2025-04-30 18:07:00+00:00,2025-04-30,847.0,ZN,28.377758,30.38834,-8.350731,5.872025,5.5676255,-9.7698145,22114.0,19999.0,14:07,2
jump_20250530_0809,2025-05-30 12:09:00+00:00,2025-05-30,489.0,ES,-16.060186,-16.359348,1.4107357,-12.563203,-9.443368,1.905595,10920.0,15413.0,08:09,3
jump_20250723_1154,2025-07-23 15:54:00+00:00,2025-07-23,714.0,ES,12.164736,14.411394,-2.8129396,10.019049,11.045472,-2.2956438,29436.0,12625.0,11:54,3
jump_20250806_1136,2025-08-06 15:36:00+00:00,2025-08-06,696.0,ZN,-3.1416903,-3.321743,-12.54443,-1.1587663,-0.9191719,-10.8111,3301.0,20049.0,11:36,3
jump_20251014_1537,2025-10-14 19:37:00+00:00,2025-10-14,937.0,ES,-35.10217,-36.446053,2.754821,-16.688658,-15.421523,3.9662704,43793.0,52972.0,15:37,4
jump_20260209_1321,2026-02-09 18:21:00+00:00,2026-02-09,801.0,ES,-13.956737,-19.129515,2.7862914,-10.60796,-9.476207,3.574172,14456.0,3785.0,13:21,3
jump_20260303_1437,2026-03-03 19:37:00+00:00,2026-03-03,877.0,ES,28.546352,33.912365,1.3818835,8.223376,7.610205,1.2181853,15059.0,8396.0,14:37,3
jump_20260309_1519,2026-03-09 19:19:00+00:00,2026-03-09,919.0,ES and ZN,39.320477,44.66955,8.337966,18.635948,16.77328,9.1537,19988.0,22901.0,15:19,3
jump_20260312_1139,2026-03-12 15:39:00+00:00,2026-03-12,699.0,ES,29.08171,32.552013,4.1984468,9.274944,8.847073,2.3491154,14389.0,16019.0,11:39,4
jump_20260325_1455,2026-03-25 18:55:00+00:00,2026-03-25,895.0,ES,-21.839003,-25.147175,-8.454277,-11.74485,-10.624836,-4.280473,11124.0,20116.0,14:55,2
jump_20260327_1123,2026-03-27 15:23:00+00:00,2026-03-27,683.0,ES,27.812132,33.058582,5.670542,8.251787,8.780331,3.4014254,14768.0,15022.0,11:23,2
jump_20260331_1239,2026-03-31 16:39:00+00:00,2026-03-31,759.0,ZN,19.96775,23.052692,7.033833,4.421461,4.995183,8.660403,10685.0,17454.0,12:39,2
jump_20260413_1206,2026-04-13 16:06:00+00:00,2026-04-13,726.0,ES,12.031282,15.213035,1.4079549,8.237079,8.228065,2.3051686,14448.0,19329.0,12:06,4
jump_20260416_1137,2026-04-16 15:37:00+00:00,2026-04-16,697.0,ZN,5.650316,4.1476955,5.6156116,2.3908777,1.2134669,10.476213,12706.0,11527.0,11:37,3
jump_20260421_1454,2026-04-21 18:54:00+00:00,2026-04-21,894.0,ES,16.86104,20.505146,4.213187,10.486235,10.435356,2.3388526,13609.0,12751.0,14:54,4
jump_20260504_1207,2026-05-04 16:07:00+00:00,2026-05-04,727.0,ZN,-14.901841,-17.341045,-5.6761746,-4.4442296,-3.358582,-8.839146,12489.0,24473.0,12:07,4
jump_20260601_0911,2026-06-01 13:11:00+00:00,2026-06-01,551.0,ES,-15.792074,-21.218859,-5.697194,-13.501173,-12.36106,-4.232822,11964.0,22910.0,09:11,2
jump_20260609_1238,2026-06-09 16:38:00+00:00,2026-06-09,758.0,ZN,-46.357586,-64.41643,-12.881989,-6.0925,-4.7196093,-16.688564,22904.0,71410.0,12:38,3
jump_20260611_0822,2026-06-11 12:22:00+00:00,2026-06-11,502.0,ES,-26.65848,-34.186287,-10.015023,-13.041387,-15.27554,-6.291751,10195.0,32680.0,08:22,3
jump_20260612_1052,2026-06-12 14:52:00+00:00,2026-06-12,652.0,ZN,35.44248,48.114754,9.993576,5.757425,5.4584594,8.655278,10206.0,38399.0,10:52,3
jump_20260727_1225,2026-07-27 16:25:00+00:00,2026-07-27,745.0,ES,23.842716,34.199,2.878112,9.042593,7.3094387,4.270287,15825.0,27085.0,12:25,3
jump_20260922_1352,2026-09-22 17:52:00+00:00,2026-09-22,832.0,ZN,7.9779177,10.416457,7.3708267,10.396352,10.493163,9.755715,15782.0,22333.0,13:52,2
jump_20260928_0804,2026-09-28 12:04:00+00:00,2026-09-28,484.0,ES,13.191129,19.575224,4.4806213,8.018198,8.440559,1.8170345,7314.0,27095.0,08:04,2
