instrument,year,n,mean_bp,t,share_positive
ES.v.0,2016,25.0,-0.021170089810470492,-0.3243135213303264,0.08
ES.v.0,2017,30.0,0.07016577921983269,1.1857950092754583,0.13333333333333333
ES.v.0,2018,29.0,0.2563203940316789,1.8338608202595228,0.27586206896551724
ES.v.0,2019,33.0,-0.2090012218908014,-1.6518402426149696,0.030303030303030304
ES.v.0,2020,33.0,0.11179199397568186,0.7413837980375048,0.15151515151515152
ES.v.0,2021,33.0,-0.06446676637311134,-1.1158558509669279,0.09090909090909091
ES.v.0,2022,31.0,0.668920044649652,1.6743205386430426,0.22580645161290322
ES.v.0,2023,30.0,-0.4332938330593895,-2.106970858708128,0.1
ES.v.0,2024,32.0,0.5987693735059543,1.2221469488090029,0.46875
ES.v.0,2025,33.0,0.16662311947677563,0.8348504671218943,0.42424242424242425
ES.v.0,2026,24.0,-0.014474967700411035,-0.07822338348240987,0.4583333333333333
NQ.v.0,2016,25.0,-0.028758156512207377,-0.5702277762538132,0.12
NQ.v.0,2017,30.0,0.02106293558629837,0.6184695521014942,0.13333333333333333
NQ.v.0,2018,29.0,0.2994887366129948,1.2273010330578336,0.3448275862068966
NQ.v.0,2019,33.0,-0.24148693312575564,-1.127130024892123,0.24242424242424243
NQ.v.0,2020,33.0,0.17128571939744236,1.0022298064943191,0.45454545454545453
NQ.v.0,2021,33.0,0.026336794726440866,0.701700281392652,0.42424242424242425
NQ.v.0,2022,32.0,2.8682994169143288,1.3715500096865474,0.375
NQ.v.0,2023,30.0,-0.6664624050240254,-1.427848060342529,0.36666666666666664
NQ.v.0,2024,32.0,0.8444626642354687,1.4223838896574712,0.59375
NQ.v.0,2025,33.0,0.38306982774792775,1.360003135683259,0.45454545454545453
NQ.v.0,2026,24.0,-0.4617647073531594,-1.3958402188686438,0.5
ZN.v.0,2015,28.0,-0.08488070066766144,-0.5755541021816458,0.07142857142857142
ZN.v.0,2016,33.0,0.16170022605984882,1.1525721642154039,0.21212121212121213
ZN.v.0,2017,30.0,0.019921153734235555,0.4222199055750252,0.1
ZN.v.0,2018,29.0,0.1339792984084095,1.6479049268347041,0.13793103448275862
ZN.v.0,2019,33.0,-0.0023489031712193584,-0.021874918616475073,0.18181818181818182
ZN.v.0,2020,33.0,-0.016948021630872875,-0.32160521759614596,0.09090909090909091
ZN.v.0,2021,33.0,-0.07257901336113703,-1.1647784237676024,0.06060606060606061
ZN.v.0,2022,32.0,-0.0413155185542448,-0.32391278778692256,0.21875
ZN.v.0,2023,30.0,1.0169408775792468,1.045494835277899,0.2
ZN.v.0,2024,42.0,-0.06694646934458327,-0.3979454741581285,0.16666666666666666
ZN.v.0,2025,35.0,-0.20037288221658667,-1.2535319242360183,0.08571428571428572
ZN.v.0,2026,24.0,0.03338205392761425,0.3070308103119092,0.20833333333333334
