term,coef,se,t_stat,p_value,ci_low,ci_high,r2,N,N_events,dropped_constant,idea,events,instrument,sample,model
const,0.14436981913186026,0.7931596983845798,0.1820186015828802,0.8555681277972985,-1.4101946236905682,1.6989342619542889,0.05695596142338166,283,283,,1,macro,ES,development,price_only
abs_ret,0.10173088405713862,0.05770034542016273,1.763089688915275,0.077885364009892,-0.011359714861900988,0.21482148297617823,0.05695596142338166,283,283,,1,macro,ES,development,price_only
const,-0.6196110707594225,0.8733105923822717,-0.7094968000665242,0.4780162365452404,-2.3312683791460147,1.0920462376271698,0.11160222560697286,283,283,,1,macro,ES,development,price_stress
abs_ret,0.14864277879754517,0.05301856345027107,2.8035987609691677,0.005053575223013173,0.04472830392296222,0.2525572536721281,0.11160222560697286,283,283,,1,macro,ES,development,price_stress
stress,-2.4158952565290535,1.3369736253629678,-1.806987969469611,0.07076415501477502,-5.036315410520418,0.2045248974623104,0.11160222560697286,283,283,,1,macro,ES,development,price_stress
const,-1.3863561707106666,0.7697512037908802,-1.801044498382234,0.0716958665724698,-2.8950408071971436,0.12232846577581014,0.21744518300712024,283,283,,1,macro,ES,development,interaction
abs_ret,0.27395509513251637,0.05177760477127668,5.2909959111220095,1.2165208639929928e-07,0.1724728545750648,0.37543733568996795,0.21744518300712024,283,283,,1,macro,ES,development,interaction
stress,0.08385704126336596,0.6213289520982337,0.13496400092121885,0.8926403369591589,-1.1339253274011847,1.3016394099279165,0.21744518300712024,283,283,,1,macro,ES,development,interaction
abs_x_stress,-0.06518991002833321,0.01286710007767187,-5.066402657538703,4.054039107096855e-07,-0.09040896276604261,-0.039970857290623815,0.21744518300712024,283,283,,1,macro,ES,development,interaction
const,0.48643571929590956,0.9348062002459738,0.5203599624905297,0.6028127101129509,-1.345750765710937,2.318622204302756,0.032694558635661175,284,284,,1,macro,NQ,development,price_only
abs_ret,0.07599906433346953,0.058130502843412896,1.3073870105371268,0.19108130661778977,-0.037934627642822946,0.18993275630976203,0.032694558635661175,284,284,,1,macro,NQ,development,price_only
const,0.2379538188879424,0.8666343978863748,0.2745723219252379,0.7836448332035575,-1.4606183887329072,1.936526026508792,0.09868734631419906,284,284,,1,macro,NQ,development,price_stress
abs_ret,0.08794904407105089,0.04529097098743024,1.941867046645118,0.05215319763599648,-0.0008196278891608733,0.17671771603126266,0.09868734631419906,284,284,,1,macro,NQ,development,price_stress
stress,-5.533580212928541,3.353128215310591,-1.6502739703366758,0.09888691361982857,-12.105590750482367,1.0384303246252848,0.09868734631419906,284,284,,1,macro,NQ,development,price_stress
const,-0.24353404600442333,0.7529320824216728,-0.3234475614601774,0.7463563147391933,-1.7192538103556454,1.2321857183467988,0.2944446563954224,284,284,,1,macro,NQ,development,interaction
abs_ret,0.13725903516724852,0.030566602379670897,4.490490420307105,7.105937116616598e-06,0.07734959537333724,0.1971684749611598,0.2944446563954224,284,284,,1,macro,NQ,development,interaction
stress,1.1463192868827672,0.89683925665479,1.2781769736067727,0.2011870332007546,-0.6114533560822952,2.9040919298478296,0.2944446563954224,284,284,,1,macro,NQ,development,interaction
abs_x_stress,-0.14288056389162226,0.016593646854969016,-8.610558314300649,7.270560382189673e-18,-0.17540351409953786,-0.11035761368370665,0.2944446563954224,284,284,,1,macro,NQ,development,interaction
const,0.34667340086315945,0.6227949631652013,0.556641304710105,0.5777725269812499,-0.8739822966935847,1.5673290984199038,0.0031887440257986066,284,284,,1,macro,ZN,development,price_only
abs_ret,0.02858477121782304,0.05447182634048301,0.5247624898631144,0.5997483103275892,-0.0781780465816439,0.13534758901729,0.0031887440257986066,284,284,,1,macro,ZN,development,price_only
const,0.4320801251877513,0.6539145176002686,0.6607593401862314,0.5087666619141862,-0.8495687782766586,1.7137290286521611,0.004583639148740937,284,284,,1,macro,ZN,development,price_stress
abs_ret,0.02158602274311624,0.04996834354850206,0.43199396278092833,0.6657458010259248,-0.07635013097907217,0.11952217646530464,0.004583639148740937,284,284,,1,macro,ZN,development,price_stress
stress,0.20310901542251036,0.5777864247935657,0.35152957339743335,0.7251910900054157,-0.9293315679290388,1.3355495987740595,0.004583639148740937,284,284,,1,macro,ZN,development,price_stress
const,0.2631458228671636,0.6047581738036336,0.4351256986112397,0.663471190861727,-0.9221584171441727,1.4484500628785,0.024763027070652144,284,284,,1,macro,ZN,development,interaction
abs_ret,0.05544346548567112,0.04368739745653808,1.2690951787830445,0.20440711962501668,-0.030182260107430282,0.14106919107877253,0.024763027070652144,284,284,,1,macro,ZN,development,interaction
stress,0.8373845163393022,0.7005773642377535,1.1952777224688076,0.2319785407128646,-0.5357218859506939,2.2104909186292985,0.024763027070652144,284,284,,1,macro,ZN,development,interaction
abs_x_stress,-0.02883272738963449,0.029382794705774266,-0.981279271708226,0.3264550416992762,-0.08642194677808622,0.028756491998817243,0.024763027070652144,284,284,,1,macro,ZN,development,interaction
const,0.5323375334166789,0.7115668207006123,0.748120229794493,0.45438764086689276,-0.8623078077501913,1.926982874583549,0.15908562701373874,851,284,,1,macro,pooled_FE,development,interaction
abs_ret,0.16318887820490613,0.031487825234380304,5.182602386484497,2.1881117861221026e-07,0.10147387479402925,0.224903881615783,0.15908562701373874,851,284,,1,macro,pooled_FE,development,interaction
stress,0.9857765116357619,0.5499221704963156,1.792574594230451,0.07304097177599873,-0.09205113683711186,2.0636041601086355,0.15908562701373874,851,284,,1,macro,pooled_FE,development,interaction
abs_x_stress,-0.07106493885667664,0.02373608484767198,-2.9939621177098483,0.0027538013342907424,-0.11758681029210061,-0.024543067421252666,0.15908562701373874,851,284,,1,macro,pooled_FE,development,interaction
const,-2.5541698941650886,1.6345800490022324,-1.5625847725990447,0.11815029222380723,-5.757887920057181,0.6495481317270038,0.003719843802697964,147,147,,1,macro,ES,holdout,price_only
abs_ret,0.04412418697550282,0.074601342141561,0.5914663960304393,0.5542079644069576,-0.10209175682030691,0.19034013077131257,0.003719843802697964,147,147,,1,macro,ES,holdout,price_only
const,1.443932862267507,2.2076295900365683,0.6540648253603037,0.5130700419646341,-2.882941625409092,5.770807349944105,0.045511676941369816,147,147,,1,macro,ES,holdout,price_stress
abs_ret,0.05648406295475859,0.07129158822780447,0.7922963193675802,0.4281879173108065,-0.08324488237239787,0.19621300828191507,0.045511676941369816,147,147,,1,macro,ES,holdout,price_stress
stress,-2.216480559458173,0.880517964786214,-2.517246266515783,0.011827612635531592,-3.94226405817966,-0.49069706073668584,0.045511676941369816,147,147,,1,macro,ES,holdout,price_stress
const,0.03517016052659905,2.6458146473377764,0.013292752975718585,0.9893942299661501,-5.150531258023987,5.220871579077185,0.048495922952939696,147,147,,1,macro,ES,holdout,interaction
abs_ret,0.10987334410437187,0.07732030730891645,1.421015357135052,0.15531229494385415,-0.041671673494673475,0.2614183617034172,0.048495922952939696,147,147,,1,macro,ES,holdout,interaction
stress,-1.4458431386929904,1.3211464043061973,-1.0943852505523624,0.2737860500052487,-4.0352425094377296,1.1435562320517492,0.048495922952939696,147,147,,1,macro,ES,holdout,interaction
abs_x_stress,-0.027921593453324494,0.03313519138484963,-0.8426567732483674,0.3994204293451321,-0.09286537518847165,0.03702218828182266,0.048495922952939696,147,147,,1,macro,ES,holdout,interaction
const,-3.1476965949439615,2.2799585072083004,-1.3805938068575487,0.16740388863432143,-7.616333155317935,1.3209399654300125,0.005258241434245137,148,148,,1,macro,NQ,holdout,price_only
abs_ret,0.057972626764621185,0.08636748582659856,0.6712320754712461,0.5020726980567667,-0.11130453489078558,0.22724978842002796,0.005258241434245137,148,148,,1,macro,NQ,holdout,price_only
const,-2.2925513468823797,2.3017754090816203,-0.9959926315300585,0.31925372536504126,-6.803948249182305,2.2188455554175452,0.01216103375910993,148,148,,1,macro,NQ,holdout,price_stress
abs_ret,0.05118567730981077,0.08734902113454429,0.5859902795129109,0.55788204707785,-0.12001525819872405,0.2223866128183456,0.01216103375910993,148,148,,1,macro,NQ,holdout,price_stress
stress,-2.7481558353413997,2.956631495996123,-0.9294887912352143,0.3526358314165835,-8.543047083050581,3.046735412367782,0.01216103375910993,148,148,,1,macro,NQ,holdout,price_stress
const,-2.0214514904947753,2.3310411902047217,-0.8671882328759892,0.38583888257096954,-6.590208269775411,2.5473052887858607,0.013541741597616896,148,148,,1,macro,NQ,holdout,interaction
abs_ret,0.04439624716343608,0.0874716586781923,0.5075500777545513,0.6117689085263962,-0.1270450535138013,0.21583754784067344,0.013541741597616896,148,148,,1,macro,NQ,holdout,interaction
stress,-4.110551803073479,4.390610933540369,-0.9362140862157731,0.3491629720235696,-12.715991102940388,4.49488749679343,0.013541741597616896,148,148,,1,macro,NQ,holdout,interaction
abs_x_stress,0.04828409652966231,0.10359428118852347,0.4660884363085034,0.6411522000902926,-0.15475696360415891,0.25132515666348354,0.013541741597616896,148,148,,1,macro,NQ,holdout,interaction
const,-1.469768900571828,1.1095180302366736,-1.3246913168759489,0.18527355430275338,-3.644384280033531,0.7048464788898752,0.005911934567595534,148,148,,1,macro,ZN,holdout,price_only
abs_ret,0.043171405579550494,0.048048577361189115,0.898494980507412,0.36892172004624124,-0.05100207555676676,0.13734488671586775,0.005911934567595534,148,148,,1,macro,ZN,holdout,price_only
const,-0.38357810737896103,1.3611526605429576,-0.2818038846766486,0.7780938920666468,-3.0513882995040316,2.28423208474611,0.025087789779215997,148,148,,1,macro,ZN,holdout,price_stress
abs_ret,0.043951554139958146,0.049311757029636694,0.8912996978295251,0.37276841075143985,-0.052697713652519615,0.1406008219324359,0.025087789779215997,148,148,,1,macro,ZN,holdout,price_stress
stress,-1.285073619969556,1.055164856840108,-1.2178889503749715,0.2232661757509694,-3.3531587371285294,0.7830114971894175,0.025087789779215997,148,148,,1,macro,ZN,holdout,price_stress
const,-0.14055432595636086,1.3991512517050841,-0.10045684895401658,0.9199816390310487,-2.8828403882224616,2.60173173630974,0.025711149153555213,148,148,,1,macro,ZN,holdout,interaction
abs_ret,0.03464741950231605,0.060115834761451756,0.5763443132712367,0.5643824761683559,-0.08317745153069042,0.15247229053532252,0.025711149153555213,148,148,,1,macro,ZN,holdout,interaction
stress,-1.5750075079466201,1.1763765115426843,-1.3388634442226124,0.1806151321423085,-3.8806631028291485,0.7306480869359082,0.025711149153555213,148,148,,1,macro,ZN,holdout,interaction
abs_x_stress,0.011022755617909259,0.04399809884054813,0.2505279979904681,0.802179055623653,-0.07521193349779859,0.09725744473361711,0.025711149153555213,148,148,,1,macro,ZN,holdout,interaction
const,0.9385801217420554,1.9742913213130118,0.47540102699628356,0.6345011626048018,-2.930959763021443,4.808120006505554,0.023577485032867607,443,148,,1,macro,pooled_FE,holdout,interaction
abs_ret,0.05352368155232437,0.065910637543794,0.8120643881916757,0.4167546861074749,-0.07565879423158542,0.18270615733623416,0.023577485032867607,443,148,,1,macro,pooled_FE,holdout,interaction
stress,-1.8625723186378405,0.7802117102080786,-2.3872652695011483,0.016974238484644084,-3.391759170962076,-0.3333854663136049,0.023577485032867607,443,148,,1,macro,pooled_FE,holdout,interaction
abs_x_stress,-0.002421240934386195,0.01702803448736794,-0.142191451173203,0.8869287841554667,-0.03579557525713331,0.030953093388360924,0.023577485032867607,443,148,,1,macro,pooled_FE,holdout,interaction
const,-0.9045798112243391,0.7923178706962336,-1.1416880076546267,0.25358372737939594,-2.4574943020964204,0.6483346796477423,0.0292329587953849,430,430,,1,macro,ES,full_sample,price_only
abs_ret,0.08454297174897658,0.04839308476944413,1.7470052209268927,0.08063643248086963,-0.010305731499927737,0.1793916749978809,0.0292329587953849,430,430,,1,macro,ES,full_sample,price_only
const,-0.2552751950284779,0.7895676594612143,-0.3233100950495778,0.7464604094654608,-1.802799370930044,1.2922489808730881,0.09245328082346127,430,430,,1,macro,ES,full_sample,price_stress
abs_ret,0.12911780960190827,0.04453128017840724,2.8994856892642438,0.0037377540715838073,0.04183810426676769,0.21639751493704884,0.09245328082346127,430,430,,1,macro,ES,full_sample,price_stress
stress,-2.2284039386371415,0.6607610467658219,-3.3724807924806477,0.0007449428220316385,-3.5234717926851387,-0.9333360845891441,0.09245328082346127,430,430,,1,macro,ES,full_sample,price_stress
const,-1.6910101012813439,0.6706254641535223,-2.5215417422536626,0.011684181177386897,-3.0054118581377045,-0.37660834442498303,0.14791516522881765,430,430,,1,macro,ES,full_sample,interaction
abs_ret,0.24035630838370095,0.044229321759817974,5.434320464802219,5.500564754545807e-08,0.153668430673824,0.3270441860935779,0.14791516522881765,430,430,,1,macro,ES,full_sample,interaction
stress,-0.8124985543677143,0.5026253237480497,-1.6165093877661334,0.10598422535545615,-1.7976260866316764,0.17262897789624776,0.14791516522881765,430,430,,1,macro,ES,full_sample,interaction
abs_x_stress,-0.054196919713587706,0.011907930642634481,-4.55132981036555,5.330790860788033e-06,-0.07753603490355218,-0.030857804523623224,0.14791516522881765,430,430,,1,macro,ES,full_sample,interaction
const,-0.7523356361961288,0.9754691270315067,-0.7712551995218903,0.44055568139083223,-2.664219993208609,1.159548720816351,0.018523929421228158,432,432,,1,macro,NQ,full_sample,price_only
abs_ret,0.06830198884609168,0.04963310271587397,1.3761378013598757,0.16877897423372012,-0.028977104917998445,0.16558108261018178,0.018523929421228158,432,432,,1,macro,NQ,full_sample,price_only
const,-0.5281550552223173,0.9611647205971207,-0.5494948408990735,0.5826659041182567,-2.4120032908031774,1.355693180358543,0.06203612013266058,432,432,,1,macro,NQ,full_sample,price_stress
abs_ret,0.07684140508228553,0.04122223503696914,1.8640766327534695,0.06231094349543188,-0.0039526909524191245,0.15763550111699018,0.06203612013266058,432,432,,1,macro,NQ,full_sample,price_stress
stress,-5.096521906891641,2.585260185455417,-1.9713767827178457,0.04868079466790656,-10.1635387610496,-0.029505052733682646,0.06203612013266058,432,432,,1,macro,NQ,full_sample,price_stress
const,-1.3639577043766842,0.7326887863629784,-1.8615785170498997,0.06266252375189708,-2.800001337524484,0.0720859287711153,0.16206701330807838,432,432,,1,macro,NQ,full_sample,interaction
abs_ret,0.11723277287604873,0.029231799035285326,4.010453572650064,6.060221653393709e-05,0.0599394995635768,0.17452604618852066,0.16206701330807838,432,432,,1,macro,NQ,full_sample,interaction
stress,0.2857202011182415,1.0844950433119043,0.2634592042446684,0.7921966633912616,-1.8398510251852969,2.41129142742178,0.16206701330807838,432,432,,1,macro,NQ,full_sample,interaction
abs_x_stress,-0.1288576947419649,0.017779054406732837,-7.247724867367927,4.238304379065888e-13,-0.1637040010583394,-0.0940113884255904,0.16206701330807838,432,432,,1,macro,NQ,full_sample,interaction
const,-0.09447493232301085,0.525540952608949,-0.17976702263450234,0.8573354739333023,-1.1245162718374222,0.9355664071914004,0.002168001887973947,432,432,,1,macro,ZN,full_sample,price_only
abs_ret,0.02391932183246225,0.035269409005816994,0.6781889038321347,0.49765192711722894,-0.045207449574951694,0.09304609323987618,0.002168001887973947,432,432,,1,macro,ZN,full_sample,price_only
const,-0.11764651859097111,0.530208566237088,-0.22188724604340757,0.8244016592537358,-1.1568362127102834,0.9215431755283411,0.004028151887586873,432,432,,1,macro,ZN,full_sample,price_stress
abs_ret,0.03058520447094921,0.03386358697930413,0.9031885632683119,0.36642582667164625,-0.0357862063958264,0.09695661533772483,0.004028151887586873,432,432,,1,macro,ZN,full_sample,price_stress
stress,-0.27224411064376086,0.46827537056602053,-0.5813761042240809,0.5609869988343661,-1.1900469718003088,0.6455587505127871,0.004028151887586873,432,432,,1,macro,ZN,full_sample,price_stress
const,-0.270813933754119,0.4817480780615135,-0.56214844664007,0.5740148826694922,-1.215022816376076,0.673394948867838,0.009351203284673426,432,432,,1,macro,ZN,full_sample,interaction
abs_ret,0.04702529993882438,0.034170689214802166,1.3761882191844645,0.16876336845764328,-0.01994802024909912,0.11399862012674788,0.009351203284673426,432,432,,1,macro,ZN,full_sample,interaction
stress,0.13055042552962826,0.5571353234341752,0.2343244451364474,0.8147331096607179,-0.9614147429164294,1.222515593975686,0.009351203284673426,432,432,,1,macro,ZN,full_sample,interaction
abs_x_stress,-0.018246328591845443,0.02550888462158496,-0.7152930777853718,0.4744279650017823,-0.06824282373593961,0.03175016655224873,0.009351203284673426,432,432,,1,macro,ZN,full_sample,interaction
const,-0.23170940739787935,0.6069940870934981,-0.3817325610326548,0.7026597455696337,-1.4213959569299046,0.9579771421341459,0.08890443771811918,1294,432,,1,macro,pooled_FE,full_sample,interaction
abs_ret,0.13814123517044044,0.02953490958443267,4.677218827284044,2.907918951304479e-06,0.08025387609830556,0.19602859424257532,0.08890443771811918,1294,432,,1,macro,pooled_FE,full_sample,interaction
stress,-0.06309304130438802,0.5088617216599963,-0.12398857807297321,0.9013243186540878,-1.0604436888690263,0.9342576062602503,0.08890443771811918,1294,432,,1,macro,pooled_FE,full_sample,interaction
abs_x_stress,-0.05673594909265045,0.022128378354128002,-2.563945183179972,0.010348988779026054,-0.10010677370301704,-0.01336512448228385,0.08890443771811918,1294,432,,1,macro,pooled_FE,full_sample,interaction
const,-8.652059887044064,3.8615985132485493,-2.2405384343712016,0.025055988499425523,-16.22065389576464,-1.083465878323489,0.08651722516693627,63,63,,1,fomc_statement,ES,development,price_only
abs_ret,0.37888328093020646,0.16487812263111232,2.297959698254786,0.02156408301425471,0.0557280987346479,0.702038463125765,0.08651722516693627,63,63,,1,fomc_statement,ES,development,price_only
const,-8.538445875656377,4.488437003144244,-1.9023205337793572,0.05712926282244388,-17.335620748695987,0.2587289973832352,0.08673354585339943,63,63,,1,fomc_statement,ES,development,price_stress
abs_ret,0.37266789785931764,0.17848052263829667,2.0880031745231684,0.03679754832477784,0.022852501546370363,0.722483294172265,0.08673354585339943,63,63,,1,fomc_statement,ES,development,price_stress
stress,0.313889239600166,2.7109001828738966,0.1157878263401804,0.9078206987908612,-4.999377484515717,5.627155963716049,0.08673354585339943,63,63,,1,fomc_statement,ES,development,price_stress
const,-7.798417374198305,4.224224152126642,-1.8461182677231442,0.06487503493882021,-16.07774457499077,0.4809098265941607,0.13951017087611584,63,63,,1,fomc_statement,ES,development,interaction
abs_ret,0.24167381814902192,0.1569839206060264,1.539481350803672,0.12368682729308507,-0.06600901239068505,0.5493566486887289,0.13951017087611584,63,63,,1,fomc_statement,ES,development,interaction
stress,-5.360010940581967,4.6571944322777945,-1.1509098489496457,0.2497693255131227,-14.487944296846909,3.7679224156829747,0.13951017087611584,63,63,,1,fomc_statement,ES,development,interaction
abs_x_stress,0.1819009973916812,0.08374965066543201,2.171961267257698,0.02985858455369571,0.017754698369623484,0.3460472964137389,0.13951017087611584,63,63,,1,fomc_statement,ES,development,interaction
const,-6.841952860191203,4.500003201678922,-1.5204328871673947,0.12840221420975467,-15.661797065796824,1.9778913454144185,0.06871168744787748,63,63,,1,fomc_statement,NQ,development,price_only
abs_ret,0.33559258555172505,0.15707053659610432,2.1365724777185773,0.03263278013725534,0.02773999079098005,0.6434451803124701,0.06871168744787748,63,63,,1,fomc_statement,NQ,development,price_only
const,-6.1963626573873825,4.964522491261415,-1.24812863035554,0.21198395501771405,-15.926647940698821,3.533922625924056,0.07444734114413132,63,63,,1,fomc_statement,NQ,development,price_stress
abs_ret,0.3058025976106646,0.16436394551204217,1.8605211541862134,0.06281182838549826,-0.01634481594984194,0.6279500111711711,0.07444734114413132,63,63,,1,fomc_statement,NQ,development,price_stress
stress,2.3545646073267603,3.19845870116517,0.7361560136665243,0.46163575762497033,-3.9142992529957326,8.623428467649253,0.07444734114413132,63,63,,1,fomc_statement,NQ,development,price_stress
const,-4.455325347214063,4.660239834193691,-0.9560291971507338,0.33905748368057254,-13.58922758155261,4.678576887124485,0.12271401740742871,63,63,,1,fomc_statement,NQ,development,interaction
abs_ret,0.12545296506100953,0.175382738025404,0.7153096506158879,0.4744177266027271,-0.21829088497880575,0.4691968151008248,0.12271401740742871,63,63,,1,fomc_statement,NQ,development,interaction
stress,-4.956629553112453,4.938306622464765,-1.0037103671457612,0.31551823857075656,-14.63553267775903,4.722273571534124,0.12271401740742871,63,63,,1,fomc_statement,NQ,development,interaction
abs_x_stress,0.24863463131212865,0.09367378276143301,2.6542606050761033,0.00794824154442388,0.06503739080409099,0.4322318718201663,0.12271401740742871,63,63,,1,fomc_statement,NQ,development,interaction
const,-0.5684281455562755,1.4494322792881063,-0.39217295880526476,0.6949304227930078,-3.4092632109907646,2.2724069198782137,0.0006665225908323302,63,63,,1,fomc_statement,ZN,development,price_only
abs_ret,-0.02377481558415429,0.08909986478121046,-0.2668333520206191,0.7895974737668123,-0.19840734158271556,0.150857710414407,0.0006665225908323302,63,63,,1,fomc_statement,ZN,development,price_only
const,-0.6662627025226213,1.4519945096177242,-0.4588603456207507,0.6463344565650017,-3.5121196471232583,2.179594242078015,0.1088491593084221,63,63,,1,fomc_statement,ZN,development,price_stress
abs_ret,-0.014122684391659632,0.0730359804348903,-0.19336612321169072,0.846672244480521,-0.15727057561961666,0.12902520683629742,0.1088491593084221,63,63,,1,fomc_statement,ZN,development,price_stress
stress,2.16894538514356,0.7160694150903829,3.0289596782593957,0.0024539743322037565,0.7654751211357473,3.572415649151373,0.1088491593084221,63,63,,1,fomc_statement,ZN,development,price_stress
const,-0.6736616860751519,1.4546865962655142,-0.4630974725446586,0.6432945015785166,-3.524795023548718,2.1774716513984145,0.11183838578405003,63,63,,1,fomc_statement,ZN,development,interaction
abs_ret,-0.011880305372262829,0.07434098336099544,-0.15980828925241364,0.8730320941284624,-0.15758595533510533,0.13382534459057965,0.11183838578405003,63,63,,1,fomc_statement,ZN,development,interaction
stress,1.5100180663115825,1.8414013342720899,0.8200374563693341,0.4121947546453115,-2.099062229945715,5.11909836256888,0.11183838578405003,63,63,,1,fomc_statement,ZN,development,interaction
abs_x_stress,0.03231979373565131,0.05805033584386358,0.5567546382949616,0.5776950804422081,-0.08145677380877586,0.1460963612800785,0.11183838578405003,63,63,,1,fomc_statement,ZN,development,interaction
const,-6.445351805168494,3.630694290743802,-1.77523946910112,0.07585835528461095,-13.56138185390154,0.6706782435645531,0.11606236686697691,189,63,,1,fomc_statement,pooled_FE,development,interaction
abs_ret,0.1679042677353861,0.14625714651932142,1.1480072716529102,0.2509655619605753,-0.11875447192408159,0.4545630073948538,0.11606236686697691,189,63,,1,fomc_statement,pooled_FE,development,interaction
stress,-3.086093156689406,2.632334192155581,-1.1723789349718732,0.24104495295961248,-8.245373368587682,2.0731870552088707,0.11606236686697691,189,63,,1,fomc_statement,pooled_FE,development,interaction
abs_x_stress,0.181395684293397,0.06818559233176495,2.660322776266211,0.007806579867071492,0.047754379058607216,0.3150369895281868,0.11606236686697691,189,63,,1,fomc_statement,pooled_FE,development,interaction
const,-6.835183226253453,4.120830385202925,-1.658690746116905,0.0971781250691321,-14.911862367649505,1.2414959151425977,0.09905869315484495,29,29,,1,fomc_statement,ES,holdout,price_only
abs_ret,0.3550402812016647,0.23055419053651086,1.539942867121472,0.12357428046532715,-0.09683762873468194,0.8069181911380113,0.09905869315484495,29,29,,1,fomc_statement,ES,holdout,price_only
const,3.3719785171907186,6.433567257758725,0.5241226806363445,0.6001932143910185,-9.2375816001325,15.981538634513939,0.19745613981639698,29,29,,1,fomc_statement,ES,holdout,price_stress
abs_ret,0.23652395546914134,0.263164822468996,0.8987673703882165,0.36877658363355603,-0.279269618567968,0.7523175295062507,0.19745613981639698,29,29,,1,fomc_statement,ES,holdout,price_stress
stress,-4.074582162085132,1.9248807089648898,-2.116797234814749,0.034277060147020005,-7.847279026192242,-0.30188529797802266,0.19745613981639698,29,29,,1,fomc_statement,ES,holdout,price_stress
const,7.6931577711399175,7.0196986409950215,1.0959384675307706,0.2731057033552484,-6.065198747535087,21.451514289814924,0.21584567610017624,29,29,,1,fomc_statement,ES,holdout,interaction
abs_ret,-0.019008402684445157,0.29723605130482394,-0.06395052888436976,0.9490096183546776,-0.6015803581487998,0.5635635527799095,0.21584567610017624,29,29,,1,fomc_statement,ES,holdout,interaction
stress,-6.586934961966625,3.0285354347773983,-2.1749572041744245,0.029633323537016202,-12.52275534003368,-0.6511145838995702,0.21584567610017624,29,29,,1,fomc_statement,ES,holdout,interaction
abs_x_stress,0.16440486400680396,0.17083343092967762,0.9623693858521173,0.3358640861562038,-0.1704225079707751,0.49923223598438304,0.21584567610017624,29,29,,1,fomc_statement,ES,holdout,interaction
const,-9.087666626080292,5.14960509273972,-1.764730782733754,0.07760902249178107,-19.18070714245419,1.0053738902936047,0.08520746840513571,29,29,,1,fomc_statement,NQ,holdout,price_only
abs_ret,0.3184016128008932,0.2575600406990813,1.2362228703516,0.2163757317767392,-0.18640679082597666,0.823210016427763,0.08520746840513571,29,29,,1,fomc_statement,NQ,holdout,price_only
const,-3.454254652835443,5.370557185129825,-0.643183664890432,0.5201049314447774,-13.980353312602713,7.071844006931826,0.17256063702998536,29,29,,1,fomc_statement,NQ,holdout,price_stress
abs_ret,0.34146482810836176,0.26006598931579206,1.3129930176826352,0.1891853009815282,-0.16825514455436918,0.8511848007710927,0.17256063702998536,29,29,,1,fomc_statement,NQ,holdout,price_stress
stress,-2.463714421787304,1.5516350514153672,-1.5878182305432957,0.1123274478377399,-5.504863239711379,0.5774343961367707,0.17256063702998536,29,29,,1,fomc_statement,NQ,holdout,price_stress
const,-8.519658368110528,9.315682002891279,-0.9145501494647744,0.3604278391989062,-26.77805958520539,9.738742848984336,0.1862219905080621,29,29,,1,fomc_statement,NQ,holdout,interaction
abs_ret,0.5505069133162092,0.34983255138276614,1.573629758409408,0.11557306934080945,-0.13515228801377033,1.2361661146461886,0.1862219905080621,29,29,,1,fomc_statement,NQ,holdout,interaction
stress,-0.7238554688111116,3.8164650893759693,-0.18966647194707323,0.849570495372251,-8.20398959224245,6.7562786546202265,0.1862219905080621,29,29,,1,fomc_statement,NQ,holdout,interaction
abs_x_stress,-0.06771842651632437,0.10645256728450288,-0.6361370913238902,0.5246870717524393,-0.27636162445577683,0.1409247714231281,0.1862219905080621,29,29,,1,fomc_statement,NQ,holdout,interaction
const,1.530386801339703,1.806291190997939,0.8472536482305467,0.39685375646158605,-2.009878878608217,5.070652481287623,7.819950614229576e-05,29,29,,1,fomc_statement,ZN,holdout,price_only
abs_ret,-0.005361631081933977,0.07817056423438323,-0.06858887529400319,0.945316874242004,-0.15857312163249995,0.14784985946863202,7.819950614229576e-05,29,29,,1,fomc_statement,ZN,holdout,price_only
const,-0.1144565162165561,1.891052735132191,-0.060525290538000355,0.9517372738332938,-3.820851769941613,3.5919387375085003,0.12181028996409349,29,29,,1,fomc_statement,ZN,holdout,price_stress
abs_ret,-0.02253175986211209,0.09089357853819129,-0.24789165774394928,0.8042182346559955,-0.20067990022292984,0.15561638049870566,0.12181028996409349,29,29,,1,fomc_statement,ZN,holdout,price_stress
stress,7.408127722184517,3.3671435227714355,2.2001223506169465,0.027798215518567485,0.8086476867751804,14.007607757593853,0.12181028996409349,29,29,,1,fomc_statement,ZN,holdout,price_stress
const,-0.7865370947921354,1.821361080861836,-0.4318402885933853,0.6658574954896154,-4.356339216124279,2.783265026540008,0.12689676101208802,29,29,,1,fomc_statement,ZN,holdout,interaction
abs_ret,0.013468612028840471,0.09703852709186565,0.1387965422856206,0.8896109263953675,-0.1767234061840305,0.20366063024171147,0.12689676101208802,29,29,,1,fomc_statement,ZN,holdout,interaction
stress,9.923551097761884,5.2096996683340775,1.9048221067482705,0.05680319922505983,-0.2872726224431723,20.13437481796694,0.12689676101208802,29,29,,1,fomc_statement,ZN,holdout,interaction
abs_x_stress,-0.12380063225455992,0.20853931012529606,-0.5936560938087747,0.5527421549257403,-0.5325301694609692,0.2849289049518494,0.12689676101208802,29,29,,1,fomc_statement,ZN,holdout,interaction
const,2.3405262524164243,4.377154331985877,0.5347141258678324,0.5928475520442246,-6.238538593049373,10.919591097882222,0.14205398573328376,87,29,,1,fomc_statement,pooled_FE,holdout,interaction
abs_ret,0.15881144982531234,0.1143551889471917,1.388755956659301,0.1649069722607025,-0.06532060195645625,0.3829435016070809,0.14205398573328376,87,29,,1,fomc_statement,pooled_FE,holdout,interaction
stress,-3.4039842541240866,2.6744345452732974,-1.2727865260864843,0.20309380369172902,-8.645779641869506,1.837811133621333,0.14205398573328376,87,29,,1,fomc_statement,pooled_FE,holdout,interaction
abs_x_stress,0.034638991288951856,0.07910004989572249,0.4379136465099125,0.6614488827716791,-0.12039425768198549,0.1896722402598892,0.14205398573328376,87,29,,1,fomc_statement,pooled_FE,holdout,interaction
const,-8.163235946075778,3.071760384918228,-2.6575106528997994,0.007872010250121388,-14.183775669652398,-2.1426962224991577,0.08748193281019023,92,92,,1,fomc_statement,ES,full_sample,price_only
abs_ret,0.3760204271595169,0.1472914913916099,2.5528998559718294,0.010683020740913759,0.08733440880277005,0.6647064455162637,0.08748193281019023,92,92,,1,fomc_statement,ES,full_sample,price_only
const,-8.1248848924938,3.000041768142473,-2.708257257872933,0.006763757072723793,-14.00485871016891,-2.244911074818689,0.08752702550499203,92,92,,1,fomc_statement,ES,full_sample,price_stress
abs_ret,0.3774814241111245,0.1517795925370432,2.487036747176645,0.012881209289584784,0.07999888915035547,0.6749639590718935,0.08752702550499203,92,92,,1,fomc_statement,ES,full_sample,price_stress
stress,-0.10418491145651487,1.2199051787614645,-0.0854041062128213,0.9319401288063146,-2.4951551263828815,2.286785303469852,0.08752702550499203,92,92,,1,fomc_statement,ES,full_sample,price_stress
const,-5.849436895219316,2.754225794223211,-2.1238044126549416,0.03368650187349818,-11.247620257188036,-0.45125353325059603,0.12933571725896897,92,92,,1,fomc_statement,ES,full_sample,interaction
abs_ret,0.22766618795777938,0.1439214098893374,1.581878527543846,0.11367730368827954,-0.054414592029548736,0.5097469679451074,0.12933571725896897,92,92,,1,fomc_statement,ES,full_sample,interaction
stress,-3.2587930461753,1.5474291849160182,-2.1059400184132886,0.0352095629303201,-6.291698517236867,-0.2258875751137328,0.12933571725896897,92,92,,1,fomc_statement,ES,full_sample,interaction
abs_x_stress,0.14820654564838237,0.04713371371386025,3.144385068999993,0.0016643627401892104,0.05582616431159465,0.2405869269851701,0.12933571725896897,92,92,,1,fomc_statement,ES,full_sample,interaction
const,-7.629992003379002,3.5632967174359194,-2.1412732669844567,0.03225200762560805,-14.613925235783201,-0.6460587709748022,0.07018451310799168,92,92,,1,fomc_statement,NQ,full_sample,price_only
abs_ret,0.3339556369637171,0.14308523129129125,2.3339630089694867,0.019597658937293486,0.053513736913202714,0.6143975370142315,0.07018451310799168,92,92,,1,fomc_statement,NQ,full_sample,price_only
const,-7.273459229561501,3.626097632813072,-2.0058641454501767,0.044870744562604106,-14.380479994301067,-0.16643846482193503,0.07191611684140531,92,92,,1,fomc_statement,NQ,full_sample,price_stress
abs_ret,0.341997967495659,0.1460608569061316,2.3414758391801684,0.019207669120623105,0.055723948408582635,0.6282719865827354,0.07191611684140531,92,92,,1,fomc_statement,NQ,full_sample,price_stress
stress,-0.6762023683815737,1.2270829760539892,-0.5510649088752594,0.5815891796629902,-3.081240807489618,1.7288360707264707,0.07191611684140531,92,92,,1,fomc_statement,NQ,full_sample,price_stress
const,-5.031897939739408,3.757356845608266,-1.3392121500572594,0.1805016181367386,-12.396182034196634,2.3323861547178186,0.09275176657877071,92,92,,1,fomc_statement,NQ,full_sample,interaction
abs_ret,0.21095921279192384,0.17292131338341624,1.2199723022237672,0.2224753749210302,-0.12796033359893602,0.5498787591827837,0.09275176657877071,92,92,,1,fomc_statement,NQ,full_sample,interaction
stress,-3.55671641032029,1.9705899628722199,-1.8048992826169794,0.07109044408779913,-7.419001765845963,0.30556894520538336,0.09275176657877071,92,92,,1,fomc_statement,NQ,full_sample,interaction
abs_x_stress,0.12214721170047182,0.07270301875524722,1.6800844558006205,0.09294088478925995,-0.02034808662715279,0.26464251002809647,0.09275176657877071,92,92,,1,fomc_statement,NQ,full_sample,interaction
const,-0.1529359048617237,1.191261342195662,-0.1283814889685259,0.8978470795908914,-2.487765231740066,2.1818934220166186,3.388130373926934e-05,92,92,,1,fomc_statement,ZN,full_sample,price_only
abs_ret,0.004683811670040235,0.0634784592094281,0.07378584370782229,0.9411807914026421,-0.11973168217453375,0.12909930551461424,3.388130373926934e-05,92,92,,1,fomc_statement,ZN,full_sample,price_only
const,-0.33000920561169056,1.191753947659184,-0.2769105202125717,0.7818488143967017,-2.6658040214571237,2.005785610233743,0.10427835801529517,92,92,,1,fomc_statement,ZN,full_sample,price_stress
abs_ret,0.003455109879341757,0.05639392096126644,0.0612674171337521,0.9511462393965135,-0.1070749441517389,0.1139851639104224,0.10427835801529517,92,92,,1,fomc_statement,ZN,full_sample,price_stress
stress,2.359104291530004,0.6690325085361766,3.5261429922017613,0.00042165923821378394,1.0478246703126117,3.670383912747396,0.10427835801529517,92,92,,1,fomc_statement,ZN,full_sample,price_stress
const,-0.29666709261516355,1.197992673155019,-0.24763681720512087,0.8044154217704982,-2.6446895857418653,2.0513554005115378,0.10584836998571345,92,92,,1,fomc_statement,ZN,full_sample,interaction
abs_ret,0.0020177342618840494,0.05729301111058451,0.035217807945012794,0.9719060623523975,-0.11027450408071476,0.11430997260448286,0.10584836998571345,92,92,,1,fomc_statement,ZN,full_sample,interaction
stress,1.8332934014892643,1.7412184635123875,1.0528796012139356,0.2923961762956161,-1.5794320762111855,5.246018879189714,0.10584836998571345,92,92,,1,fomc_statement,ZN,full_sample,interaction
abs_x_stress,0.025776097228930442,0.0562845544156465,0.45796040310776565,0.646980889509394,-0.08453960231162155,0.13609179676948244,0.10584836998571345,92,92,,1,fomc_statement,ZN,full_sample,interaction
const,-5.1292295226891,2.6445254221363266,-1.9395652164105706,0.05243255156653848,-10.312404106276883,0.05394506089868312,0.09452296396829452,276,92,,1,fomc_statement,pooled_FE,full_sample,interaction
abs_ret,0.18479270790248803,0.1325349810221938,1.3942938421030395,0.1632288896976396,-0.07497108159271137,0.44455649739768743,0.09452296396829452,276,92,,1,fomc_statement,pooled_FE,full_sample,interaction
stress,-2.7071522368057703,1.231881625816669,-2.1975749780431046,0.02797940796451229,-5.121595856623088,-0.2927086169884521,0.09452296396829452,276,92,,1,fomc_statement,pooled_FE,full_sample,interaction
abs_x_stress,0.13089548635196088,0.04795524319176528,2.729534408334266,0.006342382999318501,0.03690493682624131,0.22488603587768047,0.09452296396829452,276,92,,1,fomc_statement,pooled_FE,full_sample,interaction
const,-3.0878226542112595,3.78348340571716,-0.8161322049266295,0.41442452636699334,-10.503313865521838,4.327668557099319,0.0022029135392981347,47,47,,3,,ES,development,st_5_30_on_st_0_5
st_0_5,-0.02402035087550374,0.10236759493715127,-0.23464799471210657,0.8144819549567959,-0.224657150136305,0.1766164483852975,0.0022029135392981347,47,47,,3,,ES,development,st_5_30_on_st_0_5
const,-3.759403636093176,4.324081382401118,-0.8694109346308412,0.38462240435523365,-12.234447411819538,4.715640139633185,0.01838221087243208,47,47,,3,,ES,development,pc_0_5_on_st_0_5
st_0_5,-0.0770467482624028,0.1451366026179145,-0.5308567712945265,0.5955180358083916,-0.36150926223201696,0.20741576570721132,0.01838221087243208,47,47,,3,,ES,development,pc_0_5_on_st_0_5
const,-4.019859762179261,4.110809528836506,-0.9778754607774333,0.3281359232452419,-12.076898386002881,4.037178861644359,0.0003905521839264736,47,47,,3,,ES,development,pc_0_5_on_st_0_30
st_0_30,-0.010193140855889255,0.12699163717119072,-0.08026623707629205,0.9360255104550127,-0.25909217604920104,0.23870589433742254,0.0003905521839264736,47,47,,3,,ES,development,pc_0_5_on_st_0_30
const,-2.502677207806278,4.777345958330741,-0.5238635069838529,0.6003734784146451,-11.86610322782252,6.860748812209966,0.011214087301031794,47,47,,3,,NQ,development,st_5_30_on_st_0_5
st_0_5,-0.055917256683941964,0.10755270003824498,-0.5199056524295362,0.6031293355507571,-0.2667166751989418,0.15488216183105788,0.011214087301031794,47,47,,3,,NQ,development,st_5_30_on_st_0_5
const,-5.002956253321966,5.3340039151027785,-0.9379363669300131,0.3482771125500467,-15.457411820319056,5.451499313675124,0.024034138192717935,47,47,,3,,NQ,development,pc_0_5_on_st_0_5
st_0_5,-0.08929391755710593,0.15024167884216752,-0.594335195434759,0.5522879429443437,-0.3837621970645877,0.20517436195037586,0.024034138192717935,47,47,,3,,NQ,development,pc_0_5_on_st_0_5
const,-5.291653955096565,5.1733046285983475,-1.022876929737324,0.3063660386672633,-15.431144708203686,4.847836798010557,0.00028207533698221265,47,47,,3,,NQ,development,pc_0_5_on_st_0_30
st_0_30,0.008954822247124804,0.1286758082348461,0.06959211968407743,0.9445183093157888,-0.24324512757475603,0.2611547720690056,0.00028207533698221265,47,47,,3,,NQ,development,pc_0_5_on_st_0_30
const,1.6166813809954441,1.5487323445138217,1.0438739700389954,0.2965437026928188,-1.4187782359439256,4.652140997934814,0.027526090606596276,47,47,,3,,ZN,development,st_5_30_on_st_0_5
st_0_5,0.08836136001245531,0.09803229982951996,0.9013494548849451,0.36740254674814876,-0.10377841697503587,0.2805011369999465,0.027526090606596276,47,47,,3,,ZN,development,st_5_30_on_st_0_5
const,-2.1161953970380103,1.1559717143944626,-1.8306636491936532,0.06715076194330313,-4.381858324398179,0.14946753032215776,0.0059483002845042154,47,47,,3,,ZN,development,pc_0_5_on_st_0_5
st_0_5,0.030222796632405378,0.0646845667708877,0.4672335016087272,0.6403328271671982,-0.09655662459411085,0.1570022178589216,0.0059483002845042154,47,47,,3,,ZN,development,pc_0_5_on_st_0_5
const,-2.1521788217112654,1.1063209602510116,-1.9453475971592915,0.05173315715393702,-4.320528059145017,0.01617041572248601,0.004556353500868249,47,47,,3,,ZN,development,pc_0_5_on_st_0_30
st_0_30,0.02188846482473226,0.05592656838960806,0.39137864980822684,0.6955173712657272,-0.08772559499781578,0.1315025246472803,0.004556353500868249,47,47,,3,,ZN,development,pc_0_5_on_st_0_30
const,-4.023007150536775,4.111237825094322,-0.9785391460403966,0.32780774006859603,-12.080885219600429,4.034870918526878,0.0025646433624958442,141,47,,3,,pooled_FE,development,pc_0_5_on_st_0_30
st_0_30,0.0027684069440357876,0.11796708611827676,0.02346762164880561,0.9812772655497265,-0.22844283320892161,0.2339796470969932,0.0025646433624958442,141,47,,3,,pooled_FE,development,pc_0_5_on_st_0_30
const,-1.8628259433450565,3.221986352777168,-0.5781607180736216,0.5631556168718149,-8.177803153467872,4.452151266777759,0.004024188043331378,29,29,,3,,ES,holdout,st_5_30_on_st_0_5
st_0_5,0.04142016040278396,0.1412176088495362,0.2933073342639309,0.769287248126718,-0.23536126692517184,0.31820158773073975,0.004024188043331378,29,29,,3,,ES,holdout,st_5_30_on_st_0_5
const,1.3555775425684993,3.318309525479642,0.40851449575746207,0.6828959904903793,-5.148189616927796,7.859344702064794,0.01011136373093835,29,29,,3,,ES,holdout,pc_0_5_on_st_0_5
st_0_5,-0.06515716496991837,0.11649068834669989,-0.5593336763192389,0.5759340162405266,-0.2934747186637299,0.16316038872389316,0.01011136373093835,29,29,,3,,ES,holdout,pc_0_5_on_st_0_5
const,1.2481764268673048,3.3635220484528308,0.371092090043366,0.7105689423177768,-5.34420564930663,7.84055850304124,0.01282249690645576,29,29,,3,,ES,holdout,pc_0_5_on_st_0_30
st_0_30,-0.05972753237357519,0.07837570693368062,-0.7620669045335055,0.4460200741615121,-0.21334109522645542,0.09388603047930502,0.01282249690645576,29,29,,3,,ES,holdout,pc_0_5_on_st_0_30
const,0.5604216436857278,3.9186716147151373,0.14301316843730139,0.8862797811904091,-7.12003358839536,8.240876875766816,0.0012469389629417016,29,29,,3,,NQ,holdout,st_5_30_on_st_0_5
st_0_5,-0.024159599172027514,0.12151938955867016,-0.19881271013432092,0.8424092532147646,-0.26233322613031373,0.2140140277862587,0.0012469389629417016,29,29,,3,,NQ,holdout,st_5_30_on_st_0_5
const,1.1999718300175055,3.9515377858307015,0.3036721132517893,0.761377705680574,-6.544899913759819,8.944843573794829,0.03046960728333803,29,29,,3,,NQ,holdout,pc_0_5_on_st_0_5
st_0_5,-0.1178103609545163,0.1210141250410461,-0.9735257013555804,0.33029209289195516,-0.35499368765559336,0.11937296574656073,0.03046960728333803,29,29,,3,,NQ,holdout,pc_0_5_on_st_0_5
const,1.2745676340393859,3.9101884095131214,0.3259606700634891,0.7444541120880779,-6.389260821372289,8.93839608945106,0.0412418504634513,29,29,,3,,NQ,holdout,pc_0_5_on_st_0_30
st_0_30,-0.11502949242048181,0.08779911882489154,-1.3101440419908896,0.19014711171538146,-0.2871126031916219,0.05705361835065827,0.0412418504634513,29,29,,3,,NQ,holdout,pc_0_5_on_st_0_30
const,-0.96735892558874,1.7228458010412415,-0.5614889765550082,0.5744642430134685,-4.344074646545633,2.4093567953681525,0.02249409248729195,29,29,,3,,ZN,holdout,st_5_30_on_st_0_5
st_0_5,-0.06087568181983123,0.12108136553769379,-0.5027667267336859,0.6151282897013036,-0.2981907974726403,0.1764394338329779,0.02249409248729195,29,29,,3,,ZN,holdout,st_5_30_on_st_0_5
const,-1.1734796078689065,1.2964628811347256,-0.9051393795723806,0.3653915521069836,-3.7145001621860017,1.367540946448189,0.029623980185271903,29,29,,3,,ZN,holdout,pc_0_5_on_st_0_5
st_0_5,-0.05496491338684755,0.05783489397575018,-0.9503763145116857,0.3419210745769219,-0.16831922262901045,0.058389395855315336,0.029623980185271903,29,29,,3,,ZN,holdout,pc_0_5_on_st_0_5
const,-1.2168641417786104,1.2836026383346564,-0.9480068873630297,0.34312594796952844,-3.7326790833751295,1.2989507998179088,0.02709073504591719,29,29,,3,,ZN,holdout,pc_0_5_on_st_0_30
st_0_30,-0.051467474643737854,0.04294707500451463,-1.1983930136878367,0.2307640509865967,-0.13564219489392693,0.032707245606451205,0.02709073504591719,29,29,,3,,ZN,holdout,pc_0_5_on_st_0_30
const,1.170541834419339,3.3549163377689073,0.3489034350101782,0.7271618062817301,-5.404973358752734,7.746057027591412,0.03182258693245488,87,29,,3,,pooled_FE,holdout,pc_0_5_on_st_0_30
st_0_30,-0.08381389434570703,0.07048183548583552,-1.189155954409712,0.23437830318798614,-0.2219557534622218,0.054327964770807716,0.03182258693245488,87,29,,3,,pooled_FE,holdout,pc_0_5_on_st_0_30
const,-2.6680996431583544,2.617474138925501,-1.0193413579450439,0.3080409358261831,-7.7982546859173265,2.4620553996006174,0.000749391670049393,76,76,,3,,ES,full_sample,st_5_30_on_st_0_5
st_0_5,-0.014658037636260626,0.08839890519534582,-0.1658169589755549,0.8683009995496029,-0.18791670809190913,0.15860063281938785,0.000749391670049393,76,76,,3,,ES,full_sample,st_5_30_on_st_0_5
const,-1.8111818509009285,2.8715773079834026,-0.6307271776614126,0.5282189256500165,-7.43936995337088,3.8170062515690226,0.018080738469633872,76,76,,3,,ES,full_sample,pc_0_5_on_st_0_5
st_0_5,-0.07852245833963609,0.12027207920949909,-0.6528735418538801,0.5138378073573138,-0.3142514019360029,0.15720648525673075,0.018080738469633872,76,76,,3,,ES,full_sample,pc_0_5_on_st_0_5
const,-1.9608983499184236,2.7597911917220115,-0.7105241714663538,0.47737914716452845,-7.3699896905444415,3.4481929907075948,0.001693295832202013,76,76,,3,,ES,full_sample,pc_0_5_on_st_0_30
st_0_30,-0.021429722671646466,0.1027863738415552,-0.20848797239097375,0.8348479729494998,-0.22288731350256458,0.18002786815927163,0.001693295832202013,76,76,,3,,ES,full_sample,pc_0_5_on_st_0_30
const,-1.3597258509287957,3.270047843513942,-0.41581221926944517,0.6775474167194304,-7.768901851938994,5.049450150081402,0.009187686384506288,76,76,,3,,NQ,full_sample,st_5_30_on_st_0_5
st_0_5,-0.05294610338864097,0.09206654208619867,-0.5750851741457759,0.565233694285673,-0.2333932100587315,0.12750100328144956,0.009187686384506288,76,76,,3,,NQ,full_sample,st_5_30_on_st_0_5
const,-2.6075867398103356,3.5243784505334577,-0.7398713777221188,0.4593780432851988,-9.515241570744992,4.300068091124322,0.02621846690153229,76,76,,3,,NQ,full_sample,pc_0_5_on_st_0_5
st_0_5,-0.09607777150057256,0.12678395294846886,-0.7578070352454085,0.4485665100865849,-0.34456975309719234,0.15241421009604722,0.02621846690153229,76,76,,3,,NQ,full_sample,pc_0_5_on_st_0_5
const,-2.73175161787748,3.4864372441013183,-0.7835367243449781,0.43331199674312104,-9.565043050675145,4.101539814920185,0.0004944527658881093,76,76,,3,,NQ,full_sample,pc_0_5_on_st_0_30
st_0_30,-0.012048471669258171,0.10785543053896333,-0.11170945782749064,0.911053780010823,-0.2234412310626878,0.19934428772417143,0.0004944527658881093,76,76,,3,,NQ,full_sample,pc_0_5_on_st_0_30
const,0.6593189404694643,1.1595188072508011,0.568614270287429,0.5696179383489082,-1.6132961611389467,2.9319340420778754,0.0029767918752483524,76,76,,3,,ZN,full_sample,st_5_30_on_st_0_5
st_0_5,0.026555140048401364,0.07225245108641837,0.36753272240743484,0.7132216881416524,-0.11505706187572054,0.16816734197252328,0.0029767918752483524,76,76,,3,,ZN,full_sample,st_5_30_on_st_0_5
const,-1.7406241985678172,0.8720769714495867,-1.9959524853345354,0.04593909493684229,-3.449863654355772,-0.03138474277986236,0.0002946018886172963,76,76,,3,,ZN,full_sample,pc_0_5_on_st_0_5
st_0_5,-0.006242600270145997,0.04514546258234059,-0.13827746827845985,0.8900211321416843,-0.09472608099693416,0.08224088045664218,0.0002946018886172963,76,76,,3,,ZN,full_sample,pc_0_5_on_st_0_5
const,-1.7369137618328854,0.862823749674988,-2.013057432050466,0.044108587754313054,-3.428017236201665,-0.04581028746410576,0.00021851352639756794,76,76,,3,,ZN,full_sample,pc_0_5_on_st_0_30
st_0_30,-0.00473360310464865,0.04072860189817684,-0.11622306890088813,0.9074757543047941,-0.08456019596574495,0.07509298975644764,0.00021851352639756794,76,76,,3,,ZN,full_sample,pc_0_5_on_st_0_30
const,-1.9538081960747655,2.7592804184686806,-0.7080861310787222,0.47889177166559505,-7.3618984395199885,3.454282047370457,0.0011822515866219963,228,76,,3,,pooled_FE,full_sample,pc_0_5_on_st_0_30
st_0_30,-0.014863112356758145,0.09556740113864176,-0.15552491937282983,0.8764075101341324,-0.20217177668458813,0.17244555197107186,0.0011822515866219963,228,76,,3,,pooled_FE,full_sample,pc_0_5_on_st_0_30
