metric,instrument,paired_meetings,statement_median_seconds,press_median_seconds,statement_faster_count,one_sided_sign_p_statement_faster,one_sided_wilcoxon_p_statement_faster
first_crossing_50_seconds,ES.v.0,10,8.5,97.5,8,0.0546875,0.0068359375
first_crossing_50_seconds,NQ.v.0,10,7.5,99.5,7,0.171875,0.013671875
first_crossing_50_seconds,ZN.v.0,10,4.0,63.5,8,0.0546875,0.013671875
first_crossing_90_seconds,ES.v.0,10,18.0,123.0,9,0.0107421875,0.0185546875
first_crossing_90_seconds,NQ.v.0,10,37.5,119.0,7,0.171875,0.0185546875
first_crossing_90_seconds,ZN.v.0,10,18.5,99.0,8,0.0546875,0.1162109375
stable_within_10pct_seconds,ES.v.0,8,292.0,290.0,5,0.2265625,0.1484375
stable_within_10pct_seconds,NQ.v.0,8,296.5,292.5,2,0.890625,0.65625
stable_within_10pct_seconds,ZN.v.0,8,283.5,294.5,5,0.2265625,0.125
