term,coef,se,t_stat,p_value,ci_low,ci_high,r2,N,N_events,dropped_constant,instrument,horizon_s,lookback_s,model,fit_sample,r2_oos_holdout
const,0.031079423536413183,0.0760368391141432,0.4087416559985891,0.6827292604683228,-0.11795004262557396,0.18010888969840033,0.0051271604715489305,105903,63,,ES.v.0,5,5,levels,development,-0.0007479955481035638
depth,0.03705807322572201,0.05338563870588645,0.6941580942748162,0.48758306948322816,-0.06757585592948294,0.14169200238092694,0.0051271604715489305,105903,63,,ES.v.0,5,5,levels,development,-0.0007479955481035638
bid_depth,-0.042156022587853434,0.03187705106899678,-1.3224567886348138,0.18601608935218672,-0.10463389461643115,0.02032184944072428,0.0051271604715489305,105903,63,,ES.v.0,5,5,levels,development,-0.0007479955481035638
ask_depth,-0.004581809085327675,0.0249481681813736,-0.18365312643468834,0.8542855830158372,-0.05347932020106807,0.04431570203041272,0.0051271604715489305,105903,63,,ES.v.0,5,5,levels,development,-0.0007479955481035638
imbalance,0.4056905510897466,0.03308797932681623,12.260964838096164,1.4674217969727714e-34,0.34083930328798095,0.47054179889151226,0.0051271604715489305,105903,63,,ES.v.0,5,5,levels,development,-0.0007479955481035638
spread,-0.022967783742146138,0.08939735243503268,-0.2569179412649542,0.7972421202250899,-0.1981833748280443,0.152247807343752,0.0051271604715489305,105903,63,,ES.v.0,5,5,levels,development,-0.0007479955481035638
past_ret_5s,0.021259045131728386,0.02008135656348759,1.058645867101533,0.28976108970830794,-0.01809969049341432,0.06061778075687109,0.0051271604715489305,105903,63,,ES.v.0,5,5,levels,development,-0.0007479955481035638
const,-0.004325444954015846,0.012631599408726622,-0.34243050417095905,0.7320269355105009,-0.029082924862257466,0.020432034954225773,0.0027764874910781723,105903,63,,ES.v.0,5,5,changes,development,-0.0007232115810706929
d_depth_5s,0.01528736821508712,0.05132528412695295,0.29785257841483853,0.7658156829521235,-0.08530834017002596,0.11588307660020021,0.0027764874910781723,105903,63,,ES.v.0,5,5,changes,development,-0.0007232115810706929
d_bid_depth_5s,-0.030714346007086446,0.026134409968381567,-1.1752454348212134,0.23989653767941665,-0.0819368483023189,0.020508156288146,0.0027764874910781723,105903,63,,ES.v.0,5,5,changes,development,-0.0007232115810706929
d_ask_depth_5s,-0.005637698084712662,0.02598320965941238,-0.2169746601213455,0.8282280928220489,-0.056563853219914174,0.045288457050488846,0.0027764874910781723,105903,63,,ES.v.0,5,5,changes,development,-0.0007232115810706929
d_imbalance_5s,0.21608309169228568,0.025751946082399887,8.390942222419735,4.822613149718613e-17,0.16561020483896455,0.2665559785456068,0.0027764874910781723,105903,63,,ES.v.0,5,5,changes,development,-0.0007232115810706929
d_spread_5s,0.08425155054994474,0.05321672643825482,1.5831780003923832,0.1133808992521047,-0.020051316644155215,0.1885544177440447,0.0027764874910781723,105903,63,,ES.v.0,5,5,changes,development,-0.0007232115810706929
past_ret_5s,0.02020403291056543,0.020073834282496383,1.0064859869936544,0.31418184907852487,-0.01913995931475292,0.05954802513588378,0.0027764874910781723,105903,63,,ES.v.0,5,5,changes,development,-0.0007232115810706929
const,-0.004302405579326741,0.012324289884929516,-0.3490996738552736,0.7270144814161652,-0.028457569888819877,0.019852758730166394,0.003122486529169133,105903,63,,ES.v.0,5,10,changes,development,-0.0023289951331753045
d_depth_10s,-0.04161674442749573,0.04751885721890617,-0.8757943027918149,0.38114186781476667,-0.13475199316305297,0.051518504308061513,0.003122486529169133,105903,63,,ES.v.0,5,10,changes,development,-0.0023289951331753045
d_bid_depth_10s,0.011352010238837086,0.021512927992347435,0.5276831792899236,0.5977192498885228,-0.030812553828167458,0.05351657430584163,0.003122486529169133,105903,63,,ES.v.0,5,10,changes,development,-0.0023289951331753045
d_ask_depth_10s,0.021583078987780346,0.02301912615309445,0.9376150442999741,0.34844227717544674,-0.023533579227868823,0.06669973720342952,0.003122486529169133,105903,63,,ES.v.0,5,10,changes,development,-0.0023289951331753045
d_imbalance_10s,0.1933493587821741,0.034328558456181095,5.632318031325903,1.7780341015226083e-08,0.12606662056688123,0.260632096997467,0.003122486529169133,105903,63,,ES.v.0,5,10,changes,development,-0.0023289951331753045
d_spread_10s,0.03398698335600898,0.0597732584874771,0.56859847055401,0.5696286630019382,-0.08316645051804925,0.15114041723006721,0.003122486529169133,105903,63,,ES.v.0,5,10,changes,development,-0.0023289951331753045
past_ret_10s,0.02111458776857537,0.00872276661790138,2.420629680179997,0.015493651918993153,0.004018279351940414,0.03821089618521033,0.003122486529169133,105903,63,,ES.v.0,5,10,changes,development,-0.0023289951331753045
const,-0.004340845472046158,0.012434811076205405,-0.3490881723448593,0.7270231158119029,-0.028712627335968504,0.020030936391876187,0.002171749086373631,105903,63,,ES.v.0,5,30,changes,development,-0.0008962703893615753
d_depth_30s,-0.07087163000143008,0.044937413763633145,-1.5771185759422792,0.11476824370091535,-0.15894734253652557,0.0172040825336654,0.002171749086373631,105903,63,,ES.v.0,5,30,changes,development,-0.0008962703893615753
d_bid_depth_30s,0.023598327723825342,0.021494784890048413,1.097862939524034,0.27226434302570135,-0.018530676516105293,0.06572733196375598,0.002171749086373631,105903,63,,ES.v.0,5,30,changes,development,-0.0008962703893615753
d_ask_depth_30s,0.0382679768149939,0.02339997724691481,1.6353852147458552,0.10196831988829973,-0.007595135828015853,0.08413108945800366,0.002171749086373631,105903,63,,ES.v.0,5,30,changes,development,-0.0008962703893615753
d_imbalance_30s,0.18002648235351038,0.025062728180134965,7.183036142737311,6.818006684534935e-13,0.13090443776612876,0.229148526940892,0.002171749086373631,105903,63,,ES.v.0,5,30,changes,development,-0.0008962703893615753
d_spread_30s,0.01582223001392854,0.04154242340882573,0.38086921069142754,0.7033002999393694,-0.06559942369788355,0.09724388372574064,0.002171749086373631,105903,63,,ES.v.0,5,30,changes,development,-0.0008962703893615753
past_ret_30s,0.005423115875605862,0.00464639107346496,1.1671673326373007,0.24314280048310344,-0.0036836432864738615,0.014529875037685585,0.002171749086373631,105903,63,,ES.v.0,5,30,changes,development,-0.0008962703893615753
const,-0.003849729671902287,0.013127821219582678,-0.2932497028646058,0.7693312956906647,-0.029579786457765024,0.02188032711396045,0.0024822946260540935,105903,63,,ES.v.0,5,60,changes,development,0.000530566775720609
d_depth_60s,0.018916697289891534,0.057296417030328194,0.33015497775155,0.7412828637147835,-0.09338221653273912,0.1312156111125222,0.0024822946260540935,105903,63,,ES.v.0,5,60,changes,development,0.000530566775720609
d_bid_depth_60s,-0.017804711504603898,0.03162682685196991,-0.5629623100647833,0.573460548931425,-0.07979215307974921,0.04418273007054142,0.0024822946260540935,105903,63,,ES.v.0,5,60,changes,development,0.000530566775720609
d_ask_depth_60s,-0.0026878166621556758,0.02385663017060752,-0.11266539502578998,0.9102958372880429,-0.04944595258903806,0.044070319264726716,0.0024822946260540935,105903,63,,ES.v.0,5,60,changes,development,0.000530566775720609
d_imbalance_60s,0.1913502179161623,0.037445448811887765,5.110106140733839,3.2197787252784747e-07,0.11795848685992412,0.2647419489724005,0.0024822946260540935,105903,63,,ES.v.0,5,60,changes,development,0.000530566775720609
d_spread_60s,0.03414309004473236,0.0535088487815642,0.638083061441156,0.5234196121849333,-0.07073232642133342,0.13901850651079814,0.0024822946260540935,105903,63,,ES.v.0,5,60,changes,development,0.000530566775720609
past_ret_60s,-0.0033298325840739884,0.003629074487646793,-0.9175431905320734,0.3588580712795031,-0.010442687877074853,0.003783022708926875,0.0024822946260540935,105903,63,,ES.v.0,5,60,changes,development,0.000530566775720609
const,0.4506340262695577,0.4256088023856881,1.058798652056993,0.2896914876842046,-0.383543897909616,1.2848119504487314,0.0014565983992163023,105903,63,,ES.v.0,30,5,levels,development,-0.0008997858126393865
depth,0.3401220498533392,0.18797979615075008,1.8093542860349678,0.07039598029904048,-0.028311580423312055,0.7085556801299905,0.0014565983992163023,105903,63,,ES.v.0,30,5,levels,development,-0.0008997858126393865
bid_depth,-0.20330283208141012,0.10837104715653156,-1.8759884435531817,0.0606568667835714,-0.41570618147510385,0.00910051731228359,0.0014565983992163023,105903,63,,ES.v.0,30,5,levels,development,-0.0008997858126393865
ask_depth,-0.1644829009416728,0.07686730477236667,-2.139829169615993,0.03236857494399835,-0.3151400498841753,-0.013825751999170327,0.0014565983992163023,105903,63,,ES.v.0,30,5,levels,development,-0.0008997858126393865
imbalance,0.44856284849629746,0.09123277265465336,4.916685478739732,8.802179925685692e-07,0.26974989988344616,0.6273757971091487,0.0014565983992163023,105903,63,,ES.v.0,30,5,levels,development,-0.0008997858126393865
spread,-0.4086336334620833,0.45920203340463706,-0.8898776654632229,0.3735315777674659,-1.3086530805627308,0.4913858136385641,0.0014565983992163023,105903,63,,ES.v.0,30,5,levels,development,-0.0008997858126393865
past_ret_5s,0.03541176338562993,0.027487271342400872,1.2882967881575433,0.197642670749556,-0.018462298478755725,0.08928582525001558,0.0014565983992163023,105903,63,,ES.v.0,30,5,levels,development,-0.0008997858126393865
const,-0.023385178778655473,0.0716215108044193,-0.3265105485210251,0.7440381096723762,-0.16376076047366364,0.11699040291635268,0.0005301433987277004,105903,63,,ES.v.0,30,5,changes,development,-0.0009274664437179947
d_depth_5s,-0.0651167319924961,0.05797953438735058,-1.1230985671161693,0.2613956346277041,-0.17875453123210483,0.04852106724711264,0.0005301433987277004,105903,63,,ES.v.0,30,5,changes,development,-0.0009274664437179947
d_bid_depth_5s,0.02063809675131359,0.02777655921581109,0.7430040773216391,0.4574792119009584,-0.03380295892612027,0.07507915242874745,0.0005301433987277004,105903,63,,ES.v.0,30,5,changes,development,-0.0009274664437179947
d_ask_depth_5s,0.03512984834045738,0.03016113495340151,1.1647389395237433,0.24412468178318314,-0.023984889901061734,0.0942445865819765,0.0005301433987277004,105903,63,,ES.v.0,30,5,changes,development,-0.0009274664437179947
d_imbalance_5s,0.20145638695231402,0.02839597339189885,7.094540629827042,1.2978184402442168e-12,0.14580130179823458,0.25711147210639346,0.0005301433987277004,105903,63,,ES.v.0,30,5,changes,development,-0.0009274664437179947
d_spread_5s,0.032558743607668764,0.042320096731454857,0.7693447350622225,0.44168868702045294,-0.050387121808234014,0.11550460902357154,0.0005301433987277004,105903,63,,ES.v.0,30,5,changes,development,-0.0009274664437179947
past_ret_5s,0.03399490449247555,0.02750013784793343,1.2361721486799817,0.21639458096356035,-0.0199043752593608,0.0878941842443119,0.0005301433987277004,105903,63,,ES.v.0,30,5,changes,development,-0.0009274664437179947
const,-0.023464931589670553,0.07152977732255267,-0.3280442421043618,0.7428782114684996,-0.1636607189640437,0.11673085578470258,0.0005395725797827655,105903,63,,ES.v.0,30,10,changes,development,-0.0008667994813451596
d_depth_10s,-0.11971882150514852,0.07125719441261677,-1.6800945152557278,0.09293892787024252,-0.2593803561932462,0.019942713182949115,0.0005395725797827655,105903,63,,ES.v.0,30,10,changes,development,-0.0008667994813451596
d_bid_depth_10s,0.054297160308264175,0.03492490034849299,1.5546833281260055,0.12002150712846266,-0.01415438653843247,0.12274870715496082,0.0005395725797827655,105903,63,,ES.v.0,30,10,changes,development,-0.0008667994813451596
d_ask_depth_10s,0.06735147877816358,0.03332686991860112,2.020936227814539,0.04328636707387357,0.002032014020254061,0.13267094353607312,0.0005395725797827655,105903,63,,ES.v.0,30,10,changes,development,-0.0008667994813451596
d_imbalance_10s,0.20398455066569518,0.034654563368018004,5.886224809686922,3.951167819778881e-09,0.1360628545644188,0.27190624676697156,0.0005395725797827655,105903,63,,ES.v.0,30,10,changes,development,-0.0008667994813451596
d_spread_10s,0.016184058749688503,0.07723891033314309,0.20953245818570215,0.8340325997273768,-0.13520142370839058,0.1675695412077676,0.0005395725797827655,105903,63,,ES.v.0,30,10,changes,development,-0.0008667994813451596
past_ret_10s,0.019443041442347615,0.023983111018614705,0.8106972205255909,0.41753956992030483,-0.02756299239136294,0.06644907527605817,0.0005395725797827655,105903,63,,ES.v.0,30,10,changes,development,-0.0008667994813451596
const,-0.024648532895279747,0.07380167568212799,-0.33398337730763344,0.7383921021632378,-0.16929715923095612,0.12000009344039664,0.0010221560770724558,105903,63,,ES.v.0,30,30,changes,development,0.0014209862067197099
d_depth_30s,0.04898586346081387,0.10235510863808767,0.47858738183768185,0.632232196730899,-0.15162646310352254,0.2495981900251503,0.0010221560770724558,105903,63,,ES.v.0,30,30,changes,development,0.0014209862067197099
d_bid_depth_30s,-0.030162237761385453,0.04999343158590508,-0.6033240128667074,0.5462931614620913,-0.12814756313332656,0.06782308761055567,0.0010221560770724558,105903,63,,ES.v.0,30,30,changes,development,0.0014209862067197099
d_ask_depth_30s,0.003298830603035089,0.04647115947912805,0.07098662138001352,0.9434084032202081,-0.08778296829587302,0.09438062950194319,0.0010221560770724558,105903,63,,ES.v.0,30,30,changes,development,0.0014209862067197099
d_imbalance_30s,0.19829831043858695,0.05186184277830038,3.82358782132511,0.00013152371488420983,0.0966509664212395,0.2999456544559344,0.0010221560770724558,105903,63,,ES.v.0,30,30,changes,development,0.0014209862067197099
d_spread_30s,-0.07472704159848993,0.14937715785478176,-0.5002574869655536,0.6168937846590299,-0.3675008911068166,0.21804680790983677,0.0010221560770724558,105903,63,,ES.v.0,30,30,changes,development,0.0014209862067197099
past_ret_30s,-0.02432744751620474,0.01618532868226226,-1.5030555136557437,0.1328247292289748,-0.0560501088113819,0.007395213778972419,0.0010221560770724558,105903,63,,ES.v.0,30,30,changes,development,0.0014209862067197099
const,-0.02593650544813634,0.07553603448535673,-0.34336599246766575,0.7313231401405216,-0.17398441257441105,0.12211140167813839,0.0030278696218972723,105903,63,,ES.v.0,30,60,changes,development,0.0014281446939794495
d_depth_60s,0.19784019434166686,0.1463454190553817,1.3518714532963818,0.17641644109037358,-0.08899155630930303,0.48467194499263677,0.0030278696218972723,105903,63,,ES.v.0,30,60,changes,development,0.0014281446939794495
d_bid_depth_60s,-0.11813511742505306,0.07844514141886058,-1.5059583715231828,0.13207786043699565,-0.2718847693681711,0.035614534518064955,0.0030278696218972723,105903,63,,ES.v.0,30,60,changes,development,0.0014281446939794495
d_ask_depth_60s,-0.04987938444007022,0.06049237234135816,-0.8245565929965699,0.4096233735716378,-0.1684422555685191,0.06868348668837868,0.0030278696218972723,105903,63,,ES.v.0,30,60,changes,development,0.0014281446939794495
d_imbalance_60s,0.24890008550179862,0.07121476766871773,3.4950628029800077,0.00047395021965989775,0.1093217057037244,0.38847846529987284,0.0030278696218972723,105903,63,,ES.v.0,30,60,changes,development,0.0014281446939794495
d_spread_60s,-0.11642530637180165,0.2675071356505016,-0.435223180453442,0.6634004384674402,-0.6407296578542556,0.40787904511065226,0.0030278696218972723,105903,63,,ES.v.0,30,60,changes,development,0.0014281446939794495
past_ret_60s,-0.033092828955051105,0.025447494875338247,-1.3004356270495658,0.1934517058566867,-0.08296900240748166,0.01678334449737945,0.0030278696218972723,105903,63,,ES.v.0,30,60,changes,development,0.0014281446939794495
const,0.3230965497152216,0.7613464551182009,0.42437519416184855,0.6712922084860675,-1.1691150820736929,1.815308181504136,0.000929351845783466,105903,63,,ES.v.0,60,5,levels,development,0.0002284238342558087
depth,0.6383647418895771,0.3234710785601346,1.9734832082395972,0.04844053582299972,0.004373077871386966,1.2723564059077672,0.000929351845783466,105903,63,,ES.v.0,60,5,levels,development,0.0002284238342558087
bid_depth,-0.35665734538585026,0.17767321438714384,-2.007378245595907,0.04470940339061888,-0.704890446602116,-0.008424244169584538,0.000929351845783466,105903,63,,ES.v.0,60,5,levels,development,0.0002284238342558087
ask_depth,-0.32106709958464863,0.13013670075531106,-2.4671525996984784,0.013619230325952384,-0.5761303461319247,-0.0660038530373725,0.000929351845783466,105903,63,,ES.v.0,60,5,levels,development,0.0002284238342558087
imbalance,0.4817710417682692,0.15968395845406239,3.01702842560021,0.0025526587353318286,0.16879623428951662,0.7947458492470217,0.000929351845783466,105903,63,,ES.v.0,60,5,levels,development,0.0002284238342558087
spread,-0.2894487773205158,0.8012165993502413,-0.36126158339111886,0.7179039092035739,-1.8598044558626468,1.280906901221615,0.000929351845783466,105903,63,,ES.v.0,60,5,levels,development,0.0002284238342558087
past_ret_5s,-0.004904185075988115,0.03285671879996035,-0.14925973301978143,0.8813486876793857,-0.0693021705740705,0.05949380042209427,0.000929351845783466,105903,63,,ES.v.0,60,5,levels,development,0.0002284238342558087
const,-0.05694161028732188,0.13817286136166862,-0.4121041550864083,0.680263083295101,-0.3277554421970384,0.21387222162239466,0.0002443757723118445,105903,63,,ES.v.0,60,5,changes,development,0.0003156475158095917
d_depth_5s,0.058761186797329994,0.06087782558261182,0.9652313668396463,0.3344289394498028,-0.06055715880170031,0.1780795323963603,0.0002443757723118445,105903,63,,ES.v.0,60,5,changes,development,0.0003156475158095917
d_bid_depth_5s,-0.045943594328053776,0.029151434159331958,-1.5760320427784618,0.11501841883029959,-0.10307935537803509,0.011192166721927528,0.0002443757723118445,105903,63,,ES.v.0,60,5,changes,development,0.0003156475158095917
d_ask_depth_5s,7.374005384488307e-05,0.030714629480005577,0.002400812091608851,0.9980844309389076,-0.06012582752545826,0.060273307633148025,0.0002443757723118445,105903,63,,ES.v.0,60,5,changes,development,0.0003156475158095917
d_imbalance_5s,0.23896793199176256,0.03584314640707018,6.66704672848211,2.6100201253433857e-11,0.16871665594130875,0.30921920804221636,0.0002443757723118445,105903,63,,ES.v.0,60,5,changes,development,0.0003156475158095917
d_spread_5s,0.08213676653278423,0.04870828891339616,1.68629956759155,0.09173811430130924,-0.013329725486043845,0.1776032585516123,0.0002443757723118445,105903,63,,ES.v.0,60,5,changes,development,0.0003156475158095917
past_ret_5s,-0.006988219427858751,0.0328912785714416,-0.21246420727245274,0.8317448987807787,-0.07145394083335832,0.057477501977640816,0.0002443757723118445,105903,63,,ES.v.0,60,5,changes,development,0.0003156475158095917
const,-0.057217062928575084,0.13874029883444844,-0.4124040629092865,0.6800432857024576,-0.32914305184841847,0.21470892599126828,0.00034001601710664797,105903,63,,ES.v.0,60,10,changes,development,0.0005699725908883124
d_depth_10s,0.07952854281680845,0.07425123605522019,1.07107365536196,0.284136312680891,-0.06600120565900504,0.22505829129262195,0.00034001601710664797,105903,63,,ES.v.0,60,10,changes,development,0.0005699725908883124
d_bid_depth_10s,-0.05810974390759187,0.041330363230483495,-1.4059819310935218,0.15972949030573902,-0.13911576730729802,0.0228962794921143,0.00034001601710664797,105903,63,,ES.v.0,60,10,changes,development,0.0005699725908883124
d_ask_depth_10s,0.006301056680773219,0.034206998257709086,0.1842037302806357,0.853853633215112,-0.06074342792356096,0.0733455412851074,0.00034001601710664797,105903,63,,ES.v.0,60,10,changes,development,0.0005699725908883124
d_imbalance_10s,0.24352962142344517,0.03920941468318809,6.2109986438502975,5.264892809958726e-10,0.16668058078950054,0.3203786620573898,0.00034001601710664797,105903,63,,ES.v.0,60,10,changes,development,0.0005699725908883124
d_spread_10s,0.030515073553062905,0.062285955789142186,0.4899190060816624,0.6241912132725165,-0.09156315653630986,0.15259330364243567,0.00034001601710664797,105903,63,,ES.v.0,60,10,changes,development,0.0005699725908883124
past_ret_10s,-0.024279250032004658,0.039137939992283974,-0.6203507398905334,0.5350268961554865,-0.1009882028459711,0.052429702781961775,0.00034001601710664797,105903,63,,ES.v.0,60,10,changes,development,0.0005699725908883124
const,-0.05925596896624116,0.14226476217852205,-0.416518947199893,0.6770303057445479,-0.33808977910530047,0.21957784117281812,0.001979997203947148,105903,63,,ES.v.0,60,30,changes,development,0.0008110830556262716
d_depth_30s,0.25499133713763256,0.14450239701824633,1.7646166596491462,0.07762821364749219,-0.028228156697838347,0.5382108309731035,0.001979997203947148,105903,63,,ES.v.0,60,30,changes,development,0.0008110830556262716
d_bid_depth_30s,-0.14466630682549458,0.07566060472250127,-1.9120426985230161,0.05587071758622904,-0.29295836713011825,0.0036257534791290513,0.001979997203947148,105903,63,,ES.v.0,60,30,changes,development,0.0008110830556262716
d_ask_depth_30s,-0.04815758784004609,0.06142971384098966,-0.7839461529106523,0.4330717069254051,-0.1685576145489875,0.07224243886889531,0.001979997203947148,105903,63,,ES.v.0,60,30,changes,development,0.0008110830556262716
d_imbalance_30s,0.2816941156056344,0.058691866006826326,4.799542675519486,1.590283481579324e-06,0.1666601720468041,0.3967280591644647,0.001979997203947148,105903,63,,ES.v.0,60,30,changes,development,0.0008110830556262716
d_spread_30s,-0.1426870182367592,0.20037216805776545,-0.7121099682647734,0.4763966820064687,-0.5354092511341865,0.25003521466066814,0.001979997203947148,105903,63,,ES.v.0,60,30,changes,development,0.0008110830556262716
past_ret_30s,-0.05293807332576065,0.042504559674066585,-1.2454681034623185,0.21295973310341576,-0.1362454794656647,0.030369332814143397,0.001979997203947148,105903,63,,ES.v.0,60,30,changes,development,0.0008110830556262716
const,-0.0628817701185916,0.14179788083708028,-0.4434605774598287,0.6574326279106507,-0.3408005096433712,0.21503696940618805,0.002528817581608167,105903,63,,ES.v.0,60,60,changes,development,0.0017021570334051495
d_depth_60s,0.4834654123191686,0.19412796187833722,2.4904470620371697,0.012758250048045382,0.10298159864546308,0.8639492259928742,0.002528817581608167,105903,63,,ES.v.0,60,60,changes,development,0.0017021570334051495
d_bid_depth_60s,-0.2130591415662195,0.11403694088590183,-1.8683344178742312,0.06171547208951646,-0.43656743860971026,0.010449155477271238,0.002528817581608167,105903,63,,ES.v.0,60,60,changes,development,0.0017021570334051495
d_ask_depth_60s,-0.2198157785753728,0.08678067020832048,-2.5330039287285544,0.011308968536089248,-0.38990276673792895,-0.04972879041281664,0.002528817581608167,105903,63,,ES.v.0,60,60,changes,development,0.0017021570334051495
d_imbalance_60s,0.19195900465492866,0.1172214182139678,1.6375762004904264,0.10151013111727292,-0.03779075326115572,0.42170876257101303,0.002528817581608167,105903,63,,ES.v.0,60,60,changes,development,0.0017021570334051495
d_spread_60s,-0.3428230571794885,0.3731953164933744,-0.9186156471649475,0.3582966447355037,-1.0742724367055292,0.3886263223465521,0.002528817581608167,105903,63,,ES.v.0,60,60,changes,development,0.0017021570334051495
past_ret_60s,-0.03989566356950704,0.03180283422163892,-1.2544688090208542,0.20967165594146275,-0.10222807325021724,0.022436746111203165,0.002528817581608167,105903,63,,ES.v.0,60,60,changes,development,0.0017021570334051495
const,0.03139363839933751,0.04356626414132557,0.7205951443873863,0.4711586421780374,-0.053994670258619426,0.11678194705729444,0.0004239000108726687,105903,63,,NQ.v.0,5,5,levels,development,-1.4608062468557392e-06
depth,-0.0409627737090504,0.08697943892417144,-0.47094778048363467,0.6376780260798947,-0.21143934139592774,0.12951379397782692,0.0004239000108726687,105903,63,,NQ.v.0,5,5,levels,development,-1.4608062468557392e-06
bid_depth,-0.0034962411598893637,0.03945439190864836,-0.08861475214177592,0.9293880836964992,-0.08082542833276868,0.07383294601298995,0.0004239000108726687,105903,63,,NQ.v.0,5,5,levels,development,-1.4608062468557392e-06
ask_depth,0.030243132519977706,0.044594254248085434,0.6781845112092245,0.4976547118907936,-0.057159999723692054,0.11764626476364747,0.0004239000108726687,105903,63,,NQ.v.0,5,5,levels,development,-1.4608062468557392e-06
imbalance,0.17808328612308585,0.025459769462858533,6.994693584436381,2.6583928780253105e-12,0.12818305492119045,0.22798351732498126,0.0004239000108726687,105903,63,,NQ.v.0,5,5,levels,development,-1.4608062468557392e-06
spread,-0.009881515288519074,0.025211303981213698,-0.3919478062650914,0.6950967789647318,-0.0592947630949892,0.03953173251795106,0.0004239000108726687,105903,63,,NQ.v.0,5,5,levels,development,-1.4608062468557392e-06
past_ret_5s,0.0037974833514319893,0.020917604479417633,0.18154484922824754,0.8559399333712784,-0.037200268071080275,0.04479523477394426,0.0004239000108726687,105903,63,,NQ.v.0,5,5,levels,development,-1.4608062468557392e-06
const,-0.0037614018994616156,0.0155989087571358,-0.2411323739387182,0.8094525221618751,-0.034334701261574244,0.02681189746265101,0.00027926932288757644,105903,63,,NQ.v.0,5,5,changes,development,-0.00021633028496448325
d_depth_5s,-0.05161755712570755,0.05079942239891834,-1.01610519742458,0.3095792943134129,-0.15118259546302482,0.047947481211609716,0.00027926932288757644,105903,63,,NQ.v.0,5,5,changes,development,-0.00021633028496448325
d_bid_depth_5s,0.008856857641449433,0.02403844647382782,0.36844550878495647,0.7125410692647627,-0.03825763169154695,0.055971346974445814,0.00027926932288757644,105903,63,,NQ.v.0,5,5,changes,development,-0.00021633028496448325
d_ask_depth_5s,0.040495237647158545,0.02445250638391582,1.6560771730866488,0.09770619139395607,-0.007430794197052219,0.0884212694913693,0.00027926932288757644,105903,63,,NQ.v.0,5,5,changes,development,-0.00021633028496448325
d_imbalance_5s,0.10077652424983893,0.016288804984721326,6.186858050321428,6.137518461859108e-10,0.06885105312858864,0.13270199537108923,0.00027926932288757644,105903,63,,NQ.v.0,5,5,changes,development,-0.00021633028496448325
d_spread_5s,-0.02149899022685087,0.01618350818989054,-1.3284505420327088,0.18402931201536266,-0.05321808342254533,0.010220102968843587,0.00027926932288757644,105903,63,,NQ.v.0,5,5,changes,development,-0.00021633028496448325
past_ret_5s,0.003763167490436467,0.020959169801531684,0.1795475453498858,0.857507788040469,-0.037316050466425145,0.04484238544729808,0.00027926932288757644,105903,63,,NQ.v.0,5,5,changes,development,-0.00021633028496448325
const,-0.0037638792903900314,0.015227842552394994,-0.24717088303477755,0.8047759782683033,-0.03360990225533071,0.026082143674550647,0.0005901401406559481,105903,63,,NQ.v.0,5,10,changes,development,-0.0007691168386416702
d_depth_10s,-0.09501272407465597,0.07289487202606659,-1.303421234358985,0.19243099095474692,-0.23788404790340278,0.04785859975409085,0.0005901401406559481,105903,63,,NQ.v.0,5,10,changes,development,-0.0007691168386416702
d_bid_depth_10s,0.0375367721806944,0.035060074624668154,1.0706415369202793,0.2843306393052599,-0.031179711378941835,0.10625325574033063,0.0005901401406559481,105903,63,,NQ.v.0,5,10,changes,development,-0.0007691168386416702
d_ask_depth_10s,0.05780889356767313,0.03658930862539103,1.5799394888690748,0.11412072476788847,-0.013904833557314047,0.1295226206926603,0.0005901401406559481,105903,63,,NQ.v.0,5,10,changes,development,-0.0007691168386416702
d_imbalance_10s,0.1039164983818143,0.02155683870847433,4.820581523438458,1.4314034561832935e-06,0.06166587089266568,0.14616712587096292,0.0005901401406559481,105903,63,,NQ.v.0,5,10,changes,development,-0.0007691168386416702
d_spread_10s,-0.016899831967495678,0.018943413505420358,-0.8921217901229923,0.37232765658070943,-0.054028240182369236,0.02022857624737788,0.0005901401406559481,105903,63,,NQ.v.0,5,10,changes,development,-0.0007691168386416702
past_ret_10s,0.012072497023439282,0.009594257686587155,1.2583044376968031,0.20828167688347332,-0.006731902500668121,0.030876896547546683,0.0005901401406559481,105903,63,,NQ.v.0,5,10,changes,development,-0.0007691168386416702
const,-0.00440954023832619,0.015085891358952845,-0.29229563791796187,0.7700605937009908,-0.03397734397655778,0.025158263499905402,0.0004939476084671046,105903,63,,NQ.v.0,5,30,changes,development,-0.00077957717913546
d_depth_30s,-0.08350066281624367,0.06435477939374996,-1.2975052296481515,0.1944574068982542,-0.209633712661014,0.04263238702852666,0.0004939476084671046,105903,63,,NQ.v.0,5,30,changes,development,-0.00077957717913546
d_bid_depth_30s,0.03163534955445942,0.0321834918743238,0.9829682148225286,0.3256230825370643,-0.03144313541595271,0.09471383452487156,0.0004939476084671046,105903,63,,NQ.v.0,5,30,changes,development,-0.00077957717913546
d_ask_depth_30s,0.051413985244346316,0.03404321379613333,1.5102565096302976,0.13097798434179264,-0.015309487714072104,0.11813745820276474,0.0004939476084671046,105903,63,,NQ.v.0,5,30,changes,development,-0.00077957717913546
d_imbalance_30s,0.10832359453567833,0.0175286046328257,6.179818462721297,6.41753538708404e-10,0.07396816075609802,0.14267902831525864,0.0004939476084671046,105903,63,,NQ.v.0,5,30,changes,development,-0.00077957717913546
d_spread_30s,-0.026872446635316433,0.022119734625229242,-1.2148629760081462,0.22441835682559952,-0.07022632984834934,0.016481436577716474,0.0004939476084671046,105903,63,,NQ.v.0,5,30,changes,development,-0.00077957717913546
past_ret_30s,0.004350105936627022,0.00512159786266162,0.8493649937534017,0.3956782257958614,-0.005688041417487072,0.014388253290741117,0.0004939476084671046,105903,63,,NQ.v.0,5,30,changes,development,-0.00077957717913546
const,0.0010310389002285603,0.01485454847633154,0.06940896937199832,0.9446640896132302,-0.028083341119985596,0.030145418920442715,0.0007611241689715609,105903,63,,NQ.v.0,5,60,changes,development,-0.0024054561181432454
d_depth_60s,-0.004606648288964894,0.06142401288848869,-0.07499751436507356,0.9402166895740731,-0.12499550133632684,0.11578220475839704,0.0007611241689715609,105903,63,,NQ.v.0,5,60,changes,development,-0.0024054561181432454
d_bid_depth_60s,-0.018339312082741376,0.034309486809834894,-0.5345259806533851,0.5929776793735655,-0.0855846705580698,0.04890604639258704,0.0007611241689715609,105903,63,,NQ.v.0,5,60,changes,development,-0.0024054561181432454
d_ask_depth_60s,0.02442760966482996,0.028528570725010024,0.8562507354571083,0.3918591046276416,-0.031487361486593424,0.08034258081625334,0.0007611241689715609,105903,63,,NQ.v.0,5,60,changes,development,-0.0024054561181432454
d_imbalance_60s,0.12723820892545792,0.025464605834344123,4.9966690925116035,5.832903106728239e-07,0.07732849860963491,0.17714791924128093,0.0007611241689715609,105903,63,,NQ.v.0,5,60,changes,development,-0.0024054561181432454
d_spread_60s,0.04312283032546976,0.02602033508083656,1.65727421232284,0.09746404849101219,-0.00787608929863401,0.09412174994957354,0.0007611241689715609,105903,63,,NQ.v.0,5,60,changes,development,-0.0024054561181432454
past_ret_60s,-0.0016902065529670258,0.0036837274685650708,-0.45883050996316377,0.646355883383227,-0.008910179720215468,0.005529766614281417,0.0007611241689715609,105903,63,,NQ.v.0,5,60,changes,development,-0.0024054561181432454
const,0.046966130144393214,0.2187601996761598,0.21469229875415732,0.8300072272851707,-0.3817959824716708,0.4757282427604572,0.0002288726131464136,105903,63,,NQ.v.0,30,5,levels,development,-0.00023097075592337646
depth,0.354667369936089,0.20732577021977555,1.710676726584081,0.08714080632830573,-0.051683672761697996,0.7610184126338759,0.0002288726131464136,105903,63,,NQ.v.0,30,5,levels,development,-0.00023097075592337646
bid_depth,-0.21140200281123156,0.10744412843205942,-1.9675528658125627,0.04911950751773262,-0.4219886248883641,-0.0008153807340990638,0.0002288726131464136,105903,63,,NQ.v.0,30,5,levels,development,-0.00023097075592337646
ask_depth,-0.18410821115812193,0.09266753971600632,-1.9867605390447332,0.04694893948407423,-0.3657332515374294,-0.002483170778814464,0.0002288726131464136,105903,63,,NQ.v.0,30,5,levels,development,-0.00023097075592337646
imbalance,0.14929405760120384,0.06454875647315506,2.3128882066580663,0.02072878639531354,0.022780819666973262,0.2758072955354344,0.0002288726131464136,105903,63,,NQ.v.0,30,5,levels,development,-0.00023097075592337646
spread,-0.0058590218709950416,0.12146233891674292,-0.04823735425522427,0.9615270804337703,-0.24392083162580896,0.23220278788381887,0.0002288726131464136,105903,63,,NQ.v.0,30,5,levels,development,-0.00023097075592337646
past_ret_5s,0.027309986992809447,0.02828883000579987,0.965398250376925,0.33434537748124826,-0.028135100983334306,0.08275507496895321,0.0002288726131464136,105903,63,,NQ.v.0,30,5,levels,development,-0.00023097075592337646
const,-0.01676298700855882,0.08740454748099495,-0.19178621126324952,0.8479096722847782,-0.18807275215633004,0.1545467781392124,0.00021760270884296773,105903,63,,NQ.v.0,30,5,changes,development,-0.0005974028169086765
d_depth_5s,-0.05863037492018936,0.061276967945925596,-0.9568093344946221,0.33866349990674705,-0.17873102517601885,0.06147027533564014,0.00021760270884296773,105903,63,,NQ.v.0,30,5,changes,development,-0.0005974028169086765
d_bid_depth_5s,0.01923452229814781,0.02872284467893162,0.669659377862961,0.5030749528160842,-0.0370612188060961,0.07553026340239172,0.00021760270884296773,105903,63,,NQ.v.0,30,5,changes,development,-0.0005974028169086765
d_ask_depth_5s,0.04538332647939995,0.032672416899566424,1.3890409950052458,0.1648202844847988,-0.01865343393162805,0.10942008689042795,0.00021760270884296773,105903,63,,NQ.v.0,30,5,changes,development,-0.0005974028169086765
d_imbalance_5s,0.1247628009841099,0.017182255179525794,7.261142363476013,3.8383469630971553e-13,0.09108619965906253,0.15843940230915726,0.00021760270884296773,105903,63,,NQ.v.0,30,5,changes,development,-0.0005974028169086765
d_spread_5s,-0.05345522423395161,0.02427828355672355,-2.2017711470030132,0.02768147815859115,-0.10103978561158078,-0.005870662856322442,0.00021760270884296773,105903,63,,NQ.v.0,30,5,changes,development,-0.0005974028169086765
past_ret_5s,0.027587672413953743,0.02847740383031944,0.9687565825288325,0.33266665392011885,-0.028227013466675343,0.08340235829458283,0.00021760270884296773,105903,63,,NQ.v.0,30,5,changes,development,-0.0005974028169086765
const,-0.017213266091588526,0.0870549485423807,-0.19772874925322187,0.8432572951215903,-0.18783782991064238,0.15341129772746534,0.00032373439366251144,105903,63,,NQ.v.0,30,10,changes,development,-0.0011020466185378552
d_depth_10s,-0.06959321442240556,0.09140426603719642,-0.7613781876885813,0.44643121188076107,-0.24874228388862818,0.10955585504381708,0.00032373439366251144,105903,63,,NQ.v.0,30,10,changes,development,-0.0011020466185378552
d_bid_depth_10s,0.037278324978526525,0.0451265715652367,0.8260836949387026,0.40875661626964954,-0.0511681300351067,0.12572477999215975,0.00032373439366251144,105903,63,,NQ.v.0,30,10,changes,development,-0.0011020466185378552
d_ask_depth_10s,0.04803721247725517,0.04695554018338047,1.023036095200914,0.3062907798592469,-0.043993955156793836,0.14006838011130418,0.00032373439366251144,105903,63,,NQ.v.0,30,10,changes,development,-0.0011020466185378552
d_imbalance_10s,0.11361869052114883,0.027646077584644373,4.1097580723081215,3.9607385043088365e-05,0.05943337414144577,0.1678040069008519,0.00032373439366251144,105903,63,,NQ.v.0,30,10,changes,development,-0.0011020466185378552
d_spread_10s,-0.07853055637595859,0.05285231381445144,-1.485848976293748,0.13731907223710388,-0.1821191879518922,0.025058075199975008,0.00032373439366251144,105903,63,,NQ.v.0,30,10,changes,development,-0.0011020466185378552
past_ret_10s,0.023381666869718622,0.025507518318873497,0.9166578487730844,0.3593219604650285,-0.026612150370269098,0.07337548410970635,0.00032373439366251144,105903,63,,NQ.v.0,30,10,changes,development,-0.0011020466185378552
const,-0.01611712491656597,0.08879423113310297,-0.18151094627314607,0.8559665419757592,-0.190150619972373,0.15791637013924106,0.0003689765846135451,105903,63,,NQ.v.0,30,30,changes,development,0.0003446171378634899
d_depth_30s,-0.0824180144893308,0.1367621899700472,-0.6026374285713141,0.5467499153776305,-0.3504669812774483,0.18563095229878673,0.0003689765846135451,105903,63,,NQ.v.0,30,30,changes,development,0.0003446171378634899
d_bid_depth_30s,0.025169950081834477,0.07301779987774991,0.3447097847918628,0.7303125613202395,-0.1179423079089085,0.16828220807257746,0.0003689765846135451,105903,63,,NQ.v.0,30,30,changes,development,0.0003446171378634899
d_ask_depth_30s,0.05777468237019609,0.06328655900448378,0.9129060463866082,0.3612919572421148,-0.06626469398406118,0.18181405872445336,0.0003689765846135451,105903,63,,NQ.v.0,30,30,changes,development,0.0003446171378634899
d_imbalance_30s,0.11228032468136381,0.047632113133643544,2.3572400486691385,0.01841134085355324,0.018923098431885166,0.20563755093084246,0.0003689765846135451,105903,63,,NQ.v.0,30,30,changes,development,0.0003446171378634899
d_spread_30s,0.02600393896455403,0.07606798850525329,0.34185127641120927,0.7324628186628692,-0.12308657888214924,0.1750944568112573,0.0003689765846135451,105903,63,,NQ.v.0,30,30,changes,development,0.0003446171378634899
past_ret_30s,-0.016647880140468443,0.020392948203452048,-0.8163547503960387,0.4142972687672123,-0.05661732415782525,0.023321563876888367,0.0003689765846135451,105903,63,,NQ.v.0,30,30,changes,development,0.0003446171378634899
const,-0.004881867728196234,0.08741574901619435,-0.055846546911035855,0.9554640537059543,-0.17621358748152982,0.16644985202513735,0.001807037440731185,105903,63,,NQ.v.0,30,60,changes,development,-0.001977273433068527
d_depth_60s,-0.09971217571169648,0.13267196497301095,-0.7515692989998348,0.45231011178921254,-0.35974444881695755,0.16032009739356456,0.001807037440731185,105903,63,,NQ.v.0,30,60,changes,development,-0.001977273433068527
d_bid_depth_60s,0.021511492591198753,0.07387909943114905,0.2911715594374048,0.7709201129356491,-0.123288881504107,0.1663118666865045,0.001807037440731185,105903,63,,NQ.v.0,30,60,changes,development,-0.001977273433068527
d_ask_depth_60s,0.06018331724689033,0.06053194068481232,0.9942406697360446,0.320105712593048,-0.05845710640965662,0.17882374090343728,0.001807037440731185,105903,63,,NQ.v.0,30,60,changes,development,-0.001977273433068527
d_imbalance_60s,0.0730072505522449,0.04851839589105146,1.5047333946526882,0.1323926337864248,-0.022087057981872105,0.1681015590863619,0.001807037440731185,105903,63,,NQ.v.0,30,60,changes,development,-0.001977273433068527
d_spread_60s,0.10475413909137482,0.1158456219558002,0.9042563484301787,0.36585948738780294,-0.12229910770863611,0.33180738589138575,0.001807037440731185,105903,63,,NQ.v.0,30,60,changes,development,-0.001977273433068527
past_ret_60s,-0.024522519165740428,0.026964848224407974,-0.9094254475922915,0.36312559419171186,-0.07737265053416889,0.028327612202688028,0.001807037440731185,105903,63,,NQ.v.0,30,60,changes,development,-0.001977273433068527
const,0.0602657939764881,0.3487702807357982,0.17279509552633263,0.8628124922590357,-0.6233113951436001,0.7438429830965764,0.0001685865579822421,105903,63,,NQ.v.0,60,5,levels,development,-0.00029814091090285544
depth,0.6953396005980979,0.35127683037410845,1.9794633191650126,0.04776386556329294,0.006849664461459515,1.3838295367347362,0.0001685865579822421,105903,63,,NQ.v.0,60,5,levels,development,-0.00029814091090285544
bid_depth,-0.3774058958494829,0.17771476252305082,-2.1236609187181665,0.033698507569627195,-0.7257204299157511,-0.029091361783214753,0.0001685865579822421,105903,63,,NQ.v.0,60,5,levels,development,-0.00029814091090285544
ask_depth,-0.4114886942695345,0.15879273180146847,-2.5913572340577944,0.009559819786209432,-0.7227167296071408,-0.1002606589319282,0.0001685865579822421,105903,63,,NQ.v.0,60,5,levels,development,-0.00029814091090285544
imbalance,0.03205845538538378,0.0991671042211397,0.3232771153012029,0.7464853836571002,-0.16230549733917998,0.22642240810994757,0.0001685865579822421,105903,63,,NQ.v.0,60,5,levels,development,-0.00029814091090285544
spread,0.006379308755588132,0.19409561315857735,0.032866836358512626,0.9737807792522094,-0.37404110259244205,0.3867997201036183,0.0001685865579822421,105903,63,,NQ.v.0,60,5,levels,development,-0.00029814091090285544
past_ret_5s,0.001346839649235457,0.037295869785368904,0.0361123002891816,0.9711928145135043,-0.0717517219021832,0.07444540120065411,0.0001685865579822421,105903,63,,NQ.v.0,60,5,levels,development,-0.00029814091090285544
const,-0.04183678804974777,0.1686356459529566,-0.24808982592813594,0.8040649073291914,-0.37235658062719046,0.2886830045276949,2.8064673462946388e-05,105903,63,,NQ.v.0,60,5,changes,development,3.335694006301182e-05
d_depth_5s,-0.062062418160379926,0.061491134496818645,-1.0092905045294105,0.3128353326727067,-0.18258282714265295,0.05845799082189311,2.8064673462946388e-05,105903,63,,NQ.v.0,60,5,changes,development,3.335694006301182e-05
d_bid_depth_5s,0.013701046996638204,0.03322531555263403,0.4123677012166711,0.6800699331510727,-0.05141937486150302,0.07882146885477942,2.8064673462946388e-05,105903,63,,NQ.v.0,60,5,changes,development,3.335694006301182e-05
d_ask_depth_5s,0.0500043116131794,0.027679387265620914,1.8065541384034567,0.07083182569851809,-0.004246290541574202,0.104254913767933,2.8064673462946388e-05,105903,63,,NQ.v.0,60,5,changes,development,3.335694006301182e-05
d_imbalance_5s,0.11826418443381813,0.027028198620060655,4.375585147063446,1.211071547720147e-05,0.06528988857150406,0.1712384802961322,2.8064673462946388e-05,105903,63,,NQ.v.0,60,5,changes,development,3.335694006301182e-05
d_spread_5s,0.006534349735481666,0.04935582780692676,0.13239266821829324,0.8946737135453298,-0.0902012951932553,0.10326999466421864,2.8064673462946388e-05,105903,63,,NQ.v.0,60,5,changes,development,3.335694006301182e-05
past_ret_5s,0.0015854647409342011,0.03705377691986842,0.0427882087260062,0.9658703634557332,-0.0710386035131894,0.0742095329950578,2.8064673462946388e-05,105903,63,,NQ.v.0,60,5,changes,development,3.335694006301182e-05
const,-0.04148747866575895,0.16881309591198126,-0.2457598354063148,0.8058681503077548,-0.3723550667719481,0.28938010944043013,5.69996361785563e-05,105903,63,,NQ.v.0,60,10,changes,development,6.587344705033527e-05
d_depth_10s,-0.09920671044814301,0.0837189461307903,-1.1849971247028945,0.23601858374909201,-0.2632928296881409,0.06487940879185487,5.69996361785563e-05,105903,63,,NQ.v.0,60,10,changes,development,6.587344705033527e-05
d_bid_depth_10s,0.032493451225615595,0.044253341811892194,0.7342598297714013,0.46279039533600563,-0.054241504921233606,0.11922840737246479,5.69996361785563e-05,105903,63,,NQ.v.0,60,10,changes,development,6.587344705033527e-05
d_ask_depth_10s,0.06472870999344679,0.03998613950807963,1.6187786765553513,0.10549489167027452,-0.013642683323183441,0.14310010331007703,5.69996361785563e-05,105903,63,,NQ.v.0,60,10,changes,development,6.587344705033527e-05
d_imbalance_10s,0.11914463344153678,0.03183846568258754,3.742160022073457,0.00018244527101814154,0.05674238738065074,0.18154687950242282,5.69996361785563e-05,105903,63,,NQ.v.0,60,10,changes,development,6.587344705033527e-05
d_spread_10s,0.04840763658706596,0.09338879836809111,0.5183452130550786,0.604217432658269,-0.1346310447738656,0.2314463179479975,5.69996361785563e-05,105903,63,,NQ.v.0,60,10,changes,development,6.587344705033527e-05
past_ret_10s,-0.007460106300820212,0.043057307834292076,-0.17325993370349013,0.86244711561715,-0.091850878927287,0.07693066632564657,5.69996361785563e-05,105903,63,,NQ.v.0,60,10,changes,development,6.587344705033527e-05
const,-0.03448108592926901,0.17059723181009367,-0.2021198442871151,0.8398230345205702,-0.36884551613928346,0.2998833442807454,0.0011883467560160899,105903,63,,NQ.v.0,60,30,changes,development,-0.0017877216266557472
d_depth_30s,-0.16715074096542762,0.14583847650629567,-1.1461360881551168,0.25173884749889475,-0.452988902477958,0.11868742054710271,0.0011883467560160899,105903,63,,NQ.v.0,60,30,changes,development,-0.0017877216266557472
d_bid_depth_30s,0.046192785156450714,0.08077084414660893,0.5718992495931474,0.56739023245215,-0.11211516037180062,0.20450073068470204,0.0011883467560160899,105903,63,,NQ.v.0,60,30,changes,development,-0.0017877216266557472
d_ask_depth_30s,0.07627451237285232,0.06578455611677614,1.1594592541972184,0.24626903590354143,-0.052660848354983025,0.20520987310068767,0.0011883467560160899,105903,63,,NQ.v.0,60,30,changes,development,-0.0017877216266557472
d_imbalance_30s,0.058109385852563054,0.05709737622018215,1.0177242756038094,0.3088090073682265,-0.05379941515072768,0.1700181868558538,0.0011883467560160899,105903,63,,NQ.v.0,60,30,changes,development,-0.0017877216266557472
d_spread_30s,0.2522633324346719,0.17486461485910815,1.4426208106078262,0.1491273177615127,-0.09046501485964764,0.5949916797289915,0.0011883467560160899,105903,63,,NQ.v.0,60,30,changes,development,-0.0017877216266557472
past_ret_30s,-0.03364918037489192,0.04595318434854538,-0.7322491542625176,0.4640165073933712,-0.12371576667297057,0.05641740592318673,0.0011883467560160899,105903,63,,NQ.v.0,60,30,changes,development,-0.0017877216266557472
const,-0.022565928740003766,0.16538567163136333,-0.1364442791047953,0.8914700712990978,-0.34671588869644365,0.30158403121643607,0.0014686185399492846,105903,63,,NQ.v.0,60,60,changes,development,-0.0036620674871157277
d_depth_60s,0.20067557291655003,0.18146858946277908,1.1058419173843332,0.2687949483150919,-0.15499632675578173,0.5563474725888817,0.0014686185399492846,105903,63,,NQ.v.0,60,60,changes,development,-0.0036620674871157277
d_bid_depth_60s,-0.1105777446062252,0.09774099313797059,-1.1313343670463254,0.25791438461936556,-0.3021465709698241,0.08099108175737373,0.0014686185399492846,105903,63,,NQ.v.0,60,60,changes,development,-0.0036620674871157277
d_ask_depth_60s,-0.12012980234903403,0.09648413138707153,-1.2450731599282545,0.21310485905264975,-0.3092352249473248,0.06897562024925677,0.0014686185399492846,105903,63,,NQ.v.0,60,60,changes,development,-0.0036620674871157277
d_imbalance_60s,0.039788798672077165,0.084197062121669,0.47256754178168764,0.6365217440529327,-0.12523441069047567,0.20481200803462998,0.0014686185399492846,105903,63,,NQ.v.0,60,60,changes,development,-0.0036620674871157277
d_spread_60s,0.17268380623982468,0.24660154440322463,0.7002543583322612,0.4837684698091317,-0.31064633932245056,0.6560139518020999,0.0014686185399492846,105903,63,,NQ.v.0,60,60,changes,development,-0.0036620674871157277
past_ret_60s,-0.02745606639212104,0.03393212213639513,-0.8091467513218703,0.4184307394491511,-0.09396180369846982,0.03904967091422773,0.0014686185399492846,105903,63,,NQ.v.0,60,60,changes,development,-0.0036620674871157277
const,0.05193542476166379,0.15318510736070867,0.3390370360179348,0.7345818299936476,-0.24830186863322673,0.3521727181565543,0.05449080717434496,105903,63,,ZN.v.0,5,5,levels,development,0.07764411800220827
depth,0.022050692397560356,0.014405073145282077,1.5307587941531806,0.12582901696749277,-0.006182732161857631,0.05028411695697835,0.05449080717434496,105903,63,,ZN.v.0,5,5,levels,development,0.07764411800220827
bid_depth,-0.01923658837643471,0.00632919941225247,-3.0393399106994936,0.002370971763936795,-0.03164159127542163,-0.006831585477447789,0.05449080717434496,105903,63,,ZN.v.0,5,5,levels,development,0.07764411800220827
ask_depth,-0.003349565469519031,0.005873954174606171,-0.5702403134160657,0.5685147170125817,-0.014862304098585827,0.008163173159547767,0.05449080717434496,105903,63,,ZN.v.0,5,5,levels,development,0.07764411800220827
imbalance,0.5131450896700528,0.017159155909353924,29.90503101555965,1.692666430470659e-196,0.4795137620826114,0.5467764172574942,0.05449080717434496,105903,63,,ZN.v.0,5,5,levels,development,0.07764411800220827
spread,-0.04024148827808449,0.1555865320416725,-0.25864377687463436,0.7959101031509639,-0.3451854875592497,0.26470251100308073,0.05449080717434496,105903,63,,ZN.v.0,5,5,levels,development,0.07764411800220827
past_ret_5s,-0.013341850050695134,0.012237925748925462,-1.0902051805524806,0.27562277182282857,-0.037327743764064406,0.01064404366267414,0.05449080717434496,105903,63,,ZN.v.0,5,5,levels,development,0.07764411800220827
const,0.008555135476752544,0.005615287448383431,1.5235436396431419,0.12762275140489232,-0.0024506256849187984,0.019560896638423884,0.02994996707510944,105903,63,,ZN.v.0,5,5,changes,development,0.04059654720506811
d_depth_5s,0.041001654698854056,0.009937861775605511,4.125802473878324,3.6944426201992946e-05,0.021523803535329983,0.06047950586237813,0.02994996707510944,105903,63,,ZN.v.0,5,5,changes,development,0.04059654720506811
d_bid_depth_5s,-0.0298915856173899,0.00749795055283418,-3.986634135122572,6.701724665505887e-05,-0.04458729865880708,-0.01519587257597272,0.02994996707510944,105903,63,,ZN.v.0,5,5,changes,development,0.04059654720506811
d_ask_depth_5s,-0.011743254327928127,0.005683352727305909,-2.0662547076318463,0.038804435625398224,-0.0228824209848852,-0.0006040876709710544,0.02994996707510944,105903,63,,ZN.v.0,5,5,changes,development,0.04059654720506811
d_imbalance_5s,0.3179746101261061,0.016271779556986842,19.541477255914085,4.8750670805224337e-85,0.2860825082300368,0.34986671202217545,0.02994996707510944,105903,63,,ZN.v.0,5,5,changes,development,0.04059654720506811
d_spread_5s,-0.03638122535367446,0.05509032259913647,-0.6603923091611145,0.509002106319729,-0.14435627354467495,0.07159382283732604,0.02994996707510944,105903,63,,ZN.v.0,5,5,changes,development,0.04059654720506811
past_ret_5s,-0.008479371378929002,0.013453976478215508,-0.6302502009468117,0.5285308991727955,-0.03484868072508043,0.01788993796722243,0.02994996707510944,105903,63,,ZN.v.0,5,5,changes,development,0.04059654720506811
const,0.008286722426584485,0.005520213915573912,1.5011596567309748,0.13331427181396627,-0.0025326980348972135,0.019106142888066183,0.028499857010406915,105903,63,,ZN.v.0,5,10,changes,development,0.04225176799398367
d_depth_10s,0.044046277859220176,0.01174273565873923,3.750938379204667,0.00017617399652229107,0.021030938888117058,0.0670616168303233,0.028499857010406915,105903,63,,ZN.v.0,5,10,changes,development,0.04225176799398367
d_bid_depth_10s,-0.029085271214434986,0.005939821966639884,-4.896657067802374,9.74807369193347e-07,-0.04072710834362903,-0.01744343408524094,0.028499857010406915,105903,63,,ZN.v.0,5,10,changes,development,0.04225176799398367
d_ask_depth_10s,-0.012366984354525127,0.00465870410517092,-2.6545975179660832,0.007940308504833833,-0.02149787661528903,-0.003236092093761224,0.028499857010406915,105903,63,,ZN.v.0,5,10,changes,development,0.04225176799398367
d_imbalance_10s,0.3020139619800627,0.015328807892647593,19.702377647052554,2.0572808471521512e-86,0.2719700505845401,0.3320578733755853,0.028499857010406915,105903,63,,ZN.v.0,5,10,changes,development,0.04225176799398367
d_spread_10s,-0.04424631431730763,0.05339133372298042,-0.8287171574862414,0.40726447473171146,-0.1488914055009081,0.06039877686629283,0.028499857010406915,105903,63,,ZN.v.0,5,10,changes,development,0.04225176799398367
past_ret_10s,0.0052406175015155074,0.008802417401065405,0.5953611675903039,0.5516020769082399,-0.012011803581461351,0.022493038584492364,0.028499857010406915,105903,63,,ZN.v.0,5,10,changes,development,0.04225176799398367
const,0.007833379548133628,0.005278072873788422,1.4841363003976666,0.13777276466850527,-0.002511453192269501,0.018178212288536756,0.026365467675776855,105903,63,,ZN.v.0,5,30,changes,development,0.04036295498204101
d_depth_30s,0.024059256325923786,0.01225814748703048,1.9627155205449487,0.04967923867365867,3.3728734163875757e-05,0.0480847839176837,0.026365467675776855,105903,63,,ZN.v.0,5,30,changes,development,0.04036295498204101
d_bid_depth_30s,-0.016795538486611063,0.004610196214344255,-3.6431287749430483,0.00026934400058091534,-0.0258313570283887,-0.007759719944833425,0.026365467675776855,105903,63,,ZN.v.0,5,30,changes,development,0.04036295498204101
d_ask_depth_30s,-0.004804024126974399,0.005080086120946122,-0.9456580090574708,0.3443230464291177,-0.014760809962390587,0.005152761708441789,0.026365467675776855,105903,63,,ZN.v.0,5,30,changes,development,0.04036295498204101
d_imbalance_30s,0.2728443486642413,0.010462485124815249,26.078349972235614,6.418814505060301e-150,0.2523382546308173,0.29335044269766525,0.026365467675776855,105903,63,,ZN.v.0,5,30,changes,development,0.04036295498204101
d_spread_30s,0.00789046774590615,0.06435554521998273,0.12260742596360008,0.9024179737474707,-0.11824408309069881,0.13402501858251112,0.026365467675776855,105903,63,,ZN.v.0,5,30,changes,development,0.04036295498204101
past_ret_30s,0.009230143059693307,0.004513141205978025,2.0451704563259017,0.04083805605401449,0.00038454883883271354,0.0180757372805539,0.026365467675776855,105903,63,,ZN.v.0,5,30,changes,development,0.04036295498204101
const,0.008466573444666893,0.005615696719168393,1.5076621598469577,0.13164101489178154,-0.0025399898730028986,0.019473136762336685,0.027475212354008738,105903,63,,ZN.v.0,5,60,changes,development,0.04207302901868304
d_depth_60s,0.029007510293502268,0.012829573115964756,2.2609879558195236,0.023760002893059375,0.0038620090491880282,0.05415301153781651,0.027475212354008738,105903,63,,ZN.v.0,5,60,changes,development,0.04207302901868304
d_bid_depth_60s,-0.0172671823599396,0.00564119413101988,-3.0609090839456434,0.0022066608781571694,-0.028323719686537293,-0.00621064503334191,0.027475212354008738,105903,63,,ZN.v.0,5,60,changes,development,0.04207302901868304
d_ask_depth_60s,-0.005524588255928532,0.005250978111571675,-1.052106510166915,0.2927506856238976,-0.01581631623821716,0.004767139726360097,0.027475212354008738,105903,63,,ZN.v.0,5,60,changes,development,0.04207302901868304
d_imbalance_60s,0.26964271765847264,0.01327257968835148,20.315773119457806,9.326991539514288e-92,0.2436289394873659,0.2956564958295794,0.027475212354008738,105903,63,,ZN.v.0,5,60,changes,development,0.04207302901868304
d_spread_60s,0.057356720249428526,0.08133408974121986,0.7051990184179847,0.48068639208242625,-0.10205516635871109,0.21676860685756816,0.027475212354008738,105903,63,,ZN.v.0,5,60,changes,development,0.04207302901868304
past_ret_60s,-0.0006752539236827903,0.0027533647461038513,-0.24524681106573634,0.8062653328534168,-0.0060717496623486095,0.004721241814983028,0.027475212354008738,105903,63,,ZN.v.0,5,60,changes,development,0.04207302901868304
const,0.2454131983573687,0.4206922073473191,0.5833557029849096,0.559653871322103,-0.5791283766200335,1.0699547733347707,0.014903368512040882,105903,63,,ZN.v.0,30,5,levels,development,0.01869957360878327
depth,-0.029267564313746885,0.07127150861742104,-0.4106488677102726,0.6813300253320633,-0.16895715432772823,0.11042202570023446,0.014903368512040882,105903,63,,ZN.v.0,30,5,levels,development,0.01869957360878327
bid_depth,0.026337447126828773,0.04280655614505486,0.6152666670400055,0.5383786269483264,-0.05756186121967048,0.11023675547332802,0.014903368512040882,105903,63,,ZN.v.0,30,5,levels,development,0.01869957360878327
ask_depth,0.013305441208565107,0.033212636883770644,0.40061381621483994,0.688704471937382,-0.05179013091523196,0.07840101333236218,0.014903368512040882,105903,63,,ZN.v.0,30,5,levels,development,0.01869957360878327
imbalance,0.5636916903628004,0.055953992582113025,10.074199612039791,7.184333485718002e-24,0.45402388011063755,0.6733595006149633,0.014903368512040882,105903,63,,ZN.v.0,30,5,levels,development,0.01869957360878327
spread,-0.21117398427397271,0.43777430922251664,-0.48238094338842286,0.6295353560441262,-1.069195863707006,0.6468478951590607,0.014903368512040882,105903,63,,ZN.v.0,30,5,levels,development,0.01869957360878327
past_ret_5s,0.016229569745847137,0.022906291822828988,0.7085201686670358,0.4786222919537608,-0.028665937246262024,0.061125076737956294,0.014903368512040882,105903,63,,ZN.v.0,30,5,levels,development,0.01869957360878327
const,0.05595036168669336,0.0319490727052687,1.7512358559773356,0.07990529154121274,-0.00666867015508496,0.11856939352847168,0.0064842809363453435,105903,63,,ZN.v.0,30,5,changes,development,0.009484263142004234
d_depth_5s,0.04892918119245085,0.020114638069081304,2.4325161121174275,0.014994324381043447,0.009505215014993199,0.0883531473699085,0.0064842809363453435,105903,63,,ZN.v.0,30,5,changes,development,0.009484263142004234
d_bid_depth_5s,-0.02608391788883603,0.007105760528151028,-3.67081296723959,0.0002417802200589586,-0.04001095260677836,-0.012156883170893702,0.0064842809363453435,105903,63,,ZN.v.0,30,5,changes,development,0.009484263142004234
d_ask_depth_5s,-0.013249870453801495,0.0098446239711527,-1.3458990909786956,0.17833506204243532,-0.03254497887860047,0.0060452379709974805,0.0064842809363453435,105903,63,,ZN.v.0,30,5,changes,development,0.009484263142004234
d_imbalance_5s,0.34019640804521234,0.021070162622777607,16.145884307387725,1.2139614782867475e-58,0.2988996481561662,0.38149316793425847,0.0064842809363453435,105903,63,,ZN.v.0,30,5,changes,development,0.009484263142004234
d_spread_5s,-0.024413348591688356,0.06939859680825003,-0.35178446992441387,0.7249999062566894,-0.16043209891347476,0.11160540173009804,0.0064842809363453435,105903,63,,ZN.v.0,30,5,changes,development,0.009484263142004234
past_ret_5s,0.015040510192540569,0.02517734115312195,0.5973827856193452,0.5502518441843667,-0.034306171694056614,0.06438719207913775,0.0064842809363453435,105903,63,,ZN.v.0,30,5,changes,development,0.009484263142004234
const,0.05535560546491372,0.03165836376167995,1.7485302108985648,0.08037225901234021,-0.0066936473174469685,0.11740485824727441,0.007286057840193316,105903,63,,ZN.v.0,30,10,changes,development,0.009127220565564365
d_depth_10s,0.04439348747163467,0.030501607937608158,1.4554474492768616,0.14554542850925672,-0.015388565556638353,0.1041755404999077,0.007286057840193316,105903,63,,ZN.v.0,30,10,changes,development,0.009127220565564365
d_bid_depth_10s,-0.01685299005087191,0.010066203986151115,-1.6742150341934179,0.09408834583033335,-0.03658238732476163,0.0028764072230178066,0.007286057840193316,105903,63,,ZN.v.0,30,10,changes,development,0.009127220565564365
d_ask_depth_10s,-0.013363019344879717,0.012860892147714062,-1.0390429521839124,0.2987847606306654,-0.03856990476345326,0.011843866073693829,0.007286057840193316,105903,63,,ZN.v.0,30,10,changes,development,0.009127220565564365
d_imbalance_10s,0.32942536089801494,0.023617398560969064,13.948418579954643,3.2165866272480993e-44,0.2831361103099875,0.3757146114860424,0.007286057840193316,105903,63,,ZN.v.0,30,10,changes,development,0.009127220565564365
d_spread_10s,0.05307390814872943,0.10006677829891357,0.5303848994737312,0.5958450935672228,-0.14305337336609544,0.24920118966355428,0.007286057840193316,105903,63,,ZN.v.0,30,10,changes,development,0.009127220565564365
past_ret_10s,0.03354154485553213,0.02533184387445692,1.3240861984529033,0.18547441870156067,-0.016107956800395014,0.08319104651145928,0.007286057840193316,105903,63,,ZN.v.0,30,10,changes,development,0.009127220565564365
const,0.05377768594491618,0.03131832818724511,1.7171314389258494,0.08595515903092635,-0.007605109358089827,0.11516048124792219,0.008263406787916372,105903,63,,ZN.v.0,30,30,changes,development,0.004057288925206848
d_depth_30s,0.0036493527293045987,0.043812553500650775,0.08329468240764357,0.9336172284270157,-0.0822216742027052,0.08952037966131439,0.008263406787916372,105903,63,,ZN.v.0,30,30,changes,development,0.004057288925206848
d_bid_depth_30s,0.014653360940485116,0.012534788299440871,1.1690154305309446,0.24239741449808871,-0.009914372680253062,0.039221094561223295,0.008263406787916372,105903,63,,ZN.v.0,30,30,changes,development,0.004057288925206848
d_ask_depth_30s,0.01155148932351119,0.020190685051249296,0.5721197321532407,0.5672408619492117,-0.02802152620012869,0.051124504847151066,0.008263406787916372,105903,63,,ZN.v.0,30,30,changes,development,0.004057288925206848
d_imbalance_30s,0.30874609890344634,0.04319198017331775,7.148227464092447,8.790556528148065e-13,0.22409137334277546,0.3934008244641172,0.008263406787916372,105903,63,,ZN.v.0,30,30,changes,development,0.004057288925206848
d_spread_30s,-0.010332958186305322,0.13992940318821628,-0.07384408102138951,0.9411344511672453,-0.28458954881339343,0.2639236324407828,0.008263406787916372,105903,63,,ZN.v.0,30,30,changes,development,0.004057288925206848
past_ret_30s,0.023511203677111417,0.02426774806247494,0.9688251096304497,0.3326324561614237,-0.024052708511231147,0.07107511586545398,0.008263406787916372,105903,63,,ZN.v.0,30,30,changes,development,0.004057288925206848
const,0.05433587373081266,0.032449531222657174,1.6744733031111965,0.09403761692800211,-0.00926403878080339,0.1179357862424287,0.008319500717514194,105903,63,,ZN.v.0,30,60,changes,development,0.011407080407420334
d_depth_60s,-0.023567819798110425,0.0455349276650904,-0.5175767483688971,0.6047536081143208,-0.11281463806032416,0.0656789984641033,0.008319500717514194,105903,63,,ZN.v.0,30,60,changes,development,0.011407080407420334
d_bid_depth_60s,0.03330712259677065,0.024290120440080776,1.3712209735202074,0.17030608198169184,-0.014300638645927878,0.08091488383946918,0.008319500717514194,105903,63,,ZN.v.0,30,60,changes,development,0.011407080407420334
d_ask_depth_60s,0.03499193917690485,0.026299062619988666,1.3305394067661234,0.18334061161006343,-0.01655327638543653,0.08653715473924622,0.008319500717514194,105903,63,,ZN.v.0,30,60,changes,development,0.011407080407420334
d_imbalance_60s,0.2866539353314143,0.04849312260719577,5.911228642737031,3.3956529990449965e-09,0.1916091615234255,0.3816987091394031,0.008319500717514194,105903,63,,ZN.v.0,30,60,changes,development,0.011407080407420334
d_spread_60s,0.04121533653536601,0.2572486443052769,0.16021595233930866,0.8727109635692161,-0.4629827413747315,0.5454134144454635,0.008319500717514194,105903,63,,ZN.v.0,30,60,changes,development,0.011407080407420334
past_ret_60s,-0.011214848215154586,0.017480716303645352,-0.6415554157134792,0.5211618890339199,-0.045476422594261615,0.02304672616395244,0.008319500717514194,105903,63,,ZN.v.0,30,60,changes,development,0.011407080407420334
const,0.11386900854868673,0.44489457957723266,0.2559460460428454,0.7979924988627628,-0.7581083443397784,0.9858463614371519,0.008397189769627444,105903,63,,ZN.v.0,60,5,levels,development,0.009503982641971942
depth,-0.029848693625552432,0.10803482028536691,-0.2762877148933007,0.7823270909254938,-0.24159305046112883,0.18189566321002398,0.008397189769627444,105903,63,,ZN.v.0,60,5,levels,development,0.009503982641971942
bid_depth,0.032728049265726915,0.07222887902214785,0.45311584104318403,0.6504653291314073,-0.10883795226138349,0.17429405079283733,0.008397189769627444,105903,63,,ZN.v.0,60,5,levels,development,0.009503982641971942
ask_depth,0.002190779991637182,0.050101875011416185,0.043726507064615686,0.9651224098378384,-0.09600709058866586,0.10038865057194021,0.008397189769627444,105903,63,,ZN.v.0,60,5,levels,development,0.009503982641971942
imbalance,0.5610551173602789,0.10273405851608104,5.461237738139747,4.728263557311916e-08,0.35970006268312965,0.7624101720374281,0.008397189769627444,105903,63,,ZN.v.0,60,5,levels,development,0.009503982641971942
spread,-0.008268524365669532,0.48191157971220444,-0.01715776236505348,0.9863107579742382,-0.9527978643343936,0.9362608156030546,0.008397189769627444,105903,63,,ZN.v.0,60,5,levels,development,0.009503982641971942
past_ret_5s,0.025294311916609226,0.03282231435965702,0.7706437650752408,0.44091811265397163,-0.039036242117570376,0.08962486595078883,0.008397189769627444,105903,63,,ZN.v.0,60,5,levels,development,0.009503982641971942
const,0.11793719903237936,0.061843021992317414,1.9070413319554527,0.05651523543699706,-0.003272896767681277,0.23914729483244,0.0036624341050315312,105903,63,,ZN.v.0,60,5,changes,development,0.0027740187307920827
d_depth_5s,0.06088644269378198,0.020026640693242313,3.040272386488024,0.002363642746775313,0.021634948203702792,0.10013793718386117,0.0036624341050315312,105903,63,,ZN.v.0,60,5,changes,development,0.0027740187307920827
d_bid_depth_5s,-0.02826793120050188,0.007709012669823129,-3.666867913080034,0.00024553954574230093,-0.04337731838971818,-0.01315854401128558,0.0036624341050315312,105903,63,,ZN.v.0,60,5,changes,development,0.0027740187307920827
d_ask_depth_5s,-0.014723269411987847,0.007839975400076206,-1.8779739298473737,0.06038473157809038,-0.03008933883581721,0.0006428000118415163,0.0036624341050315312,105903,63,,ZN.v.0,60,5,changes,development,0.0027740187307920827
d_imbalance_5s,0.36100198340213957,0.03140211926710934,11.496102550640712,1.3800751246886459e-30,0.29945496060037397,0.4225490062039052,0.0036624341050315312,105903,63,,ZN.v.0,60,5,changes,development,0.0027740187307920827
d_spread_5s,-0.03203539771195116,0.06564115630264145,-0.48803829055433673,0.6255227194690136,-0.16068969996869276,0.09661890454479044,0.0036624341050315312,105903,63,,ZN.v.0,60,5,changes,development,0.0027740187307920827
past_ret_5s,0.02472362179869281,0.0363239986888834,0.6806415232654226,0.49609834609042713,-0.0464701074059988,0.09591735100338442,0.0036624341050315312,105903,63,,ZN.v.0,60,5,changes,development,0.0027740187307920827
const,0.11731074959085934,0.061661411938241636,1.9024985952049644,0.05710600233382447,-0.003543397043982391,0.23816489622570108,0.003999108768476312,105903,63,,ZN.v.0,60,10,changes,development,0.002377945073333998
d_depth_10s,0.03809016872317218,0.021692566069730593,1.7559088491758705,0.07910397373939919,-0.004426479505755372,0.08060681695209973,0.003999108768476312,105903,63,,ZN.v.0,60,10,changes,development,0.002377945073333998
d_bid_depth_10s,-0.010041910035181258,0.012815230631947495,-0.7835918309692735,0.43327965068732166,-0.03515930052737282,0.015075480457010307,0.003999108768476312,105903,63,,ZN.v.0,60,10,changes,development,0.002377945073333998
d_ask_depth_10s,0.0017898977250215451,0.012366149604632896,0.14474171688420878,0.8849148006472143,-0.02244731012749316,0.02602710557753625,0.003999108768476312,105903,63,,ZN.v.0,60,10,changes,development,0.002377945073333998
d_imbalance_10s,0.3524833059995349,0.03525143452536871,9.999119489615952,1.5375807826427636e-23,0.28339176392644044,0.4215748480726294,0.003999108768476312,105903,63,,ZN.v.0,60,10,changes,development,0.002377945073333998
d_spread_10s,-0.01071805569397999,0.08154042580954234,-0.13144468633282144,0.8954235407121809,-0.17053435356474325,0.14909824217678327,0.003999108768476312,105903,63,,ZN.v.0,60,10,changes,development,0.002377945073333998
past_ret_10s,0.03134928315486959,0.038259151883132676,0.8193930500767467,0.41256219885978673,-0.043637276615118244,0.10633584292485743,0.003999108768476312,105903,63,,ZN.v.0,60,10,changes,development,0.002377945073333998
const,0.11572034305972155,0.06172662002984783,1.8747234662089893,0.06083077685377337,-0.005261609086168906,0.236702295205612,0.00437981336331017,105903,63,,ZN.v.0,60,30,changes,development,0.0005792941605045066
d_depth_30s,-0.02400790586798519,0.053425036336976324,-0.44937556460525857,0.6531607554041705,-0.12871905296120248,0.08070324122523209,0.00437981336331017,105903,63,,ZN.v.0,60,30,changes,development,0.0005792941605045066
d_bid_depth_30s,0.033002543098628476,0.027933843010391746,1.1814537328913572,0.23742252302828037,-0.02174678315153527,0.08775186934879223,0.00437981336331017,105903,63,,ZN.v.0,60,30,changes,development,0.0005792941605045066
d_ask_depth_30s,0.038376971045313714,0.029799414309978758,1.2878431316169405,0.19780057469934842,-0.020028807762632155,0.09678274985325958,0.00437981336331017,105903,63,,ZN.v.0,60,30,changes,development,0.0005792941605045066
d_imbalance_30s,0.32016049831328824,0.058999029339252315,5.426538400696773,5.7457468005374245e-08,0.20452452568553173,0.4357964709410448,0.00437981336331017,105903,63,,ZN.v.0,60,30,changes,development,0.0005792941605045066
d_spread_30s,-0.10751366122632701,0.1809563650769357,-0.5941413620936535,0.5524175682213794,-0.46218161955040254,0.24715429709774855,0.00437981336331017,105903,63,,ZN.v.0,60,30,changes,development,0.0005792941605045066
past_ret_30s,0.0123702384815329,0.0390892296234714,0.31646155733151377,0.751652199715136,-0.06424324376388722,0.08898372072695303,0.00437981336331017,105903,63,,ZN.v.0,60,30,changes,development,0.0005792941605045066
const,0.1161442271804754,0.0635825705729882,1.8266676879185029,0.0677497493607831,-0.008475321187057752,0.24076377554800854,0.0056401767599545405,105903,63,,ZN.v.0,60,60,changes,development,0.009307521656740758
d_depth_60s,0.02788630125336204,0.0627440593880764,0.444445283351581,0.6567206801618231,-0.09508979539110995,0.15086239789783404,0.0056401767599545405,105903,63,,ZN.v.0,60,60,changes,development,0.009307521656740758
d_bid_depth_60s,0.008654565903622137,0.0299119872883479,0.28933436686078995,0.7723255154658586,-0.049971851887559655,0.06728098369480393,0.0056401767599545405,105903,63,,ZN.v.0,60,60,changes,development,0.009307521656740758
d_ask_depth_60s,0.02022336130771843,0.038639620212199625,0.5233840601086793,0.6007070144138293,-0.05550890268449876,0.09595562529993562,0.0056401767599545405,105903,63,,ZN.v.0,60,60,changes,development,0.009307521656740758
d_imbalance_60s,0.28490031737436405,0.060553226056008595,4.704956877290832,2.539196198997479e-06,0.16621817515687481,0.4035824595918533,0.0056401767599545405,105903,63,,ZN.v.0,60,60,changes,development,0.009307521656740758
d_spread_60s,-0.21228865866745136,0.3931435273677173,-0.5399774990289801,0.5892125500053829,-0.9828358130632143,0.5582584957283115,0.0056401767599545405,105903,63,,ZN.v.0,60,60,changes,development,0.009307521656740758
past_ret_60s,-0.03266917187330014,0.02304324295006069,-1.4177332567339052,0.1562686567060411,-0.07783309814242559,0.01249475439582532,0.0056401767599545405,105903,63,,ZN.v.0,60,60,changes,development,0.009307521656740758
