subevent,metric,instrument,measure,observations,spearman_rho_abs_surprise,one_sided_p_positive,two_sided_p,holm_p,bh_q
press_conference,first_crossing_50_seconds,ES.v.0,PC,9,-0.26666666666666666,0.7560388625806496,0.48792227483870076,1.0,0.8398662107879274
press_conference,first_crossing_50_seconds,ES.v.0,PC_real_time,9,0.03333333333333333,0.46607836777025197,0.9321567355405039,1.0,0.9502568663276982
press_conference,first_crossing_50_seconds,NQ.v.0,PC,9,-0.26666666666666666,0.7560388625806496,0.48792227483870076,1.0,0.8398662107879274
press_conference,first_crossing_50_seconds,NQ.v.0,PC_real_time,9,0.03333333333333333,0.46607836777025197,0.9321567355405039,1.0,0.9502568663276982
press_conference,first_crossing_50_seconds,ZN.v.0,PC,9,0.8703005051059519,0.0011368891976289847,0.0022737783952579693,0.23874673150208678,0.0758717723982041
press_conference,first_crossing_50_seconds,ZN.v.0,PC_real_time,9,0.5272012675161055,0.07234966606693087,0.14469933213386174,1.0,0.578962953698344
press_conference,first_crossing_50_seconds,equity_average,PC,9,-0.26666666666666666,0.7560388625806496,0.48792227483870076,1.0,0.8398662107879274
press_conference,first_crossing_50_seconds,equity_average,PC_real_time,9,0.03333333333333333,0.46607836777025197,0.9321567355405039,1.0,0.9502568663276982
press_conference,first_crossing_50_seconds,meeting_average,PC,10,0.41818181818181815,0.11455642049140946,0.22911284098281892,1.0,0.8018949434398662
press_conference,first_crossing_50_seconds,meeting_average,PC_real_time,10,0.33333333333333326,0.17329675354366714,0.3465935070873343,1.0,0.8398662107879274
press_conference,first_crossing_90_seconds,ES.v.0,PC,9,0.2845213189769458,0.2290344218528656,0.4580688437057312,1.0,0.8398662107879274
press_conference,first_crossing_90_seconds,ES.v.0,PC_real_time,9,0.1338923854009157,0.36563938254728706,0.7312787650945741,1.0,0.9479539547522257
press_conference,first_crossing_90_seconds,NQ.v.0,PC,9,-0.1924703040138163,0.6900969304960307,0.6198061390079387,1.0,0.8654278617759719
press_conference,first_crossing_90_seconds,NQ.v.0,PC_real_time,9,-0.1338923854009157,0.634360617452713,0.7312787650945741,1.0,0.9479539547522257
press_conference,first_crossing_90_seconds,ZN.v.0,PC,9,0.7,0.017884787485130865,0.03576957497026173,1.0,0.31298378098979013
press_conference,first_crossing_90_seconds,ZN.v.0,PC_real_time,9,0.5166666666666667,0.07719506049311253,0.15439012098622507,1.0,0.578962953698344
press_conference,first_crossing_90_seconds,equity_average,PC,9,-0.19999999999999998,0.6970493629102232,0.6059012741795534,1.0,0.8597247809304474
press_conference,first_crossing_90_seconds,equity_average,PC_real_time,9,-0.15,0.6499528845154291,0.7000942309691418,1.0,0.9305049905286062
press_conference,first_crossing_90_seconds,meeting_average,PC,10,0.4424242424242424,0.10021134335597107,0.20042268671194213,1.0,0.7256683484397904
press_conference,first_crossing_90_seconds,meeting_average,PC_real_time,10,0.38181818181818183,0.1381276666927181,0.2762553333854362,1.0,0.8398662107879274
press_conference,stable_within_10pct_seconds,ES.v.0,PC,8,0.34731161595484505,0.19963193710164082,0.39926387420328163,1.0,0.8398662107879274
press_conference,stable_within_10pct_seconds,ES.v.0,PC_real_time,8,0.3353353533357125,0.20839579548213694,0.4167915909642739,1.0,0.8398662107879274
press_conference,stable_within_10pct_seconds,NQ.v.0,PC,8,0.07142857142857144,0.4332631353379544,0.8665262706759088,1.0,0.9502449781133325
press_conference,stable_within_10pct_seconds,NQ.v.0,PC_real_time,8,0.261904761904762,0.2654614307829005,0.530922861565801,1.0,0.8597247809304474
press_conference,stable_within_10pct_seconds,ZN.v.0,PC,7,0.0,0.5,1.0,1.0,1.0
press_conference,stable_within_10pct_seconds,ZN.v.0,PC_real_time,7,0.12613124477737828,0.3937860797037369,0.7875721594074738,1.0,0.9502449781133325
press_conference,stable_within_10pct_seconds,equity_average,PC,8,0.07142857142857144,0.4332631353379544,0.8665262706759088,1.0,0.9502449781133325
press_conference,stable_within_10pct_seconds,equity_average,PC_real_time,8,0.2380952380952381,0.28507816040788414,0.5701563208157683,1.0,0.8597247809304474
press_conference,stable_within_10pct_seconds,meeting_average,PC,9,0.19999999999999998,0.3029506370897767,0.6059012741795534,1.0,0.8597247809304474
press_conference,stable_within_10pct_seconds,meeting_average,PC_real_time,9,0.26666666666666666,0.24396113741935038,0.48792227483870076,1.0,0.8398662107879274
statement,first_crossing_50_seconds,ES.v.0,STMT,9,-0.8033543124054942,0.995446797306561,0.009106405386877995,0.9106405386877995,0.13659608080316993
statement,first_crossing_50_seconds,ES.v.0,STMT_real_time,9,-0.8033543124054942,0.995446797306561,0.009106405386877995,0.9106405386877995,0.13659608080316993
statement,first_crossing_50_seconds,ES.v.0,MP1,9,0.10051433809141705,0.39847501305192023,0.7969500261038405,1.0,0.9502449781133325
statement,first_crossing_50_seconds,ES.v.0,target,9,0.35983578576496095,0.17075455924701705,0.3415091184940341,1.0,0.8398662107879274
statement,first_crossing_50_seconds,ES.v.0,path,9,-0.10041928905068677,0.6014305953813938,0.7971388092372125,1.0,0.9502449781133325
statement,first_crossing_50_seconds,NQ.v.0,STMT,9,-0.7364081197050363,0.9881723235957492,0.023655352808501486,1.0,0.275979116099184
statement,first_crossing_50_seconds,NQ.v.0,STMT_real_time,9,-0.7364081197050363,0.9881723235957492,0.023655352808501486,1.0,0.275979116099184
statement,first_crossing_50_seconds,NQ.v.0,MP1,9,0.08303358364073582,0.41590711706885136,0.8318142341377027,1.0,0.9502449781133325
statement,first_crossing_50_seconds,NQ.v.0,target,9,0.3096261412396175,0.20873895850602728,0.41747791701205456,1.0,0.8398662107879274
statement,first_crossing_50_seconds,NQ.v.0,path,9,-0.21757512627648798,0.7130626708390116,0.5738746583219767,1.0,0.8597247809304474
statement,first_crossing_50_seconds,ZN.v.0,STMT,9,-0.5424508028966483,0.9343406873706555,0.13131862525868898,1.0,0.5515382260864937
statement,first_crossing_50_seconds,ZN.v.0,STMT_real_time,9,-0.5424508028966483,0.9343406873706555,0.13131862525868898,1.0,0.5515382260864937
statement,first_crossing_50_seconds,ZN.v.0,MP1,9,-0.42297123461814945,0.8716619643643604,0.25667607127127917,1.0,0.8398662107879274
statement,first_crossing_50_seconds,ZN.v.0,target,9,0.2034190510862431,0.29981153196232074,0.5996230639246415,1.0,0.8597247809304474
statement,first_crossing_50_seconds,ZN.v.0,path,9,-0.2881769890388444,0.7739721927260184,0.45205561454796317,1.0,0.8398662107879274
statement,first_crossing_50_seconds,equity_average,STMT,9,-0.8703005051059519,0.998863110802371,0.0022737783952579693,0.23874673150208678,0.0758717723982041
statement,first_crossing_50_seconds,equity_average,STMT_real_time,9,-0.8703005051059519,0.998863110802371,0.0022737783952579693,0.23874673150208678,0.0758717723982041
statement,first_crossing_50_seconds,equity_average,MP1,9,0.10051433809141705,0.39847501305192023,0.7969500261038405,1.0,0.9502449781133325
statement,first_crossing_50_seconds,equity_average,target,9,0.32636268941473195,0.19568022464989895,0.3913604492997979,1.0,0.8398662107879274
statement,first_crossing_50_seconds,equity_average,path,9,-0.2677847708018314,0.7569851929055732,0.4860296141888536,1.0,0.8398662107879274
statement,first_crossing_50_seconds,meeting_average,STMT,11,-0.7927127627860772,0.9981935292286142,0.003612941542771624,0.3685200373627056,0.0758717723982041
statement,first_crossing_50_seconds,meeting_average,STMT_real_time,11,-0.7927127627860772,0.9981935292286142,0.003612941542771624,0.3685200373627056,0.0758717723982041
statement,first_crossing_50_seconds,meeting_average,MP1,11,0.06210150016182981,0.4280316814272734,0.8560633628545468,1.0,0.9502449781133325
statement,first_crossing_50_seconds,meeting_average,target,11,0.29157251045005134,0.19216217892528917,0.38432435785057834,1.0,0.8398662107879274
statement,first_crossing_50_seconds,meeting_average,path,11,-0.2505701261680129,0.7713073869233236,0.45738522615335286,1.0,0.8398662107879274
statement,first_crossing_90_seconds,ES.v.0,STMT,9,-0.6,0.9561885854792987,0.08762282904140249,1.0,0.47782609176577123
statement,first_crossing_90_seconds,ES.v.0,STMT_real_time,9,-0.6,0.9561885854792987,0.08762282904140249,1.0,0.47782609176577123
statement,first_crossing_90_seconds,ES.v.0,MP1,9,0.5222329678670935,0.0746120272497717,0.1492240544995434,1.0,0.578962953698344
statement,first_crossing_90_seconds,ES.v.0,target,9,-0.15,0.6499528845154291,0.7000942309691418,1.0,0.9305049905286062
statement,first_crossing_90_seconds,ES.v.0,path,9,0.09999999999999999,0.3989858476174255,0.797971695234851,1.0,0.9502449781133325
statement,first_crossing_90_seconds,NQ.v.0,STMT,9,-0.6333333333333333,0.9664571065538271,0.06708578689234572,1.0,0.41435338962919416
statement,first_crossing_90_seconds,NQ.v.0,STMT_real_time,9,-0.6333333333333333,0.9664571065538271,0.06708578689234572,1.0,0.41435338962919416
statement,first_crossing_90_seconds,NQ.v.0,MP1,9,0.27852424952911653,0.23400360373482418,0.46800720746964836,1.0,0.8398662107879274
statement,first_crossing_90_seconds,NQ.v.0,target,9,-0.06666666666666667,0.5676551076868982,0.8646897846262036,1.0,0.9502449781133325
statement,first_crossing_90_seconds,NQ.v.0,path,9,-0.049999999999999996,0.5508235978246849,0.8983528043506303,1.0,0.9502568663276982
statement,first_crossing_90_seconds,ZN.v.0,STMT,9,-0.25104822262671694,0.7426632072097515,0.5146735855804969,1.0,0.8577893093008282
statement,first_crossing_90_seconds,ZN.v.0,STMT_real_time,9,-0.25104822262671694,0.7426632072097515,0.5146735855804969,1.0,0.8577893093008282
statement,first_crossing_90_seconds,ZN.v.0,MP1,9,0.18891683340990373,0.3132024642617803,0.6264049285235606,1.0,0.8654278617759719
statement,first_crossing_90_seconds,ZN.v.0,target,9,-0.5606743638663344,0.9418366025034035,0.1163267949931929,1.0,0.5355310572389134
statement,first_crossing_90_seconds,ZN.v.0,path,9,0.03347309635022892,0.4659364031068298,0.9318728062136596,1.0,0.9502568663276982
statement,first_crossing_90_seconds,equity_average,STMT,9,-0.7,0.9821152125148691,0.03576957497026173,1.0,0.31298378098979013
statement,first_crossing_90_seconds,equity_average,STMT_real_time,9,-0.7,0.9821152125148691,0.03576957497026173,1.0,0.31298378098979013
statement,first_crossing_90_seconds,equity_average,MP1,9,0.3133397807202561,0.20580811741551877,0.41161623483103754,1.0,0.8398662107879274
statement,first_crossing_90_seconds,equity_average,target,9,-0.06666666666666667,0.5676551076868982,0.8646897846262036,1.0,0.9502449781133325
statement,first_crossing_90_seconds,equity_average,path,9,0.016666666666666666,0.4830274019973431,0.9660548039946862,1.0,0.9753437924946351
statement,first_crossing_90_seconds,meeting_average,STMT,11,-0.6090909090909091,0.9766521453229505,0.046695709354098905,1.0,0.32686996547869235
statement,first_crossing_90_seconds,meeting_average,STMT_real_time,11,-0.6090909090909091,0.9766521453229505,0.046695709354098905,1.0,0.32686996547869235
statement,first_crossing_90_seconds,meeting_average,MP1,11,0.31227940617086414,0.17491236268263022,0.34982472536526044,1.0,0.8398662107879274
statement,first_crossing_90_seconds,meeting_average,target,11,-0.24545454545454545,0.7665388165089919,0.4669223669820161,1.0,0.8398662107879274
statement,first_crossing_90_seconds,meeting_average,path,11,0.13636363636363638,0.34465451029318095,0.6893090205863619,1.0,0.9305049905286062
statement,stable_within_10pct_seconds,ES.v.0,STMT,9,-0.08368274087557231,0.5847426823342501,0.8305146353314998,1.0,0.9502449781133325
statement,stable_within_10pct_seconds,ES.v.0,STMT_real_time,9,-0.08368274087557231,0.5847426823342501,0.8305146353314998,1.0,0.9502449781133325
statement,stable_within_10pct_seconds,ES.v.0,MP1,9,0.11799509254209828,0.3811969382790782,0.7623938765581564,1.0,0.9502449781133325
statement,stable_within_10pct_seconds,ES.v.0,target,9,0.43515025255297596,0.12087855575354216,0.24175711150708432,1.0,0.8188547325239952
statement,stable_within_10pct_seconds,ES.v.0,path,9,-0.20083857810137354,0.6978203227392525,0.6043593545214949,1.0,0.8597247809304474
statement,stable_within_10pct_seconds,NQ.v.0,STMT,9,-0.2034190510862431,0.7001884680376793,0.5996230639246415,1.0,0.8597247809304474
statement,stable_within_10pct_seconds,NQ.v.0,STMT_real_time,9,-0.2034190510862431,0.7001884680376793,0.5996230639246415,1.0,0.8597247809304474
statement,stable_within_10pct_seconds,NQ.v.0,MP1,9,0.41607586118045026,0.13266690062930872,0.26533380125861744,1.0,0.8398662107879274
statement,stable_within_10pct_seconds,NQ.v.0,target,9,0.33903175181040524,0.18605589670860126,0.3721117934172025,1.0,0.8398662107879274
statement,stable_within_10pct_seconds,NQ.v.0,path,9,-0.35598333940092547,0.8264599388008249,0.3470801223983502,1.0,0.8398662107879274
statement,stable_within_10pct_seconds,ZN.v.0,STMT,9,0.20920685218893076,0.29452362055308223,0.5890472411061645,1.0,0.8597247809304474
statement,stable_within_10pct_seconds,ZN.v.0,STMT_real_time,9,0.20920685218893076,0.29452362055308223,0.5890472411061645,1.0,0.8597247809304474
statement,stable_within_10pct_seconds,ZN.v.0,MP1,9,0.06462944300865127,0.43439770428038055,0.8687954085607611,1.0,0.9502449781133325
statement,stable_within_10pct_seconds,ZN.v.0,target,9,0.5941474602165634,0.04579168285055327,0.09158336570110653,1.0,0.47782609176577123
statement,stable_within_10pct_seconds,ZN.v.0,path,9,-0.6778302010921357,0.9775953686534975,0.04480926269300503,1.0,0.32686996547869235
statement,stable_within_10pct_seconds,equity_average,STMT,9,-0.050209644525343385,0.5510358022648383,0.8979283954703235,1.0,0.9502568663276982
statement,stable_within_10pct_seconds,equity_average,STMT_real_time,9,-0.050209644525343385,0.5510358022648383,0.8979283954703235,1.0,0.9502568663276982
statement,stable_within_10pct_seconds,equity_average,MP1,9,0.2753218825982293,0.23667564735227972,0.47335129470455944,1.0,0.8398662107879274
statement,stable_within_10pct_seconds,equity_average,target,9,0.4016771562027471,0.14194998816899781,0.28389997633799563,1.0,0.8398662107879274
statement,stable_within_10pct_seconds,equity_average,path,9,-0.33473096350228926,0.8107025193590365,0.37859496128192716,1.0,0.8398662107879274
statement,stable_within_10pct_seconds,meeting_average,STMT,11,-0.23636363636363636,0.7579544188873018,0.4840911622253965,1.0,0.8398662107879274
statement,stable_within_10pct_seconds,meeting_average,STMT_real_time,11,-0.23636363636363636,0.7579544188873018,0.4840911622253965,1.0,0.8398662107879274
statement,stable_within_10pct_seconds,meeting_average,MP1,11,0.27758169437410146,0.20428072591692184,0.4085614518338437,1.0,0.8398662107879274
statement,stable_within_10pct_seconds,meeting_average,target,11,0.5272727272727273,0.047782609176577125,0.09556521835315425,1.0,0.47782609176577123
statement,stable_within_10pct_seconds,meeting_average,path,11,-0.5,0.9413465984928809,0.11730680301423817,1.0,0.5355310572389134
