strategy,strategy_name,role,instrument,sample,entry_time,exit_time,N_events,N_trades,avg_gross_return,avg_executable_return,avg_net_return,avg_net_slip_return,median_net_return,std_net_return,hit_rate,t_stat,p_value,CI_low,CI_high,sharpe_like,cumulative_pnl,worst_trade,max_drawdown
P1,Price-only momentum,primary,ES,development,+5:01,+20:00,63,16,-8.098028332907758,-8.973415001011983,-8.973415001011983,-10.724188453589548,-10.052064981989188,32.14891585163752,0.4375,-1.1164811954994642,0.28178222377760115,-24.400578482648875,6.115756140341921,-0.27912029887486606,-143.57464001619172,-69.22184836419548,-203.3985777161756
P1,Price-only momentum,primary,NQ,development,+5:01,+20:00,63,16,-11.392476872779062,-12.179968019066639,-12.179968019066639,-12.84378039752095,-15.380470249234978,42.25236956046848,0.4375,-1.1530683978928629,0.26692644408973026,-32.4233855518743,7.07068976198043,-0.2882670994732157,-194.87948830506622,-94.60775896849503,-248.78494406635278
P1,Price-only momentum,primary,ZN,development,+5:01,+20:00,63,16,3.6958927360005056,2.4238873408030246,2.4238873408030246,-0.12012341931123549,2.5184972530985887,10.650784655200011,0.5625,0.9103131531702183,0.3770536809316487,-2.7181239445508325,7.339716727320456,0.22757828829255458,38.78219745284839,-20.639842208514825,-42.69537115573894
P1,Price-only momentum,primary,portfolio,development,+5:01,+20:00,63,22,-3.5428582281544494,-4.551772374782085,-4.551772374782085,-6.29929877956113,-0.8802454539391493,27.24824147749985,0.4090909090909091,-0.7835259717378923,0.4420662193366903,-16.204341044383867,6.092729183220655,-0.1670482984577444,-100.13899224520587,-80.1242779984913,-141.7556060267218
P2,Large move + liquidity stress -> momentum,primary,ES,development,+5:01,+20:00,63,6,-13.83145639876083,-14.604198581512229,-14.604198581512229,-16.14968300184667,-18.071542023445122,33.58541964764825,0.3333333333333333,-1.0651298986966138,0.33552657406448566,-38.99240451563688,8.606235938255907,-0.43483746026484016,-87.62519148907337,-65.64079702848757,-113.08746653694045
P2,Large move + liquidity stress -> momentum,primary,NQ,development,+5:01,+20:00,63,7,-29.498318933081045,-30.46158320723816,-30.46158320723816,-30.917818181914136,-34.314609654607324,40.18716369124397,0.2857142857142857,-2.0054606074430015,0.09172962618061051,-57.702041496709455,-3.816145665658349,-0.757992861632959,-213.23108245066712,-94.60775896849503,-213.80405208044468
P2,Large move + liquidity stress -> momentum,primary,ZN,development,+5:01,+20:00,63,4,1.6072885804619357,0.30266590909153507,0.30266590909153507,-2.306579454427538,0.6821747742347116,6.861319111658302,0.5,0.08822382523420753,0.9352581211850203,-5.985357526176546,6.2111804792164405,0.04411191261710377,1.2106636363661403,-8.43525988439187,-8.43525988439187
P2,Large move + liquidity stress -> momentum,primary,portfolio,development,+5:01,+20:00,63,10,-13.470766081793823,-14.472030905523983,-14.472030905523983,-15.869480650807438,-9.434480734325657,34.58015987339238,0.4,-1.3234345994165948,0.2183226309125148,-35.97640100588147,4.802612224840786,-0.41850676684289856,-144.72030905523982,-80.1242779984913,-173.9130587562754
P3,Large move + liquidity recovery -> reversal,primary,ES,development,+5:01,+20:00,63,2,7.4728194713642475,6.673762541701518,6.673762541701518,5.075648672436699,6.673762541701518,31.89120568577869,0.5,,,,,0.2092665485105056,13.347525083403037,-15.876725258927573,0.0
P3,Large move + liquidity recovery -> reversal,primary,NQ,development,+5:01,+20:00,63,4,-16.800548080439732,-17.249404552112615,-17.249404552112615,-18.004094908118297,-22.05384019250181,30.603033214601865,0.25,-1.127300318968531,0.34163719372302753,-40.94314123850063,11.248767774664593,-0.5636501594842654,-68.99761820845046,-48.947166591195945,-27.176615204588956
P3,Large move + liquidity recovery -> reversal,primary,ZN,development,+5:01,+20:00,63,8,-0.738756426383933,-2.011919411635398,-2.011919411635398,-4.558245422055164,-2.539653774821546,11.727198749660458,0.25,-0.4852452455312669,0.6423201527405189,-9.33417352890121,5.689473840349045,-0.17156010182684506,-16.095355293083184,-16.42140203542399,-32.68430814119831
P3,Large move + liquidity recovery -> reversal,primary,portfolio,development,+5:01,+20:00,63,11,-3.0736577194314947,-4.075512787695153,-4.075512787695153,-6.027214728580296,-2.6226068862620413,18.623455094262024,0.2727272727272727,-0.7258023109387916,0.48459986446816294,-14.35296577343457,6.612597614045578,-0.21883763066880316,-44.83064066464669,-30.571145026904244,-52.20758979770926
S2-NQd,NQ: large move + depth-only stress,secondary,NQ,development,+5:01,+20:00,63,5,-40.27508193840473,-41.20827216850059,-41.20827216850059,-41.9919412708803,-34.314609654607324,19.03034374363099,0.0,-4.841977583033338,0.008388043029574995,-58.585225842915904,-30.32613532679331,-2.1653982042385356,-206.04136084250297,-74.76563663512162,-131.27572420738136
S2-NQs,NQ: large move + spread-only stress,secondary,NQ,development,+5:01,+20:00,63,8,-28.879113603453213,-29.78289979761552,-29.78289979761552,-30.26337859233935,-30.8189495459078,37.255570971387925,0.25,-2.2611051030695104,0.05823638973891445,-54.033646115912696,-6.2892607574411015,-0.7994213756779791,-238.26319838092417,-94.60775896849503,-213.8040520804447
S4-fast,Large move + fast liquidity recovery -> fade,secondary,ES,development,+5:01,+20:00,63,7,6.73756512311162,6.012598485837375,6.012598485837375,4.562665268785294,9.112804119532477,21.704842137589477,0.5714285714285714,0.7329166563832895,0.49123919859716847,-9.293171595935283,20.635193762258904,0.2770164577895949,42.08818940086163,-19.26726621442584,-35.14399147335342
S4-fast,Large move + fast liquidity recovery -> fade,secondary,NQ,development,+5:01,+20:00,63,7,-3.034687501694276,-3.5946659329361235,-3.5946659329361235,-4.134835989573531,-7.988396228802254,25.952400484603032,0.42857142857142855,-0.3664629062173799,0.7265953049602055,-20.892814447629,14.626945590914588,-0.13850995922588188,-25.162661530552864,-35.98843442105732,-63.16504962564627
S4-fast,Large move + fast liquidity recovery -> fade,secondary,ZN,development,+5:01,+20:00,63,9,-1.0586263377986471,-2.3466208056144895,-2.3466208056144895,-4.9226097845880386,-2.6226068862620413,11.675355374690378,0.3333333333333333,-0.6029677205461647,0.5632290702234026,-9.231437646189228,5.107227695120486,-0.20098924018205486,-21.119587250530405,-16.42140203542399,-43.33204650299358
S4-fast,Large move + fast liquidity recovery -> fade,secondary,portfolio,development,+5:01,+20:00,63,16,-0.6988685725551163,-1.6135816872198818,-1.6135816872198818,-3.309732404954122,-6.55585911630786,18.082199060441134,0.375,-0.35694368407876975,0.7261057258684267,-10.157869497866352,7.207424856862664,-0.08923592101969244,-25.81730699551811,-27.627850317741583,-65.4522038841258
S4-slow,Large move + slow/failed recovery -> follow,secondary,ES,development,+5:01,+20:00,63,4,-14.518886195925347,-15.423185068987943,-15.423185068987943,-17.23178292071893,-10.757109147665645,40.685075391483785,0.5,-0.7581740931081735,0.5034681464561369,-47.7439265685482,16.89755643057231,-0.37908704655408676,-61.69274027595177,-65.64079702848757,-87.15501532381886
S4-slow,Large move + slow/failed recovery -> follow,secondary,NQ,development,+5:01,+20:00,63,2,-31.995812527966166,-32.90838972098887,-32.90838972098887,-33.260663601609295,-32.90838972098887,87.25608477968868,0.5,,,,,-0.377147219063045,-65.81677944197774,-94.60775896849503,-94.60775896849503
S4-slow,Large move + slow/failed recovery -> follow,secondary,ZN,development,+5:01,+20:00,63,4,9.919264689095355,8.64161461550215,8.64161461550215,6.086314655853196,5.750598928465717,10.613095329950653,0.75,1.6284814838353723,0.20190820169210907,0.6821747742347116,17.640032840925233,0.8142407419176861,34.5664584620086,0.0,0.0
S4-slow,Large move + slow/failed recovery -> follow,secondary,portfolio,development,+5:01,+20:00,63,7,-2.8798221027289626,-3.998542025080171,-3.998542025080171,-6.025570288326251,1.3643495484694232,35.15908794669392,0.5714285714285714,-0.3008936927272456,0.7736499652619071,-31.475429271809865,14.722719131237751,-0.11372712600345372,-27.989794175561197,-80.1242779984913,-80.1242779984913
S5B,ES/NQ price-confirmed momentum,secondary,ES,development,+5:01,+20:00,63,15,-7.761018448808937,-8.615047980120861,-8.615047980120861,-10.323107145785752,-9.68949646388402,33.24419325808868,0.4666666666666667,-1.003662116110086,0.33257427525302974,-24.649534266241144,7.659497433498592,-0.2591444440609106,-129.22571970181292,-69.22184836419548,-189.0496574017968
S5B,ES/NQ price-confirmed momentum,secondary,NQ,development,+5:01,+20:00,63,15,-10.515663577893775,-11.323158158320611,-11.323158158320611,-11.987878993001289,-5.728824568212886,43.59124375468317,0.4666666666666667,-1.00603697431636,0.33147021105254115,-32.13158272958707,9.721907279333685,-0.2597576298130774,-169.84737237480917,-94.60775896849503,-223.75282813609573
S5B,ES/NQ price-confirmed momentum,secondary,portfolio,development,+5:01,+20:00,63,15,-9.138341013351356,-9.969103069220738,-9.969103069220738,-11.15549306939352,-7.709160516048453,38.11896605172648,0.4666666666666667,-1.0128860817296075,0.3283008232997018,-28.142778172221504,8.631192119367567,-0.26152606174293697,-149.53654603831106,-80.1242779984913,-206.40124276894628
S5C,ES/NQ price + liquidity-confirmed momentum,secondary,ES,development,+5:01,+20:00,63,7,-19.56229265017817,-20.236301245920902,-20.236301245920902,-21.58431858987415,-25.728450546795887,26.51460752932862,0.2857142857142857,-2.0192726025935235,0.08999104844821343,-39.035269689106784,-3.1019866768954723,-0.7632133051012318,-141.6541087214463,-65.64079702848757,-132.33650845498983
S5C,ES/NQ price + liquidity-confirmed momentum,secondary,NQ,development,+5:01,+20:00,63,7,-29.498318933081045,-30.46158320723816,-30.46158320723816,-30.917818181914136,-34.314609654607324,40.18716369124397,0.2857142857142857,-2.0054606074430015,0.09172962618061051,-57.702041496709455,-3.816145665658349,-0.757992861632959,-213.23108245066712,-94.60775896849503,-213.80405208044468
S5C,ES/NQ price + liquidity-confirmed momentum,secondary,portfolio,development,+5:01,+20:00,63,7,-24.530305791629612,-25.34894222657953,-25.34894222657953,-26.25106838589414,-30.537324607265155,33.02870537945637,0.2857142857142857,-2.0305669374431057,0.0885941978456677,-48.19777296657796,-3.756006132616208,-0.767482162420644,-177.4425955860567,-80.1242779984913,-173.07028026771727
S6,Three-market agreement momentum,secondary,ES,development,+5:01,+20:00,63,7,3.5026200619983663,2.794373791307571,2.794373791307571,1.37788136444035,8.332837813277534,27.371581894421357,0.5714285714285714,0.27010562087620366,0.7961291290336905,-15.29057704301774,21.692310902509426,0.10209032865130445,19.560616539152996,-30.552627379612034,-66.69571142650227
S6,Three-market agreement momentum,secondary,NQ,development,+5:01,+20:00,63,7,0.5179074607268729,-0.25662980813800995,-0.25662980813800995,-0.7685457616949505,6.0965997578676,39.88909563898858,0.5714285714285714,-0.017021660693549136,0.9869712392312784,-27.978364344600212,26.527758146373312,-0.006433583013779176,-1.7964086569660696,-56.52680500700695,-119.19629311194964
S6,Three-market agreement momentum,secondary,ZN,development,+5:01,+20:00,63,7,0.3225016518641243,-0.9876184653984611,-0.9876184653984611,-3.6078587678077096,1.3643495484694232,13.600080403423023,0.5714285714285714,-0.1921306913010536,0.8539775073700243,-10.603826190021024,8.052183628541668,-0.07261857548650125,-6.913329257789227,-20.639842208514825,-42.69537115573894
S6,Three-market agreement momentum,secondary,portfolio,development,+5:01,+20:00,63,7,1.4476763915297877,0.5167085059237007,0.5167085059237007,-0.999507721687437,6.4045497135198435,26.08366525797327,0.5714285714285714,0.052411430428396806,0.9599022714940597,-17.398463720973826,18.152415696554424,0.019809658681528775,3.6169595414659046,-33.566567149817075,-76.19579189806362
S6L,Three-market agreement + liquidity stress,secondary,ES,development,+5:01,+20:00,63,4,-3.387413417866662,-4.01438659984755,-4.01438659984755,-5.268332993576526,-1.0408978434084117,17.450106960548872,0.5,-0.46009879583239904,0.676742822717904,-18.071542023445122,10.04276882375002,-0.23004939791619952,-16.0575463993902,-25.728450546795887,-36.143084046890245
S6L,Three-market agreement + liquidity stress,secondary,NQ,development,+5:01,+20:00,63,4,-6.219217615911322,-6.945477205139451,-6.945477205139451,-7.356238326562928,-10.613344839670335,29.827539412450868,0.5,-0.46570902876689924,0.6731502542967693,-31.334744052471347,17.443789642192442,-0.23285451438344962,-27.781908820557803,-35.34619866773442,-62.66948810494269
S6L,Three-market agreement + liquidity stress,secondary,ZN,development,+5:01,+20:00,63,4,-3.5249699281469793,-4.857294643037171,-4.857294643037171,-7.521944240865549,-3.5354551679612234,12.559582899940148,0.5,-0.7734802471920175,0.4955955418453164,-15.138794269268764,4.822961760379005,-0.38674012359600873,-19.429178572148682,-20.639842208514825,-29.075102092906693
S6L,Three-market agreement + liquidity stress,secondary,portfolio,development,+5:01,+20:00,63,4,-4.377200320641654,-5.272386149341392,-5.272386149341392,-6.715505187001668,-6.527352667542988,18.924484233278108,0.5,-0.5572026253767135,0.6162612477926483,-21.31461237412327,10.769840075440488,-0.27860131268835675,-21.089544597365567,-23.169969699640724,-42.62922474824654
S7,ES/NQ relative-value convergence,secondary,ES,development,+5:01,+20:00,63,16,-3.1386219558826607,-4.0320986742444385,-4.0320986742444385,-5.78533802293833,-10.239929964272312,34.13280743308534,0.4375,-0.4725188435963315,0.6433580619547744,-19.79371622758571,12.128858227962128,-0.11812971089908288,-64.51357878791102,-65.64079702848757,-123.09002974570792
S7,ES/NQ relative-value convergence,secondary,NQ,development,+5:01,+20:00,63,16,3.3444976826722215,2.6470392405854604,2.6470392405854604,1.9596920466012815,18.86414081306285,44.97151097040169,0.5625,0.2354414324506577,0.8170502893609616,-18.419497063263055,23.888421294288605,0.05886035811266443,42.352627849367366,-74.76563663512162,-132.55242415443126
S7,ES/NQ relative-value convergence,secondary,portfolio,development,+5:01,+20:00,63,16,-0.2039818005490378,-1.0087291514447283,-1.0087291514447283,-2.2794832009527095,-0.4304692906596639,4.7776790906878,0.4375,-0.8445348733537568,0.41163842390214234,-3.310037088526103,1.1673655015818922,-0.2111337183384392,-16.139666423115653,-9.749281743600768,-21.738303079204314
S7R,ES/NQ relative value + NQ liquidity recovery,secondary,ES,development,+5:01,+20:00,63,9,-0.783090143222359,-1.7330369008424091,-1.7330369008424091,-3.632930444202248,-8.537522929574218,26.11099606703137,0.4444444444444444,-0.19911575526189143,0.847139752803725,-18.46234084199967,13.71251623545525,-0.06637191842063048,-15.597332107581682,-50.474809722012196,-53.455920925412464
S7R,ES/NQ relative value + NQ liquidity recovery,secondary,NQ,development,+5:01,+20:00,63,9,1.6078477348366305,1.025199800635063,1.025199800635063,0.2541341294213982,16.194931582604426,33.191678193832296,0.5555555555555556,0.09266176250397307,0.9284507438264445,-19.56332321972422,21.027834406500407,0.030887254167991016,9.226798205715568,-43.51352747195135,-90.81424113182558
S7R,ES/NQ relative value + NQ liquidity recovery,secondary,portfolio,development,+5:01,+20:00,63,9,0.29918855855154486,-0.4844972111020805,-0.4844972111020805,-1.8734170586566725,-0.5472521911455903,4.128814377460515,0.4444444444444444,-0.352036081166776,0.733904600687141,-3.020197842884846,2.083063549222928,-0.11734536038892533,-4.360474899918724,-6.383842432999476,-6.383842432999476
S9-fade,ZN: large move + strong replenishment at +10m -> fade,secondary,ZN,development,+10:01,+20:00,63,4,-4.0715810698976656,-5.310142039705475,-5.310142039705475,-7.787264113225981,-5.543864225546431,5.720394791644948,0.25,-1.8565648816621274,0.1603756892034832,-9.986314292494587,-0.6339697869163625,-0.9282824408310636,-21.2405681588219,-11.3715344871292,-22.459262938222064
S9-follow,ZN: large move + still-thin book at +10m -> follow,secondary,ZN,development,+10:01,+20:00,63,3,-1.6900749222482254,-3.011796198861949,-3.011796198861949,-5.655238882115776,-1.406370862313258,16.882680028121378,0.3333333333333333,-0.30899028055868394,0.7865463539739648,-20.639842208514825,13.010824474242236,-0.17839562165753414,-9.035388596585847,-20.639842208514825,-22.04621307082808
P1-10m,Price-only momentum (exit 10m),robustness,ES,development,+5:01,+10:00,63,16,-6.313450570906113,-7.188889952583649,-7.188889952583649,-8.93976883123623,-8.89538685916363,22.612942372971773,0.1875,-1.2716416703341011,0.22286425450595215,-17.70145000392617,3.653134671742184,-0.3179104175835253,-115.02223924133838,-53.26071306918562,-161.70351664868133
P1-10m,Price-only momentum (exit 10m),robustness,NQ,development,+5:01,+10:00,63,16,-8.329756247598848,-9.144840400135086,-9.144840400135086,-9.808727064386721,-11.915012710046838,25.41166141844314,0.1875,-1.4394714693464306,0.1705591036980001,-21.13133765221165,3.080762414032212,-0.35986786733660764,-146.31744640216138,-64.69230401012169,-200.64433258969694
P1-10m,Price-only momentum (exit 10m),robustness,ZN,development,+5:01,+10:00,63,16,2.288138168580061,1.0160042619714595,1.0160042619714595,-1.5282635420886994,0.5872448645980864,10.046586649237339,0.5,0.40451719472248293,0.691541839849577,-3.6501144207529608,5.93588504441257,0.10112929868062073,16.256068191543353,-16.342098148769978,-33.508428754379345
P1-10m,Price-only momentum (exit 10m),robustness,portfolio,development,+5:01,+10:00,63,22,-3.0074355346773287,-4.028670542097604,-4.028670542097604,-5.776239252243667,-5.881367893911101,16.850672918429588,0.3181818181818182,-1.1213878456524005,0.27478261114394903,-10.778479813469742,3.0151358825514634,-0.23908069200556648,-88.63075192614728,-39.77677756445237,-132.47171238583127
P1-30m,Price-only momentum (exit 30m),robustness,ES,development,+5:01,+30:00,63,16,2.613543936429804,1.697548897423121,1.697548897423121,-0.05270063127326585,13.0439988523778,31.516091625015708,0.625,0.21545170227588775,0.832317307548228,-13.162178862065918,16.706045765254032,0.05386292556897194,27.160782358769936,-49.93401475469161,-111.60979389334153
P1-30m,Price-only momentum (exit 30m),robustness,NQ,development,+5:01,+30:00,63,16,0.821374646929379,-0.0011408247795463566,-0.0011408247795463566,-0.6646034885969159,9.613254230652096,42.1894420786122,0.625,-0.00010816211102489965,0.9999151245074563,-20.25084784472487,19.211697505374826,-2.7040527756224914e-05,-0.018253196472741706,-69.66255440168922,-106.69143794484029
P1-30m,Price-only momentum (exit 30m),robustness,ZN,development,+5:01,+30:00,63,16,4.479260535356938,3.2072598116669524,3.2072598116669524,0.6632584130362296,6.609198890454843,13.179727318900529,0.6875,0.9733918567700706,0.34579531002082375,-3.2633194278221187,9.062499675782181,0.24334796419251764,51.31615698667124,-28.883865758693375,-53.70697053134029
P1-30m,Price-only momentum (exit 30m),robustness,portfolio,development,+5:01,+30:00,63,22,2.9015538513214523,1.8688679492658002,1.8688679492658002,0.1215830566019199,6.306713115069863,27.87193584667416,0.6363636363636364,0.31450157357158187,0.7562434412566641,-9.60471178282273,13.199411900208222,0.06705196078042798,41.115094883847604,-59.79828457819042,-59.92424171988943
P2-10m,Large move + liquidity stress -> momentum (exit 10m),robustness,ES,development,+5:01,+10:00,63,6,-7.740956313174127,-8.513032366917564,-8.513032366917564,-10.057184566146917,-8.89538685916363,28.549640355720804,0.16666666666666666,-0.7303974832231929,0.49791855521689243,-30.61582681214413,13.814336628032848,-0.29818352388497654,-51.07819420150538,-53.26071306918562,-60.32944067129961
P2-10m,Large move + liquidity stress -> momentum (exit 10m),robustness,NQ,development,+5:01,+10:00,63,7,-12.53631286133602,-13.601063378567213,-13.601063378567213,-14.057057623876753,-11.841327612166937,29.77551635941876,0.14285714285714285,-1.2085443231728812,0.27230145124968663,-34.58311801848058,6.58987911143785,-0.4567868182163312,-95.20744364997049,-64.69230401012169,-107.39454507485101
P2-10m,Large move + liquidity stress -> momentum (exit 10m),robustness,ZN,development,+5:01,+10:00,63,4,3.07895623205858,1.7743670037058625,1.7743670037058625,-0.8348114128560149,-0.4258825581179231,11.365916534174662,0.5,0.3122259429533473,0.7753121838173311,-7.173236814332606,10.810566325520039,0.15611297147667366,7.09746801482345,-8.43525988439187,-14.346473628665212
P2-10m,Large move + liquidity stress -> momentum (exit 10m),robustness,portfolio,development,+5:01,+10:00,63,10,-4.002736257249836,-5.039389332795424,-5.039389332795424,-6.436256466131576,-6.421549069236391,25.70926245000428,0.3,-0.6198524107402836,0.5507238049059862,-20.867130724757917,9.474018386178065,-0.19601454310855132,-50.39389332795424,-58.97650853965365,-75.06675578280428
P2-30m,Large move + liquidity stress -> momentum (exit 30m),robustness,ES,development,+5:01,+30:00,63,6,-2.845239451145938,-3.6707353709817157,-3.6707353709817157,-5.2148468794031215,-12.727397500535021,40.51453057177786,0.5,-0.2219309594063144,0.8331474224388465,-30.69173377769829,27.780178355698883,-0.09060293477863283,-22.024412225890295,-49.93401475469161,-77.04348577973049
P2-30m,Large move + liquidity stress -> momentum (exit 30m),robustness,NQ,development,+5:01,+30:00,63,7,-18.582594912509443,-19.52652614887962,-19.52652614887962,-19.98230044570659,-6.82569361175361,36.183967958780435,0.42857142857142855,-1.4277685691571267,0.20327203797589283,-44.790269302561306,4.24773731527667,-0.5396457948206118,-136.68568304215734,-69.66255440168922,-104.5442219128615
P2-30m,Large move + liquidity stress -> momentum (exit 30m),robustness,ZN,development,+5:01,+30:00,63,4,3.374044671787933,2.0692083848435634,2.0692083848435634,-0.5404641577465532,2.9164048806277068,9.706712081244994,0.5,0.4263458867481241,0.6985978910779912,-5.606853424685227,9.69196216454296,0.21317294337406206,8.276833539374254,-9.841828562426997,-9.841828562426997
P2-30m,Large move + liquidity stress -> momentum (exit 30m),robustness,portfolio,development,+5:01,+30:00,63,10,-3.797992615691922,-4.799593008387369,-4.799593008387369,-6.196675954694681,0.5041664591160961,34.31388874788115,0.6,-0.44231785735042706,0.668697724527751,-24.586522380739957,15.974352192926075,-0.13987318789927997,-47.99593008387369,-59.79828457819042,-97.86268861433422
P3-10m,Large move + liquidity recovery -> reversal (exit 10m),robustness,ES,development,+5:01,+10:00,63,2,6.140743436082358,5.340634056575678,5.340634056575678,3.740415360522334,5.340634056575678,5.671568561826085,1.0,,,,,0.9416502680620235,10.681268113151356,1.3302294665440184,0.0
P3-10m,Large move + liquidity recovery -> reversal (exit 10m),robustness,NQ,development,+5:01,+10:00,63,4,7.65761194333247,7.065487721127184,7.065487721127184,6.309885449318842,14.924283467957633,18.89319299189771,0.75,0.7479400357744926,0.5087893566068937,-12.040386034134125,18.31256572955804,0.3739700178872463,28.261950884508735,-21.088036084320372,0.0
P3-10m,Large move + liquidity recovery -> reversal (exit 10m),robustness,ZN,development,+5:01,+10:00,63,8,0.7592848337489855,-0.5140607902631884,-0.5140607902631884,-3.060752054724427,-1.3442665406728143,8.666612326582387,0.375,-0.16776837686499263,0.8715096167458863,-6.0518885338171025,5.03229330916119,-0.05931507847494828,-4.112486322105507,-14.632364517815873,-7.623950458955482
P3-10m,Large move + liquidity recovery -> reversal (exit 10m),robustness,portfolio,development,+5:01,+10:00,63,11,4.056474293553957,3.0152809464870303,3.0152809464870303,1.06288509706809,4.730369056987669,10.755086073568815,0.5454545454545454,0.9298443051592181,0.37435324177248597,-3.1082791477325,9.024072538542777,0.2803586066965322,33.16809041135733,-17.860200301068122,-7.6239504589554805
P3-30m,Large move + liquidity recovery -> reversal (exit 30m),robustness,ES,development,+5:01,+30:00,63,2,-18.42558548554803,-19.392118914571462,-19.392118914571462,-20.9918915094128,-19.392118914571462,3.651857455437756,0.0,,,,,-5.310206970344873,-38.784237829142924,-21.97437208523815,-21.974372085238148
P3-30m,Large move + liquidity recovery -> reversal (exit 30m),robustness,NQ,development,+5:01,+30:00,63,4,-14.3331932200362,-14.982124384641335,-14.982124384641335,-15.73694819523563,-29.19194605193185,37.67727678886729,0.25,-0.7952870091220704,0.4845571738137488,-39.30213362917305,20.754008640058714,-0.3976435045610352,-59.92849753856534,-41.56352953067147,-37.04073772767463
P3-30m,Large move + liquidity recovery -> reversal (exit 30m),robustness,ZN,development,+5:01,+30:00,63,8,0.1375059929670832,-1.135599500860958,-1.135599500860958,-3.681810502866755,-5.708096950940385,14.546856288082937,0.375,-0.220801001087408,0.8315494651871803,-9.860096632996786,8.707319326627303,-0.07806494258084222,-9.084796006887665,-13.893276626938983,-34.06140292022338
P3-30m,Large move + liquidity recovery -> reversal (exit 30m),robustness,portfolio,development,+5:01,+30:00,63,11,-4.043456858450302,-5.124896810076156,-5.124896810076156,-7.0767179162112095,-7.869884981211187,22.336483417653003,0.2727272727272727,-0.7609684788107026,0.4642418172386965,-17.15595640283656,7.880724290059327,-0.22944062922751035,-56.37386491083772,-37.04073772767463,-55.018209129344
