,,CI_high,CI_high,CI_high,CI_low,CI_low,CI_low,N_trades,N_trades,N_trades,avg_net_return,avg_net_return,avg_net_return,hit_rate,hit_rate,hit_rate
strategy,,P1,P2,P3,P1,P2,P3,P1,P2,P3,P1,P2,P3,P1,P2,P3
instrument,sample,,,,,,,,,,,,,,,
ES,development,6.115756140341921,8.606235938255907,,-24.400578482648875,-38.99240451563688,,16.0,6.0,2.0,-8.973415001011983,-14.604198581512229,6.673762541701518,0.4375,0.3333333333333333,0.5
ES,full_sample,4.032910734375553,8.78649824483377,29.22425034233061,-20.635124099381873,-33.671634149832144,-15.876725258927573,21.0,8.0,3.0,-8.160509551653417,-12.275542376072716,11.26986471084242,0.42857142857142855,0.375,0.6666666666666666
ES,holdout,13.027942995428234,,,-24.146367222840244,,,5.0,2.0,1.0,-5.559212113706005,-5.289573759754171,20.462069049124224,0.4,0.5,1.0
NQ,development,7.07068976198043,-3.816145665658349,11.248767774664593,-32.4233855518743,-57.702041496709455,-40.94314123850063,16.0,7.0,4.0,-12.179968019066639,-30.46158320723816,-17.249404552112615,0.4375,0.2857142857142857,0.25
NQ,full_sample,4.151947020027084,-10.154717919305615,11.248767774664593,-29.44792366882716,-53.20936378539437,-40.94314123850063,20.0,9.0,4.0,-12.646637189022389,-31.97007817556988,-17.249404552112615,0.4,0.2222222222222222,0.25
NQ,holdout,9.819674941397698,,,-38.319022330005346,,,4.0,2.0,0.0,-14.513313868845387,-37.24981056473091,,0.25,0.0,
ZN,development,7.339716727320456,6.2111804792164405,5.689473840349045,-2.7181239445508325,-5.985357526176546,-9.33417352890121,16.0,4.0,8.0,2.4238873408030246,0.30266590909153507,-2.011919411635398,0.5625,0.5,0.25
ZN,full_sample,4.06409038965338,4.13147422291088,5.992982590409972,-4.080108874507447,-5.898626091097394,-7.988031712810888,24.0,5.0,9.0,0.08024258808288565,-0.8682073428829284,-1.1837687355080853,0.4583333333333333,0.4,0.3333333333333333
ZN,holdout,0.8402059551857751,,,-9.548400617272168,,,8.0,1.0,1.0,-4.607046917357392,-5.5517003507807825,5.441436673510418,0.25,0.0,1.0
