variant,beta,se,p,ci_low,ci_high,rows,mornings
log range in place of z-dispersion,0.00680301313523949,0.032148737653638106,0.8324108518371024,-0.05620735481431791,0.0698133810847969,1255,425
"range / d2(n), no log n control",0.031293503266404406,0.02165140883896771,0.14836427464084204,-0.011142478272524493,0.07372948480533331,1255,425
drop March to July 2020,0.0534265831924728,0.02996271160101529,0.07456963461573492,-0.005299252424677624,0.11215241880962323,1215,411
drop outlier-driven ranges,0.03271920175084497,0.021831242550220648,0.13394293457484205,-0.010069247385345856,0.0755076508870358,1208,409
drop mornings with a concurrent release,0.03651299797784921,0.023139488751384614,0.11457668288991549,-0.008839566595534337,0.08186556255123276,1105,373
no winsorization of S,0.03859208763886614,0.023072592458241017,0.09439864343880999,-0.006629362609256728,0.083813537886989,1255,425
arrival move of at least 2 bp,0.025412173625479262,0.024805480230079287,0.3056189806514831,-0.023205674244696474,0.07403002149565499,995,377
ES only,0.023699238636108892,0.04296887712870207,0.5812606172244041,-0.06051821299227402,0.1079166902644918,415,415
NQ only,0.06750805510078416,0.023683713991046632,0.004366429718883407,0.02108882865818537,0.11392728154338294,421,421
ZN only,0.007235134359275924,0.02217293405579558,0.7441937723985341,-0.03622301782166504,0.05069328654021689,419,419
