test,beta,se,p,ci_low,ci_high,rows,mornings,holm_p
beta for cpi,0.052697492177671855,0.03739597417899584,0.15878326796201236,-0.0205972703799498,0.12599225473529352,1255,425,1.0
beta for ppi,0.05381306506505468,0.03753179200299328,0.1516294842471698,-0.019747895536060572,0.12737402566616993,1255,425,1.0
beta for employment_situation,-0.008856438840943543,0.03156301556615113,0.7790206993416078,-0.07071881259407686,0.05300593491218978,1255,425,1.0
beta for retail_sales,0.33438064880235874,0.36193309177341887,0.3555518126524465,-0.37499517588677234,1.0437564734914897,1255,425,1.0
"composite dispersion, all surveyed series",0.034476609634573094,0.021600892733510436,0.11047241366738175,-0.007860362157020323,0.07681358142616651,1255,425,0.883779309339054
CPI headline-only dispersion,0.025368905772955454,0.020284150571586976,0.21105261161794142,-0.014387298804342571,0.06512511035025348,1255,425,1.0
CPI core-only dispersion,0.034903592751668364,0.02077489365058796,0.09294072692659419,-0.005814450586133883,0.07562163608947062,1255,425,0.8364665423393477
within-day outcome: S minus pseudo-clock S,0.034467257972038964,0.03743251787583133,0.357163287739687,-0.038899128915242207,0.10783364485932014,942,414,1.0
speed outcome: seconds to half of the 5-minute move (prediction: positive),-2.8388438063437587,2.068738309882012,0.16998296835516702,-6.893496387150764,1.2158087744632464,1228,425,1.0
