release,period,mornings,rows,mean_D,sd_D,mean_abs_u,outlier_ranges
cpi,2015-17,34,101,0.006945569008330695,0.7289229331457475,0.40667825203735897,3
cpi,2018-19,24,71,-0.4263528519273616,0.35208550133026767,0.3653491613831559,1
cpi,2020-21,23,68,0.3921021026173654,1.140292006135361,0.953084768825624,0
cpi,2022-23,24,71,0.30827309833221295,0.8569750392606886,0.6604388686541663,2
cpi,2024-26,29,87,-0.33978328256196877,0.6620999285239256,0.5000534940947173,1
employment_situation,2015-17,35,105,-0.2111559524957835,0.019684276151057053,0.529140450533697,0
employment_situation,2018-19,24,72,-0.21647652340523557,0.020668708568515562,0.6549610129098294,0
employment_situation,2020-21,24,72,0.9587396665475015,2.2176858287978174,2.524196879660941,0
employment_situation,2022-23,24,71,-0.13797013988607934,0.08376566631754573,1.1808351643661579,1
employment_situation,2024-26,32,96,-0.2095417288943006,0.015991418931629864,0.7452265488708567,0
ppi,2015-17,35,98,0.08076031671938941,0.9400793625208682,0.7130330885895434,2
ppi,2018-19,22,65,-0.4488315783738182,0.6253560593795807,0.5365267404927462,0
ppi,2020-21,24,65,0.1507525912095268,0.8890902777340871,0.9836323575700346,0
ppi,2022-23,24,72,0.18215938104484483,1.105326572316433,0.8150096677008857,2
ppi,2024-26,30,90,0.00628135796706358,1.2671787165356032,0.843113449345744,3
retail_sales,2024-26,17,51,-0.28122309807053086,0.13864769158303067,0.6612654504672502,1
