sample,comparison,measure,instrument,clusters,event_mean,control_mean,event_median,control_median,mean_difference,ci_low,ci_high,clusters_event_lower,sign_p_two_sided,wilcoxon_p_two_sided,holm_p
development,macro releases vs matched 8:30 a.m. control days (by month),depth_ratio,ES.v.0,20,0.6315789150460919,0.9694779982188791,0.5859394621379452,0.9560539620437444,-0.3378990831727874,-0.43423168039318927,-0.2433563467391573,19,4.00543212890625e-05,3.814697265625e-06,7.62939453125e-06
development,macro releases vs matched 8:30 a.m. control days (by month),depth_ratio,NQ.v.0,20,1.2363253540956256,1.0230114981097653,1.1989001683327905,1.008207566675086,0.21331385598586033,0.12624202154461941,0.2997231033248072,2,0.0004024505615234375,0.0001049041748046875,0.0001049041748046875
development,macro releases vs matched 8:30 a.m. control days (by month),depth_ratio,ZN.v.0,20,0.24402323015634303,0.9285596238872218,0.22727099113322452,0.9509466800316799,-0.6845363937308787,-0.7650338211941964,-0.6035596552152007,20,1.9073486328125e-06,1.9073486328125e-06,5.7220458984375e-06
development,macro releases vs matched 8:30 a.m. control days (by month),depth_ratio,cluster_average,20,0.7039758330993536,0.9736830400719556,0.6823291898252803,0.9851615558154061,-0.2697072069726019,-0.32599685801305267,-0.21567855520463416,20,1.9073486328125e-06,1.9073486328125e-06,
development,macro releases vs matched 8:30 a.m. control days (by month),spread_change_ticks,ES.v.0,20,0.6824110325980131,0.0013485678361136676,0.7187819493048591,-0.002975567577773397,0.6810624647618992,0.5715863674403509,0.7877368931347287,0,1.9073486328125e-06,1.9073486328125e-06,5.7220458984375e-06
development,macro releases vs matched 8:30 a.m. control days (by month),spread_change_ticks,NQ.v.0,20,5.362398407962092,0.1429868579699963,5.351430555639652,0.015725381600018906,5.2194115499920954,4.476738499159894,5.990196919572767,0,1.9073486328125e-06,1.9073486328125e-06,5.7220458984375e-06
development,macro releases vs matched 8:30 a.m. control days (by month),spread_change_ticks,ZN.v.0,20,0.15651813711266366,0.0006464155799993821,0.1588492969976888,-4.992900000333478e-06,0.1558717215326643,0.11253297502045766,0.19823662184504526,1,4.00543212890625e-05,3.814697265625e-06,5.7220458984375e-06
development,macro releases vs matched 8:30 a.m. control days (by month),spread_change_ticks,cluster_average,20,2.0671091925575893,0.04832728046203645,2.1006758058400568,0.0013105420527779927,2.018781912095553,1.7451919690814697,2.2943617819961366,0,1.9073486328125e-06,1.9073486328125e-06,
development,macro releases vs matched 8:30 a.m. control days (by month),depth_ratio_last_10s,ES.v.0,20,0.4799256997539545,0.9083293778907182,0.4438166389256673,0.8684642359959891,-0.4284036781367638,-0.5722702463531129,-0.2924463876999008,20,1.9073486328125e-06,1.9073486328125e-06,5.7220458984375e-06
development,macro releases vs matched 8:30 a.m. control days (by month),depth_ratio_last_10s,NQ.v.0,20,1.1902424123131534,1.0325638911672805,1.1873308567323084,0.970278494923842,0.15767852114587302,0.010423999564532736,0.31578439943697073,7,0.26317596435546875,0.0758514404296875,0.0758514404296875
development,macro releases vs matched 8:30 a.m. control days (by month),depth_ratio_last_10s,ZN.v.0,20,0.08884936153108192,0.9129110092995125,0.07314191419130314,0.9424578952258155,-0.8240616477684307,-0.9195121311170606,-0.7134143977792471,20,1.9073486328125e-06,1.9073486328125e-06,5.7220458984375e-06
development,macro releases vs matched 8:30 a.m. control days (by month),depth_ratio_last_10s,cluster_average,20,0.5863391578660633,0.9512680927858369,0.5749855938702613,0.9416206862308718,-0.36492893491977385,-0.45316000573234005,-0.27553081582669986,19,4.00543212890625e-05,3.814697265625e-06,
development,macro releases vs matched 8:30 a.m. control days (by month),legacy_message_depth_ratio,ES.v.0,20,0.5698725781525074,0.9993599839578868,0.5586568425519045,0.9781982042088881,-0.4294874058053795,-0.5268687530981208,-0.3344179634042659,19,4.00543212890625e-05,3.814697265625e-06,7.62939453125e-06
development,macro releases vs matched 8:30 a.m. control days (by month),legacy_message_depth_ratio,NQ.v.0,20,1.0875428732147332,0.995752445032746,1.0498052229194998,0.9757403821697431,0.0917904281819871,0.026399672812991867,0.15567092190133539,4,0.01181793212890625,0.01531219482421875,0.01531219482421875
development,macro releases vs matched 8:30 a.m. control days (by month),legacy_message_depth_ratio,ZN.v.0,20,0.2108255178544533,0.9342084618116271,0.1964606628251303,0.9483859633201144,-0.7233829439571737,-0.7968554878982056,-0.6416613261140849,20,1.9073486328125e-06,1.9073486328125e-06,5.7220458984375e-06
development,macro releases vs matched 8:30 a.m. control days (by month),legacy_message_depth_ratio,cluster_average,20,0.6227469897405646,0.9764402969340867,0.6271472691795921,0.9912019911785512,-0.35369330719352204,-0.409985537055428,-0.2926848402153612,19,4.00543212890625e-05,3.814697265625e-06,
development,macro releases vs control days without an 8:30 a.m. volume spike,depth_ratio,ES.v.0,20,0.6315789150460919,0.9694779982188791,0.5859394621379452,0.9560539620437444,-0.3378990831727874,-0.43423168039318927,-0.2433563467391573,19,4.00543212890625e-05,3.814697265625e-06,7.62939453125e-06
development,macro releases vs control days without an 8:30 a.m. volume spike,depth_ratio,NQ.v.0,20,1.2363253540956256,1.0230114981097653,1.1989001683327905,1.008207566675086,0.21331385598586033,0.12624202154461941,0.2997231033248072,2,0.0004024505615234375,0.0001049041748046875,0.0001049041748046875
development,macro releases vs control days without an 8:30 a.m. volume spike,depth_ratio,ZN.v.0,20,0.24402323015634303,0.9285596238872218,0.22727099113322452,0.9509466800316799,-0.6845363937308787,-0.7650338211941964,-0.6035596552152007,20,1.9073486328125e-06,1.9073486328125e-06,5.7220458984375e-06
development,macro releases vs control days without an 8:30 a.m. volume spike,depth_ratio,cluster_average,20,0.7039758330993536,0.9736830400719556,0.6823291898252803,0.9851615558154061,-0.2697072069726019,-0.32599685801305267,-0.21567855520463416,20,1.9073486328125e-06,1.9073486328125e-06,
development,macro releases vs control days without an 8:30 a.m. volume spike,spread_change_ticks,ES.v.0,20,0.6824110325980131,0.0013485678361136676,0.7187819493048591,-0.002975567577773397,0.6810624647618992,0.5715863674403509,0.7877368931347287,0,1.9073486328125e-06,1.9073486328125e-06,5.7220458984375e-06
development,macro releases vs control days without an 8:30 a.m. volume spike,spread_change_ticks,NQ.v.0,20,5.362398407962092,0.1429868579699963,5.351430555639652,0.015725381600018906,5.2194115499920954,4.476738499159894,5.990196919572767,0,1.9073486328125e-06,1.9073486328125e-06,5.7220458984375e-06
development,macro releases vs control days without an 8:30 a.m. volume spike,spread_change_ticks,ZN.v.0,20,0.15651813711266366,0.0006464155799993821,0.1588492969976888,-4.992900000333478e-06,0.1558717215326643,0.11253297502045766,0.19823662184504526,1,4.00543212890625e-05,3.814697265625e-06,5.7220458984375e-06
development,macro releases vs control days without an 8:30 a.m. volume spike,spread_change_ticks,cluster_average,20,2.0671091925575893,0.04832728046203645,2.1006758058400568,0.0013105420527779927,2.018781912095553,1.7451919690814697,2.2943617819961366,0,1.9073486328125e-06,1.9073486328125e-06,
development,macro releases vs control days without an 8:30 a.m. volume spike,depth_ratio_last_10s,ES.v.0,20,0.4799256997539545,0.9083293778907182,0.4438166389256673,0.8684642359959891,-0.4284036781367638,-0.5722702463531129,-0.2924463876999008,20,1.9073486328125e-06,1.9073486328125e-06,5.7220458984375e-06
development,macro releases vs control days without an 8:30 a.m. volume spike,depth_ratio_last_10s,NQ.v.0,20,1.1902424123131534,1.0325638911672805,1.1873308567323084,0.970278494923842,0.15767852114587302,0.010423999564532736,0.31578439943697073,7,0.26317596435546875,0.0758514404296875,0.0758514404296875
development,macro releases vs control days without an 8:30 a.m. volume spike,depth_ratio_last_10s,ZN.v.0,20,0.08884936153108192,0.9129110092995125,0.07314191419130314,0.9424578952258155,-0.8240616477684307,-0.9195121311170606,-0.7134143977792471,20,1.9073486328125e-06,1.9073486328125e-06,5.7220458984375e-06
development,macro releases vs control days without an 8:30 a.m. volume spike,depth_ratio_last_10s,cluster_average,20,0.5863391578660633,0.9512680927858369,0.5749855938702613,0.9416206862308718,-0.36492893491977385,-0.45316000573234005,-0.27553081582669986,19,4.00543212890625e-05,3.814697265625e-06,
development,macro releases vs control days without an 8:30 a.m. volume spike,legacy_message_depth_ratio,ES.v.0,20,0.5698725781525074,0.9993599839578868,0.5586568425519045,0.9781982042088881,-0.4294874058053795,-0.5268687530981208,-0.3344179634042659,19,4.00543212890625e-05,3.814697265625e-06,7.62939453125e-06
development,macro releases vs control days without an 8:30 a.m. volume spike,legacy_message_depth_ratio,NQ.v.0,20,1.0875428732147332,0.995752445032746,1.0498052229194998,0.9757403821697431,0.0917904281819871,0.026399672812991867,0.15567092190133539,4,0.01181793212890625,0.01531219482421875,0.01531219482421875
development,macro releases vs control days without an 8:30 a.m. volume spike,legacy_message_depth_ratio,ZN.v.0,20,0.2108255178544533,0.9342084618116271,0.1964606628251303,0.9483859633201144,-0.7233829439571737,-0.7968554878982056,-0.6416613261140849,20,1.9073486328125e-06,1.9073486328125e-06,5.7220458984375e-06
development,macro releases vs control days without an 8:30 a.m. volume spike,legacy_message_depth_ratio,cluster_average,20,0.6227469897405646,0.9764402969340867,0.6271472691795921,0.9912019911785512,-0.35369330719352204,-0.409985537055428,-0.2926848402153612,19,4.00543212890625e-05,3.814697265625e-06,
oos_backward,macro releases vs matched 8:30 a.m. control days (by month),depth_ratio,ES.v.0,82,0.6850847231041199,0.9219087773177631,0.6609927333861774,0.9145749229350622,-0.23682405421364316,-0.30209482094329426,-0.1693678747852945,65,8.953883178712315e-08,4.771659380625264e-09,9.543318761250528e-09
oos_backward,macro releases vs matched 8:30 a.m. control days (by month),depth_ratio,NQ.v.0,82,0.9820268316210438,0.9942165020031393,0.9028820348397588,0.989433026089527,-0.012189670382095551,-0.11570633886463551,0.11800783672403747,48,0.15067520762630385,0.13598876045850894,0.13598876045850894
oos_backward,macro releases vs matched 8:30 a.m. control days (by month),depth_ratio,ZN.v.0,82,0.41867410556098694,0.8939474362196349,0.3989001935720097,0.913684252025575,-0.4752733306586481,-0.5310024039148632,-0.41541176846953365,76,1.5686991122453906e-16,3.0122659037260895e-14,9.036797711178268e-14
oos_backward,macro releases vs matched 8:30 a.m. control days (by month),depth_ratio,cluster_average,82,0.6952618867620503,0.9366909051801793,0.6516748026421912,0.9386584226478343,-0.24142901841812892,-0.2894552767818569,-0.18796150666065464,72,1.0224592793857492e-12,2.533570946631311e-12,
oos_backward,macro releases vs matched 8:30 a.m. control days (by month),spread_change_ticks,ES.v.0,82,0.30285273397003376,0.023229533411924543,0.14736836393889238,1.5661850000125987e-05,0.27962320055810924,0.19944686124333097,0.37930507399331287,11,6.813783012674701e-12,6.011573815935068e-13,1.2023147631870136e-12
oos_backward,macro releases vs matched 8:30 a.m. control days (by month),spread_change_ticks,NQ.v.0,82,1.7478979733107072,0.08207445371361961,0.9146773336796256,0.043948977047224225,1.6658235195970876,1.256013057420373,2.1140479363443547,4,7.614296800224126e-19,8.836332985619532e-15,2.6508998956858594e-14
oos_backward,macro releases vs matched 8:30 a.m. control days (by month),spread_change_ticks,ZN.v.0,82,0.12476529779270715,0.013146214977913786,0.07347447203796342,-1.1777782082944555e-09,0.11161908281479335,0.08079871870431503,0.1451283896255113,4,7.614296800224126e-19,1.2610461097996694e-12,1.2610461097996694e-12
oos_backward,macro releases vs matched 8:30 a.m. control days (by month),spread_change_ticks,cluster_average,82,0.7251720016911494,0.03948340070115265,0.37439502770617394,0.017810259391662586,0.6856886009899968,0.5260533857810499,0.8691871692322676,3,3.803541892641332e-20,5.104265413949278e-15,
oos_backward,macro releases vs matched 8:30 a.m. control days (by month),depth_ratio_last_10s,ES.v.0,82,0.5376856037780827,0.876102337128104,0.4647866604438673,0.8577527663251083,-0.3384167333500214,-0.4131013344499411,-0.2623384610710007,69,2.255847494246734e-10,7.677905642779932e-11,1.5355811285559864e-10
oos_backward,macro releases vs matched 8:30 a.m. control days (by month),depth_ratio_last_10s,NQ.v.0,82,0.9835088022444144,0.9624739178467653,0.8097871181473572,0.9329459285362987,0.02103488439764912,-0.1918771909428691,0.35188593216636316,47,0.22424452830608183,0.07103468512905221,0.07103468512905221
oos_backward,macro releases vs matched 8:30 a.m. control days (by month),depth_ratio_last_10s,ZN.v.0,82,0.21664376805060293,0.8309773806226348,0.20951654960736996,0.8757874667785406,-0.6143336125720319,-0.6779535425906714,-0.5505283609155445,79,3.803541892641332e-20,6.3608567097379195e-15,1.908257012921376e-14
oos_backward,macro releases vs matched 8:30 a.m. control days (by month),depth_ratio_last_10s,cluster_average,82,0.5792793913577,0.8898512118658347,0.5256763554364272,0.8929339735054289,-0.3105718205081347,-0.3938804405273958,-0.19866682566017105,73,1.3767370902215938e-13,9.324860329954033e-13,
oos_backward,macro releases vs matched 8:30 a.m. control days (by month),legacy_message_depth_ratio,ES.v.0,82,0.6366333479461314,0.9196710476494645,0.6223123636856602,0.8865596111649428,-0.2830376997033332,-0.34184350956902637,-0.22243674924460619,69,2.255847494246734e-10,2.5027644721652778e-11,5.0055289443305556e-11
oos_backward,macro releases vs matched 8:30 a.m. control days (by month),legacy_message_depth_ratio,NQ.v.0,82,0.8970752643792119,0.9529188772479998,0.8558117578342981,0.9669815514231584,-0.055843612868787855,-0.12215427896652663,0.015782117452216967,50,0.059808338334316175,0.015319826826641268,0.015319826826641268
oos_backward,macro releases vs matched 8:30 a.m. control days (by month),legacy_message_depth_ratio,ZN.v.0,82,0.38314474798751064,0.8865926957283924,0.37486725205658833,0.9118366921360397,-0.5034479477408819,-0.5601938092726718,-0.445096388018413,77,1.2046380153120002e-17,1.522489217763966e-14,4.567467653291897e-14
oos_backward,macro releases vs matched 8:30 a.m. control days (by month),legacy_message_depth_ratio,cluster_average,82,0.6389511201042847,0.9197275402086189,0.6091204545896554,0.9411203563579454,-0.2807764201043343,-0.3196089770341645,-0.24024842373704974,73,1.3767370902215938e-13,9.022242312633825e-14,
oos_backward,macro releases vs control days without an 8:30 a.m. volume spike,depth_ratio,ES.v.0,59,0.7059562319487209,0.9428989803503909,0.6675274124916141,0.9222567795851297,-0.23694274840167015,-0.3166266736596486,-0.15476730331035188,49,2.706279703008907e-07,7.084959520718766e-07,1.4169919041437531e-06
oos_backward,macro releases vs control days without an 8:30 a.m. volume spike,depth_ratio,NQ.v.0,59,0.9960266766295314,0.9790235852086672,0.8908430561598902,0.9824345355095883,0.017003091420864008,-0.11028551980107006,0.18973351486190604,34,0.2975952082844287,0.2704597185865012,0.2704597185865012
oos_backward,macro releases vs control days without an 8:30 a.m. volume spike,depth_ratio,ZN.v.0,59,0.42402724771320216,0.9144921374906262,0.400666295866092,0.9121464771353202,-0.49046488977742403,-0.5516629213088783,-0.42601111814293025,55,1.6979681549678105e-12,7.322266185081206e-11,2.1966798555243619e-10
oos_backward,macro releases vs control days without an 8:30 a.m. volume spike,depth_ratio,cluster_average,59,0.7086700520971515,0.9454715676832282,0.6519654351651695,0.9495056681103358,-0.23680151558607676,-0.2930510704849128,-0.16918054195732324,53,1.7539187463500028e-10,2.3660154206693524e-09,
oos_backward,macro releases vs control days without an 8:30 a.m. volume spike,spread_change_ticks,ES.v.0,59,0.31327987829802534,0.01648663044792842,0.11152184636851732,0.0,0.296793247850097,0.18887626224559032,0.4295134659035292,8,9.052391166525231e-09,6.337786771747855e-10,6.337786771747855e-10
oos_backward,macro releases vs control days without an 8:30 a.m. volume spike,spread_change_ticks,NQ.v.0,59,1.6823086383687103,0.06193891333277105,0.891629636851873,0.03578017929449162,1.6203697250359392,1.1159527171869277,2.19226813333605,2,6.144390551909851e-15,4.4165803795245355e-11,1.3249741138573608e-10
oos_backward,macro releases vs control days without an 8:30 a.m. volume spike,spread_change_ticks,ZN.v.0,59,0.1299889841468462,0.00014084178578171354,0.07642547581110885,-5.046977777922734e-06,0.12984814236106446,0.09542204770594614,0.16865333108663097,2,6.144390551909851e-15,6.621059672522134e-11,1.3249741138573608e-10
oos_backward,macro releases vs control days without an 8:30 a.m. volume spike,spread_change_ticks,cluster_average,59,0.7085258336045271,0.02618879518882706,0.34011490964197466,0.015773405164828613,0.6823370384157001,0.4786251352022464,0.9107848497897438,1,2.0816681711721685e-16,2.6491274058951022e-11,
oos_backward,macro releases vs control days without an 8:30 a.m. volume spike,depth_ratio_last_10s,ES.v.0,59,0.5487810155079559,0.8902779383559557,0.4771519086922429,0.8545137445882266,-0.3414969228479998,-0.4259566978741496,-0.2524701236790197,50,5.264832102225281e-08,3.0210161315839547e-08,6.042032263167909e-08
oos_backward,macro releases vs control days without an 8:30 a.m. volume spike,depth_ratio_last_10s,NQ.v.0,59,1.0207855109216357,0.9865995730303525,0.7794523150345665,0.9331579904006266,0.03418593789128339,-0.2501595021370852,0.4810889257874067,36,0.11747735024505848,0.049707353426697624,0.049707353426697624
oos_backward,macro releases vs control days without an 8:30 a.m. volume spike,depth_ratio_last_10s,ZN.v.0,59,0.22587517326619483,0.8731810205514557,0.21040432924529737,0.8803635702742262,-0.6473058472852609,-0.7127219725975737,-0.5799790441737523,58,2.0816681711721685e-16,2.6491274058951022e-11,7.947382217685307e-11
oos_backward,macro releases vs control days without an 8:30 a.m. volume spike,depth_ratio_last_10s,cluster_average,59,0.5984805665652624,0.916686177312588,0.5233505274398634,0.909864897243292,-0.31820561074732573,-0.4238051567905824,-0.16731963579080045,54,1.9067358802971057e-11,1.6311688075276024e-09,
oos_backward,macro releases vs control days without an 8:30 a.m. volume spike,legacy_message_depth_ratio,ES.v.0,59,0.643688910837818,0.9390276326986058,0.6196494762809794,0.8993869909914294,-0.29533872186078797,-0.36761283795557403,-0.2248799460844484,51,9.052391166525231e-09,4.4973581351768636e-09,8.994716270353727e-09
oos_backward,macro releases vs control days without an 8:30 a.m. volume spike,legacy_message_depth_ratio,NQ.v.0,59,0.8963901619631636,0.9489202323740286,0.835859547925513,0.9795651706224412,-0.05253007041086508,-0.13077295416842394,0.03527026135283387,37,0.06744461190078899,0.024017773231234673,0.024017773231234673
oos_backward,macro releases vs control days without an 8:30 a.m. volume spike,legacy_message_depth_ratio,ZN.v.0,59,0.3897146342040165,0.9094223298048211,0.3746502416741042,0.9241903471243624,-0.5197076956008048,-0.5803717702584981,-0.45628781513630484,56,1.189326415129699e-13,5.4100428028347383e-11,1.6230128408504214e-10
oos_backward,macro releases vs control days without an 8:30 a.m. volume spike,legacy_message_depth_ratio,cluster_average,59,0.643264569001666,0.9324567316258185,0.6086689177878376,0.9413865026101772,-0.28919216262415265,-0.3314621423185354,-0.24652557967054953,54,1.9067358802971057e-11,9.890496344610408e-11,
oos_forward,macro releases vs matched 8:30 a.m. control days (by month),depth_ratio,ES.v.0,10,0.7234917986889794,0.9786803173785458,0.7028952478778941,0.9138509803610965,-0.2551885186895665,-0.41853234478476026,-0.101713277760961,9,0.021484375,0.02734375,0.0546875
oos_forward,macro releases vs matched 8:30 a.m. control days (by month),depth_ratio,NQ.v.0,10,1.1585569759654042,1.0750270151149837,1.1180519129154665,1.096404062319988,0.08352996085042069,-0.044862616715857534,0.22130735315673986,5,1.0,0.322265625,0.322265625
oos_forward,macro releases vs matched 8:30 a.m. control days (by month),depth_ratio,ZN.v.0,10,0.33707941913037404,0.7506470395324106,0.33282700203409665,0.9286979338520833,-0.4135676204020366,-0.5534761735747169,-0.254632988264571,9,0.021484375,0.005859375,0.017578125
oos_forward,macro releases vs matched 8:30 a.m. control days (by month),depth_ratio,cluster_average,10,0.7397093979282525,0.9347847906753135,0.7316437951784541,0.9581773052651974,-0.19507539274706082,-0.2797306805599948,-0.10218594743172185,8,0.109375,0.009765625,
oos_forward,macro releases vs matched 8:30 a.m. control days (by month),spread_change_ticks,ES.v.0,10,0.41926501295940194,-0.009666194932218564,0.4143856323546467,-0.021363831111104736,0.4289312078916206,0.3628396815666683,0.4960167823377323,0,0.001953125,0.001953125,0.005859375
oos_forward,macro releases vs matched 8:30 a.m. control days (by month),spread_change_ticks,NQ.v.0,10,3.1579933909110323,0.22182770340003682,2.818411216143356,0.04811183913052619,2.936165687510995,2.0313246931416162,4.1012015263576345,0,0.001953125,0.001953125,0.005859375
oos_forward,macro releases vs matched 8:30 a.m. control days (by month),spread_change_ticks,ZN.v.0,10,0.016139219785832885,0.0003818266777777746,0.007701180501850563,2.051183333406925e-06,0.015757393108055108,0.0018171060115950294,0.03624591221832313,2,0.109375,0.037109375,0.037109375
oos_forward,macro releases vs matched 8:30 a.m. control days (by month),spread_change_ticks,cluster_average,10,1.1977992078854223,0.07084777838186535,1.120286620099948,-0.003050014551858049,1.126951429503557,0.8248147032998089,1.5148328408338534,0,0.001953125,0.001953125,
oos_forward,macro releases vs matched 8:30 a.m. control days (by month),depth_ratio_last_10s,ES.v.0,10,0.4736060191088803,0.8521823170854195,0.4425082344567095,0.9047079029300578,-0.37857629797653924,-0.5522705049754466,-0.18416479888270518,9,0.021484375,0.009765625,0.01953125
oos_forward,macro releases vs matched 8:30 a.m. control days (by month),depth_ratio_last_10s,NQ.v.0,10,1.1496913423778508,1.1514207610179341,1.084793925486149,1.0696398175308908,-0.0017294186400834577,-0.3528073158097766,0.3327769013790907,5,1.0,1.0,1.0
oos_forward,macro releases vs matched 8:30 a.m. control days (by month),depth_ratio_last_10s,ZN.v.0,10,0.09298293118072945,0.6622121905601634,0.09421584940395589,0.8266355072593308,-0.569229259379434,-0.7671332512692691,-0.35390537709905423,10,0.001953125,0.001953125,0.005859375
oos_forward,macro releases vs matched 8:30 a.m. control days (by month),depth_ratio_last_10s,cluster_average,10,0.5720934308891535,0.8886050895545058,0.5386580016177751,0.9070588535710289,-0.3165116586653522,-0.48693106545481185,-0.14437256782272628,8,0.109375,0.013671875,
oos_forward,macro releases vs matched 8:30 a.m. control days (by month),legacy_message_depth_ratio,ES.v.0,10,0.645666982827813,0.9704904138364142,0.6599346877989882,0.9223897534155103,-0.3248234310086012,-0.4895078540650709,-0.16102164762925616,9,0.021484375,0.005859375,0.01171875
oos_forward,macro releases vs matched 8:30 a.m. control days (by month),legacy_message_depth_ratio,NQ.v.0,10,1.0794382194872443,1.0483356658858418,1.0205448051936088,1.0297593568576469,0.03110255360140255,-0.07178790804143367,0.14716603056734048,6,0.75390625,0.921875,0.921875
oos_forward,macro releases vs matched 8:30 a.m. control days (by month),legacy_message_depth_ratio,ZN.v.0,10,0.2893400827289697,0.7578238328111062,0.2807066100790534,0.9388442468186369,-0.46848375008213655,-0.6151830562313787,-0.30071296728763136,9,0.021484375,0.00390625,0.01171875
oos_forward,macro releases vs matched 8:30 a.m. control days (by month),legacy_message_depth_ratio,cluster_average,10,0.6714817616813423,0.9255499708444541,0.6648212303061787,0.9480111163683044,-0.25406820916311174,-0.35017332064231305,-0.15478755370761377,8,0.109375,0.009765625,
oos_forward,macro releases vs control days without an 8:30 a.m. volume spike,depth_ratio,ES.v.0,8,0.7042814773657442,1.0246136071239194,0.7028952478778941,0.921893275035952,-0.32033212975817515,-0.4846048533931449,-0.20492762469311684,8,0.0078125,0.0078125,0.0234375
oos_forward,macro releases vs control days without an 8:30 a.m. volume spike,depth_ratio,NQ.v.0,8,1.149107212102523,1.0721144002282883,1.0987888947709497,1.096404062319988,0.07699281187423467,-0.07019290987260572,0.24039109742738551,4,1.0,0.4609375,0.4609375
oos_forward,macro releases vs control days without an 8:30 a.m. volume spike,depth_ratio,ZN.v.0,8,0.34550642330505593,0.8664579235550512,0.33282700203409665,0.9359633782335366,-0.5209515002499954,-0.6057008756523733,-0.43006164946037206,8,0.0078125,0.0078125,0.0234375
oos_forward,macro releases vs control days without an 8:30 a.m. volume spike,depth_ratio,cluster_average,8,0.7329650375911076,0.9877286436357531,0.7228450643079767,0.9870809526236364,-0.2547636060446453,-0.31892594209304115,-0.19680625583748912,8,0.0078125,0.0078125,
oos_forward,macro releases vs control days without an 8:30 a.m. volume spike,spread_change_ticks,ES.v.0,8,0.3843985963869817,-0.03174342367569266,0.39591528731042724,-0.021363831111104736,0.4161420200626743,0.34693377219445176,0.48371583335011203,0,0.0078125,0.0078125,0.0234375
oos_forward,macro releases vs control days without an 8:30 a.m. volume spike,spread_change_ticks,NQ.v.0,8,3.2932173772857953,0.020727001500732423,2.8869057619378005,-0.12065678813892311,3.272490375785063,2.2177825172817474,4.5549873870956565,0,0.0078125,0.0078125,0.0234375
oos_forward,macro releases vs control days without an 8:30 a.m. volume spike,spread_change_ticks,ZN.v.0,8,0.01850793571701314,1.524138888708837e-07,0.007821453424998986,6.925333336793571e-07,0.01850778330312427,0.0009511163803230713,0.0432042169429386,2,0.2890625,0.078125,0.078125
oos_forward,macro releases vs control days without an 8:30 a.m. volume spike,spread_change_ticks,cluster_average,8,1.23204130312993,-0.0036720899203571238,1.120286620099948,-0.04733957055556489,1.235713393050287,0.8833058656462897,1.6720716109809997,0,0.0078125,0.0078125,
oos_forward,macro releases vs control days without an 8:30 a.m. volume spike,depth_ratio_last_10s,ES.v.0,8,0.4552034466578613,0.9529449615641821,0.4425082344567095,0.9508073627631219,-0.49774151490632085,-0.6227404992469394,-0.36103388051132684,8,0.0078125,0.0078125,0.0234375
oos_forward,macro releases vs control days without an 8:30 a.m. volume spike,depth_ratio_last_10s,NQ.v.0,8,1.0931522058062462,1.171403974959627,1.0510255029041722,1.0696398175308908,-0.07825176915338088,-0.4602674761693279,0.3218498902911697,4,1.0,0.9453125,0.9453125
oos_forward,macro releases vs control days without an 8:30 a.m. volume spike,depth_ratio_last_10s,ZN.v.0,8,0.09469182213539376,0.7999213055054284,0.09421584940395589,0.8735335968543473,-0.7052294833700347,-0.8514555120614006,-0.5426713333811947,8,0.0078125,0.0078125,0.0234375
oos_forward,macro releases vs control days without an 8:30 a.m. volume spike,depth_ratio_last_10s,cluster_average,8,0.5476824915331671,0.9747567473430792,0.5273966823297076,0.9830660287522328,-0.4270742558099121,-0.5599618201202771,-0.29962220323949956,8,0.0078125,0.0078125,
oos_forward,macro releases vs control days without an 8:30 a.m. volume spike,legacy_message_depth_ratio,ES.v.0,8,0.618613253728723,1.0240046591608085,0.6228966252371333,0.9406346362559757,-0.4053914054320856,-0.56557072937307,-0.27798334284322784,8,0.0078125,0.0078125,0.0234375
oos_forward,macro releases vs control days without an 8:30 a.m. volume spike,legacy_message_depth_ratio,NQ.v.0,8,1.0759079957451196,1.0570143736320219,1.0205448051936088,1.0297593568576469,0.01889362211309782,-0.0878204527750691,0.14977225586897816,5,0.7265625,0.9453125,0.9453125
oos_forward,macro releases vs control days without an 8:30 a.m. volume spike,legacy_message_depth_ratio,ZN.v.0,8,0.28948778039702316,0.8657948372438471,0.2792675796520879,0.967940500695956,-0.5763070568468238,-0.67284709678945,-0.4626676578950842,8,0.0078125,0.0078125,0.0234375
oos_forward,macro releases vs control days without an 8:30 a.m. volume spike,legacy_message_depth_ratio,cluster_average,8,0.6613363432902886,0.9822712900122258,0.6546400139078801,0.9748445329898161,-0.32093494672193723,-0.3929100713527629,-0.25979830355052674,8,0.0078125,0.0078125,
all,macro releases vs matched 8:30 a.m. control days (by month),depth_ratio,ES.v.0,112,0.6789593176995486,0.9354721685555323,0.6633335440077486,0.9224712618390991,-0.25651285085598347,-0.3083358299131891,-0.20249774133475973,93,6.748136083040859e-13,2.1041003220102148e-13,4.2082006440204295e-13
all,macro releases vs matched 8:30 a.m. control days (by month),depth_ratio,NQ.v.0,112,1.0431989020936798,1.0065736899785944,0.9864645580446689,1.0056446651822983,0.036625212115085515,-0.044977743385969875,0.13448584595613167,55,0.9247750936572267,0.6994107796011416,0.6994107796011416
all,macro releases vs matched 8:30 a.m. control days (by month),depth_ratio,ZN.v.0,112,0.380201209378853,0.8873335057417732,0.36836044869436857,0.9203418343512043,-0.5071322963629205,-0.5548301579910623,-0.45748726903236575,105,1.4930154501196073e-23,3.10680594449483e-19,9.32041783348449e-19
all,macro releases vs matched 8:30 a.m. control days (by month),depth_ratio,cluster_average,112,0.7007864763906939,0.9431264547586334,0.6662168425400192,0.950509515307771,-0.2423399783679394,-0.27992055403162963,-0.20040050223578604,100,1.9275817215653917e-18,3.7019561036021887e-17,
all,macro releases vs matched 8:30 a.m. control days (by month),spread_change_ticks,ES.v.0,112,0.3810249550633665,0.01638509952837411,0.30724428795278524,5.327027777779492e-07,0.3646398555349923,0.29404142284978224,0.44471295415086076,11,2.2625192243556117e-19,1.8753698669472023e-18,3.7507397338944045e-18
all,macro releases vs matched 8:30 a.m. control days (by month),spread_change_ticks,NQ.v.0,112,2.519245856069912,0.1054296374814027,1.543691516667649,0.03495379442225577,2.413816218588509,1.9894387040033121,2.855575239693728,4,2.4825502761483792e-27,7.807722784326231e-20,2.342316835297869e-19
all,macro releases vs matched 8:30 a.m. control days (by month),spread_change_ticks,ZN.v.0,112,0.12073669070637132,0.00977443041577407,0.07750757481666486,-1.1777782082944555e-09,0.11096226029059723,0.08637962809314165,0.1365997119180728,7,1.4930154501196073e-23,4.6255511885495985e-17,4.6255511885495985e-17
all,macro releases vs matched 8:30 a.m. control days (by month),spread_change_ticks,cluster_average,112,1.0070025006132166,0.04386305580851696,0.6813170822274732,0.015359158902785053,0.9631394448046997,0.7972312192375574,1.1321451185631626,3,9.022943270855311e-29,5.220230091420119e-20,
all,macro releases vs matched 8:30 a.m. control days (by month),depth_ratio_last_10s,ES.v.0,112,0.5216499437140237,0.8797214497604741,0.45926201788711185,0.8614282855780342,-0.35807150604645027,-0.42159601960062953,-0.29565863216352933,98,1.0755959672248345e-16,2.7377400141738202e-15,5.4754800283476405e-15
all,macro releases vs matched 8:30 a.m. control days (by month),depth_ratio_last_10s,NQ.v.0,112,1.0352632451257462,0.9918602383657118,0.917943272897351,0.957218820292843,0.04340300676003441,-0.11784035998529802,0.2897612130049871,59,0.6367997716142331,0.3982168524472005,0.3982168524472005
all,macro releases vs matched 8:30 a.m. control days (by month),depth_ratio_last_10s,ZN.v.0,112,0.18278219216587835,0.8305400652022138,0.16238836845334684,0.8922840513181124,-0.6477578730363354,-0.7018631415784543,-0.5918070720845507,109,9.022943270855311e-29,7.400484226468306e-20,2.220145267940492e-19
all,macro releases vs matched 8:30 a.m. control days (by month),depth_ratio_last_10s,cluster_average,112,0.5798984603352162,0.9007072511094665,0.5359467539881654,0.9072533490449093,-0.32080879077425045,-0.38650666844625314,-0.2345189145463373,100,1.9275817215653917e-18,2.680342719307316e-17,
all,macro releases vs matched 8:30 a.m. control days (by month),legacy_message_depth_ratio,ES.v.0,112,0.625518356454563,0.9384386582569461,0.6137411912346968,0.9158966354804303,-0.3129203018023832,-0.36382696282190247,-0.26159540150748467,97,7.121860330286232e-16,3.251982715170723e-16,6.503965430341446e-16
all,macro releases vs matched 8:30 a.m. control days (by month),legacy_message_depth_ratio,NQ.v.0,112,0.9473697440916293,0.9690870847665118,0.9359819093786953,0.9792960530629096,-0.02171734067488248,-0.07447661674769082,0.031961837677594994,60,0.5085131799736622,0.17703062736674546,0.17703062736674546
all,macro releases vs matched 8:30 a.m. control days (by month),legacy_message_depth_ratio,ZN.v.0,112,0.34399804035138065,0.8835982911970695,0.33076864653355265,0.9252402296298197,-0.5396002508456889,-0.5875983161177729,-0.48901866197817184,106,9.756786693874696e-25,1.6038912411720898e-19,4.811673723516269e-19
all,macro releases vs matched 8:30 a.m. control days (by month),legacy_message_depth_ratio,cluster_average,112,0.6389620469658576,0.9303746780735092,0.6165430591797174,0.9452387310067994,-0.2914126311076516,-0.3232010209033871,-0.25801545282201227,100,1.9275817215653917e-18,1.1476501151614302e-18,
all,macro releases vs control days without an 8:30 a.m. volume spike,depth_ratio,ES.v.0,87,0.6887039977565783,0.9565230880694484,0.6664448485103811,0.9329781939774954,-0.26781909031287,-0.32875354344814256,-0.2048322257973186,76,4.211350509515077e-13,2.026444357429323e-11,4.052888714858646e-11
all,macro releases vs control days without an 8:30 a.m. volume spike,depth_ratio,NQ.v.0,87,1.0653441229870695,0.99769582403831,0.9828730006944646,0.9970231717121083,0.0676482989487593,-0.02604936360020634,0.1875133821726957,40,0.5202915935750735,0.3409511192588329,0.3409511192588329
all,macro releases vs control days without an 8:30 a.m. volume spike,depth_ratio,ZN.v.0,87,0.375426708099382,0.913309103196917,0.36810111489444597,0.9217164189885623,-0.5378823950975351,-0.5874222108281221,-0.4857035407964341,83,3.018846051830852e-20,1.2521363007511987e-15,3.756408902253596e-15
all,macro releases vs control days without an 8:30 a.m. volume spike,depth_ratio,cluster_average,87,0.7098249429476765,0.9558426717682251,0.6753846748212181,0.9559234372571099,-0.24601772882054856,-0.2872188186161969,-0.19942190452484787,81,7.034485519207362e-18,3.9302988045388765e-14,
all,macro releases vs control days without an 8:30 a.m. volume spike,spread_change_ticks,ES.v.0,87,0.4046772671567771,0.008571668548787456,0.3477942566694497,-3.544666651311701e-07,0.39610559860798966,0.31024704750238935,0.4947805731638332,8,8.377941473730054e-16,5.221586398068241e-15,7.975372413598262e-15
all,macro releases vs control days without an 8:30 a.m. volume spike,spread_change_ticks,NQ.v.0,87,2.6764358257618635,0.07678102365562389,1.5941911431360696,0.021894219288913774,2.5996548021062393,2.0870507333295945,3.137513625910964,2,4.948866508539911e-23,8.279069644460646e-16,2.4837208933381938e-15
all,macro releases vs control days without an 8:30 a.m. volume spike,spread_change_ticks,ZN.v.0,87,0.12583650911095748,0.00024412869278413456,0.08027800679629893,-2.9740111100462485e-06,0.12559238041817336,0.09931536146957191,0.15424152796322826,5,5.077541690652894e-19,3.987686206799131e-15,7.975372413598262e-15
all,macro releases vs control days without an 8:30 a.m. volume spike,spread_change_ticks,cluster_average,87,1.0689832006765325,0.02853227363239849,0.7021669159104847,0.011854075448152054,1.0404509270441342,0.8411183124090162,1.251476663843308,1,1.137373342260413e-24,5.853462648440117e-16,
all,macro releases vs control days without an 8:30 a.m. volume spike,depth_ratio_last_10s,ES.v.0,87,0.5243473733713951,0.900190179463554,0.46854743457399123,0.8763005771343494,-0.375842806092159,-0.44583132644852186,-0.30490022116929294,78,7.467088418731596e-15,8.506365036714999e-13,1.7012730073429998e-12
all,macro releases vs control days without an 8:30 a.m. volume spike,depth_ratio_last_10s,NQ.v.0,87,1.0663955291619487,1.0141595911702694,0.9005297857071496,0.9607061716640312,0.052235937991679686,-0.1539882864876682,0.3638155724170937,47,0.5202915935750735,0.2958380348214731,0.2958380348214731
all,macro releases vs control days without an 8:30 a.m. volume spike,depth_ratio_last_10s,ZN.v.0,87,0.18231214977483082,0.8755778257766614,0.15494371121079795,0.9040074115559569,-0.6932656760018309,-0.7479289090663094,-0.6370433600075746,86,1.137373342260413e-24,6.060441105672326e-16,1.818132331701698e-15
all,macro releases vs control days without an 8:30 a.m. volume spike,depth_ratio_last_10s,cluster_average,87,0.5910183507693916,0.9299758654701615,0.5301845192156491,0.9273974678639885,-0.3389575147007699,-0.41474849581860657,-0.23305304329833135,81,7.034485519207362e-18,4.3331424813798464e-14,
all,macro releases vs control days without an 8:30 a.m. volume spike,legacy_message_depth_ratio,ES.v.0,87,0.6244138314058757,0.9607111181800225,0.6042060579785911,0.9445706529797547,-0.3362972867741468,-0.3908894112706908,-0.28147625661353987,78,7.467088418731596e-15,7.755692233288566e-14,1.5511384466577131e-13
all,macro releases vs control days without an 8:30 a.m. volume spike,legacy_message_depth_ratio,NQ.v.0,87,0.9568407009894513,0.9696259494227442,0.9567349903906566,0.9846683969984408,-0.012785248433293279,-0.07078983934343742,0.0512557150444237,46,0.6682849967188076,0.28047213450957276,0.28047213450957276
all,macro releases vs control days without an 8:30 a.m. volume spike,legacy_message_depth_ratio,ZN.v.0,87,0.3393744369919796,0.9111085677318134,0.3296922674074209,0.9346587832991022,-0.5717341307398341,-0.6205171902175215,-0.5207295624191345,84,1.4194419311409955e-21,1.0184849333118409e-15,3.0554547999355228e-15
all,macro releases vs control days without an 8:30 a.m. volume spike,legacy_message_depth_ratio,cluster_average,87,0.6402096564624354,0.9471485451115269,0.613256667701628,0.9514892195032137,-0.3069388886490913,-0.33881652185264893,-0.27370775660571944,81,7.034485519207362e-18,1.9545560152288192e-15,
