kind,instrument,period,quintile,N,median_abs_move_bp,q25_abs_move_bp,q75_abs_move_bp,share_up
fomc,ES,2015-2022,1,13,17.81975791187662,8.434751674917251,32.11120596728456,0.6923076923076923
fomc,ES,2015-2022,2,12,7.393640337074459,5.719327222903914,15.93574122788377,0.6666666666666666
fomc,ES,2015-2022,3,13,13.549563829347022,7.501875820690174,29.471827088851654,0.5384615384615384
fomc,ES,2015-2022,4,12,19.85585483770702,13.272518326625843,23.700008240699066,0.6666666666666666
fomc,ES,2015-2022,5,13,34.59607024497657,10.46514925727493,62.62757186343393,0.46153846153846156
fomc,ES,2023-2026,1,6,16.02824223510879,8.109527833735086,19.7131399405448,0.6666666666666666
fomc,ES,2023-2026,2,6,17.989334372261467,9.715861674086668,21.14677127420528,0.5
fomc,ES,2023-2026,3,5,16.314733341502574,4.674444507912767,20.118937681594673,0.0
fomc,ES,2023-2026,4,6,15.427464466579721,0.8755286504058546,36.82240586731833,0.6666666666666666
fomc,ES,2023-2026,5,6,25.365283971110486,7.631037219137937,31.959955651816863,0.3333333333333333
fomc,NQ,2015-2022,1,13,22.170829140133463,7.1513709841575235,41.834603992025876,0.6153846153846154
fomc,NQ,2015-2022,2,12,15.813442727719007,9.586652393083206,23.82320923356218,0.5833333333333334
fomc,NQ,2015-2022,3,13,9.883288165575266,5.598354716784826,27.810513932813308,0.46153846153846156
fomc,NQ,2015-2022,4,12,40.66963843686544,19.28064707691579,65.73528520400274,0.6666666666666666
fomc,NQ,2015-2022,5,13,22.300329632400917,10.025606779251461,79.70352104635481,0.6923076923076923
fomc,NQ,2023-2026,1,6,13.656860794970527,10.816810958571565,18.17761807947793,0.5
fomc,NQ,2023-2026,2,6,20.044827395464537,12.546258534933408,41.41944965237343,0.3333333333333333
fomc,NQ,2023-2026,3,5,28.5828811758293,21.652394861639834,37.23488733822222,0.4
fomc,NQ,2023-2026,4,6,19.604844227760765,7.456542020984891,28.588002906198007,0.8333333333333334
fomc,NQ,2023-2026,5,6,13.53155364531844,2.8149735871352277,22.58196225538356,0.3333333333333333
fomc,ZN,2015-2022,1,13,5.592667537417384,1.3104442424793916,7.8994145375599345,0.5384615384615384
fomc,ZN,2015-2022,2,12,9.11115147178787,3.764613354435564,22.904819391145192,0.5833333333333334
fomc,ZN,2015-2022,3,13,9.949630818937294,4.544679962332765,12.283822459435711,0.5384615384615384
fomc,ZN,2015-2022,4,12,7.278923256301972,2.3749663200045568,16.566334165992735,0.3333333333333333
fomc,ZN,2015-2022,5,13,18.865557098308727,12.79962939467083,32.314648767064085,0.38461538461538464
fomc,ZN,2023-2026,1,6,11.356788238665594,10.112276967233491,26.88690597466792,0.6666666666666666
fomc,ZN,2023-2026,2,6,11.213016067772585,6.665369921994291,27.91001300420426,0.5
fomc,ZN,2023-2026,3,5,15.44629044557766,12.933530273677718,16.284918811182436,0.4
fomc,ZN,2023-2026,4,6,14.507937615757527,6.879387754648025,16.977290980442206,0.3333333333333333
fomc,ZN,2023-2026,5,6,12.914345433627794,6.414635741809338,18.936547761023714,0.6666666666666666
macro,ES,2015-2022,1,57,5.392046861709687,2.6401246292184766,11.916822002531191,0.5263157894736842
macro,ES,2015-2022,2,56,6.000931746057425,1.8305585380451461,13.629387861535669,0.5
macro,ES,2015-2022,3,57,9.543692940310322,2.332996355551842,16.078466362738908,0.40350877192982454
macro,ES,2015-2022,4,56,9.958489731811682,4.4064969414625565,26.10102575724138,0.5892857142857143
macro,ES,2015-2022,5,57,15.954838926974801,9.075587294784526,44.266902904084304,0.47368421052631576
macro,ES,2023-2026,1,30,22.937888362273284,12.166659507895083,30.211689540431408,0.4666666666666667
macro,ES,2023-2026,2,29,11.59569800741167,7.623156169742629,25.00891218682355,0.5172413793103449
macro,ES,2023-2026,3,29,17.145509297513684,10.603009218268511,28.068609029983094,0.5517241379310345
macro,ES,2023-2026,4,29,23.117232625633477,10.96073308360701,44.9755437401933,0.5172413793103449
macro,ES,2023-2026,5,30,17.14933649137329,5.4605986238431825,42.43640197204801,0.6666666666666666
macro,NQ,2015-2022,1,57,7.080593177466454,2.242361963986639,14.529120040762677,0.45614035087719296
macro,NQ,2015-2022,2,57,8.80319243551142,4.109442735220625,18.66288929280202,0.5263157894736842
macro,NQ,2015-2022,3,56,8.1265457492119,4.609724509720969,19.8708138921333,0.44642857142857145
macro,NQ,2015-2022,4,57,11.678744491536719,4.948875030166278,20.295311513915948,0.5614035087719298
macro,NQ,2015-2022,5,57,20.843101119822904,9.635252921391668,57.20923094733266,0.5087719298245614
macro,NQ,2023-2026,1,30,24.867158301038472,14.752685161276702,35.17101503962561,0.6
macro,NQ,2023-2026,2,29,21.564612316229415,12.588797634123239,38.644101715288315,0.4482758620689655
macro,NQ,2023-2026,3,30,19.126481569795573,9.970711560329804,38.89753520238237,0.7666666666666667
macro,NQ,2023-2026,4,29,21.79997917407306,5.788215783351092,42.38360803590524,0.5517241379310345
macro,NQ,2023-2026,5,30,27.004036391202746,17.82018814433517,51.64723677442539,0.5333333333333333
macro,ZN,2015-2022,1,57,3.3666255508180143,1.684494234588385,8.379220025815926,0.543859649122807
macro,ZN,2015-2022,2,57,6.296436425126117,3.7005057780170603,11.40695948141257,0.5614035087719298
macro,ZN,2015-2022,3,56,7.445362441278469,2.9350950223316907,11.352896262766254,0.42857142857142855
macro,ZN,2015-2022,4,57,11.273623883658601,6.201166017900661,17.908314241701362,0.40350877192982454
macro,ZN,2015-2022,5,57,16.62306062326202,9.144425395746225,36.44566532254423,0.3333333333333333
macro,ZN,2023-2026,1,30,12.094511672722241,5.692383970070658,20.19705885540457,0.5
macro,ZN,2023-2026,2,29,13.096676006050245,9.553555751438125,21.813328847795077,0.5862068965517241
macro,ZN,2023-2026,3,30,20.374994845204775,7.359700022653293,32.10498889930413,0.5
macro,ZN,2023-2026,4,29,18.566276607119292,10.563753227161854,39.761483796389996,0.3448275862068966
macro,ZN,2023-2026,5,30,21.77221324051242,14.032714303362503,54.84537156968727,0.6
