sample,outcome,events,spearman_rho,p_two_sided
development,primary,103,0.3064079123698079,0.0016448884300903194
development,secondary,102,0.1790936476581376,0.07169397752236115
development,sensitivity: 100 us tolerance,103,0.30580889147290763,0.0016816489237958885
oos_backward,primary,446,-0.029606095830716505,0.5328740832288001
oos_backward,secondary,445,0.024024084955107158,0.6132525162018763
oos_backward,sensitivity: 100 us tolerance,446,-0.030256725150899385,0.5239061283275688
oos_forward,primary,48,0.406404556161315,0.004153297233028947
oos_forward,secondary,48,0.24022897405837504,0.10003857149855767
oos_forward,sensitivity: 100 us tolerance,48,0.40915789683820175,0.003882119703015867
oos_all,primary,494,0.01965702642548939,0.6629567698502987
oos_all,secondary,493,0.05302036965423198,0.23996210173945123
oos_all,sensitivity: 100 us tolerance,494,0.0191152531496562,0.6716969736469749
