sample,clock,horizon,role,group,events,median_share,mean_share
development,arrival anchor,0ms,control,fomc_control,6,0.0,0.3333333333333333
development,arrival anchor,0ms,control,macro_control,8,0.0,0.125
development,arrival anchor,0ms,event,extemporaneous_speech,8,1.0,0.625
development,arrival anchor,0ms,event,mixed_numeric_bundle,3,0.0,0.1111111111111111
development,arrival anchor,0ms,event,multi_dimensional_numeric,36,0.0,0.26851851851851855
development,arrival anchor,0ms,event,narrative_text,12,0.0,0.27777777777777773
development,arrival anchor,0ms,event,scalar_numeric,32,0.0,0.296875
development,arrival anchor,0ms,pseudo,extemporaneous_speech,4,0.75,0.625
development,arrival anchor,0ms,pseudo,mixed_numeric_bundle,1,1.0,1.0
development,arrival anchor,0ms,pseudo,multi_dimensional_numeric,27,0.0,0.3024691358024691
development,arrival anchor,0ms,pseudo,narrative_text,8,0.25,0.3958333333333333
development,arrival anchor,0ms,pseudo,scalar_numeric,29,0.0,0.39655172413793105
development,arrival anchor,50ms,control,fomc_control,25,0.5833286788876082,0.5675808730191256
development,arrival anchor,50ms,control,macro_control,20,0.5833305047230755,0.5813260355243758
development,arrival anchor,50ms,event,extemporaneous_speech,13,0.6249966818182267,0.6425039225178051
development,arrival anchor,50ms,event,mixed_numeric_bundle,3,0.28507125359328817,0.3796275919855842
development,arrival anchor,50ms,event,multi_dimensional_numeric,38,0.042157296539984804,0.06836442467358364
development,arrival anchor,50ms,event,narrative_text,13,0.3354444837686443,0.5137506012178983
development,arrival anchor,50ms,event,scalar_numeric,39,0.14425065742007134,0.4950994784883578
development,arrival anchor,50ms,pseudo,extemporaneous_speech,12,0.5277736924433085,0.42438582317460294
development,arrival anchor,50ms,pseudo,mixed_numeric_bundle,3,0.5576822989518176,0.32479492674491184
development,arrival anchor,50ms,pseudo,multi_dimensional_numeric,37,0.5,0.48971725304652375
development,arrival anchor,50ms,pseudo,narrative_text,13,0.5000298357854456,0.38484715089274746
development,arrival anchor,50ms,pseudo,scalar_numeric,39,0.5333364194453526,0.5528808282389218
development,arrival anchor,100ms,control,fomc_control,25,0.5416666446101934,0.4901733637404312
development,arrival anchor,100ms,control,macro_control,20,0.584596938246875,0.5824838468525229
development,arrival anchor,100ms,event,extemporaneous_speech,13,0.5119072511910284,0.5034086319553096
development,arrival anchor,100ms,event,mixed_numeric_bundle,3,0.29289014293593413,0.24170853927125782
development,arrival anchor,100ms,event,multi_dimensional_numeric,38,0.15009421161008146,0.23518494291988415
development,arrival anchor,100ms,event,narrative_text,13,0.33543668129603715,0.19905263540690218
development,arrival anchor,100ms,event,scalar_numeric,39,0.10543965283840136,0.10842040541080354
development,arrival anchor,100ms,pseudo,extemporaneous_speech,13,0.5740704649079371,0.48511823295075673
development,arrival anchor,100ms,pseudo,mixed_numeric_bundle,3,0.5384489347694856,0.2998725552170539
development,arrival anchor,100ms,pseudo,multi_dimensional_numeric,38,0.47617537187208503,0.44327500507437073
development,arrival anchor,100ms,pseudo,narrative_text,13,0.5277800298758663,0.4148565642816285
development,arrival anchor,100ms,pseudo,scalar_numeric,39,0.5421383574519297,0.5263955078082972
development,arrival anchor,250ms,control,fomc_control,25,0.5505964356058939,0.5111303960747628
development,arrival anchor,250ms,control,macro_control,20,0.5489259988947952,0.5852530823527616
development,arrival anchor,250ms,event,extemporaneous_speech,13,0.4242915131270121,0.5285278512702448
development,arrival anchor,250ms,event,mixed_numeric_bundle,3,0.005805636820300146,0.0039070154037654506
development,arrival anchor,250ms,event,multi_dimensional_numeric,38,0.18672956186313905,0.16267038813212645
development,arrival anchor,250ms,event,narrative_text,13,0.2888420656425385,0.07324956477284589
development,arrival anchor,250ms,event,scalar_numeric,39,0.12757512685218741,0.1286007119538229
development,arrival anchor,250ms,pseudo,extemporaneous_speech,13,0.5332844165070859,0.47163463361904095
development,arrival anchor,250ms,pseudo,mixed_numeric_bundle,3,0.5576822989518176,0.38959075538390503
development,arrival anchor,250ms,pseudo,multi_dimensional_numeric,38,0.5292179692310357,0.5139115460849066
development,arrival anchor,250ms,pseudo,narrative_text,13,0.6561660290829946,0.41739989867439076
development,arrival anchor,250ms,pseudo,scalar_numeric,39,0.5063991447277507,0.5860301500349249
development,arrival anchor,500ms,control,fomc_control,25,0.4999970661874468,0.5161335992123047
development,arrival anchor,500ms,control,macro_control,20,0.6036853528321928,0.5299622473706305
development,arrival anchor,500ms,event,extemporaneous_speech,13,0.40909608915174567,0.45084341107157044
development,arrival anchor,500ms,event,mixed_numeric_bundle,3,0.030628744671577574,0.015127212204341068
development,arrival anchor,500ms,event,multi_dimensional_numeric,38,0.16954806746537962,-0.4896363735551333
development,arrival anchor,500ms,event,narrative_text,13,0.1595641393492867,-0.061673232633339556
development,arrival anchor,500ms,event,scalar_numeric,39,0.18087535642421718,0.2045406179343317
development,arrival anchor,500ms,pseudo,extemporaneous_speech,13,0.5833321485614141,0.537673094620884
development,arrival anchor,500ms,pseudo,mixed_numeric_bundle,3,0.4166618417811233,0.32776767531083284
development,arrival anchor,500ms,pseudo,multi_dimensional_numeric,38,0.441669918357518,0.39339709677234136
development,arrival anchor,500ms,pseudo,narrative_text,13,0.5415921173395618,0.4009770808213175
development,arrival anchor,500ms,pseudo,scalar_numeric,39,0.5333408032079808,0.6383554867346743
development,arrival anchor,1s,control,fomc_control,25,0.4772837083032391,0.465730758152303
development,arrival anchor,1s,control,macro_control,20,0.613879038941584,0.6149327235262223
development,arrival anchor,1s,event,extemporaneous_speech,13,0.3888751932005436,0.45407742088611486
development,arrival anchor,1s,event,mixed_numeric_bundle,3,-0.034857789997790954,-0.07295908777672476
development,arrival anchor,1s,event,multi_dimensional_numeric,38,0.21372845568883583,0.5942676075544593
development,arrival anchor,1s,event,narrative_text,13,0.26547642271972804,0.22813268322709485
development,arrival anchor,1s,event,scalar_numeric,39,0.13858592073166096,0.09199964419456595
development,arrival anchor,1s,pseudo,extemporaneous_speech,13,0.4999904482926767,0.5954104949945546
development,arrival anchor,1s,pseudo,mixed_numeric_bundle,3,-3.82019689651062e-06,0.1851450894153548
development,arrival anchor,1s,pseudo,multi_dimensional_numeric,38,0.49999701512949357,0.5165585379734204
development,arrival anchor,1s,pseudo,narrative_text,13,0.4952965912363258,0.27882068366678825
development,arrival anchor,1s,pseudo,scalar_numeric,39,0.5142859726916088,0.5388098956285768
development,scheduled second,50ms,control,fomc_control,25,0.5833321821797344,0.6107633425363251
development,scheduled second,50ms,control,macro_control,9,0.5833293188308745,0.41137531118018456
development,scheduled second,50ms,event,extemporaneous_speech,12,0.6607167097270684,0.6122032185143584
development,scheduled second,50ms,event,mixed_numeric_bundle,1,0.16666836461120652,0.16666836461120652
development,scheduled second,50ms,event,multi_dimensional_numeric,23,0.2082964615694244,0.4086536580294787
development,scheduled second,50ms,event,narrative_text,12,1.0,0.5763912537601915
development,scheduled second,50ms,event,scalar_numeric,19,0.3636329058203835,0.4787860725615371
development,scheduled second,50ms,pseudo,extemporaneous_speech,11,0.6785819166253488,0.751457135896682
development,scheduled second,50ms,pseudo,mixed_numeric_bundle,3,0.6666666667002188,1.055545154671585
development,scheduled second,50ms,pseudo,multi_dimensional_numeric,27,0.7499880967805469,0.6319426538718604
development,scheduled second,50ms,pseudo,narrative_text,7,0.9166425850304344,1.0071416785425868
development,scheduled second,50ms,pseudo,scalar_numeric,38,0.8750092639763758,0.7503108148703849
development,scheduled second,100ms,control,fomc_control,25,0.5308651071278043,0.6242335489293397
development,scheduled second,100ms,control,macro_control,14,0.6249955368635176,0.6309457899530193
development,scheduled second,100ms,event,extemporaneous_speech,12,0.6881221597483216,0.6663330117267379
development,scheduled second,100ms,event,mixed_numeric_bundle,3,0.3077004477155477,0.7859129915226033
development,scheduled second,100ms,event,multi_dimensional_numeric,26,0.04074517668078647,0.39431726109312304
development,scheduled second,100ms,event,narrative_text,12,0.8978220455918275,0.6615927435081477
development,scheduled second,100ms,event,scalar_numeric,29,0.4999955272366824,0.7671814046319796
development,scheduled second,100ms,pseudo,extemporaneous_speech,11,0.8499730484838659,0.8730693168751776
development,scheduled second,100ms,pseudo,mixed_numeric_bundle,3,0.7499992647030389,1.1666600893912864
development,scheduled second,100ms,pseudo,multi_dimensional_numeric,30,0.6666700819549163,0.5924896015908198
development,scheduled second,100ms,pseudo,narrative_text,8,0.9166601209770628,0.9611100923206001
development,scheduled second,100ms,pseudo,scalar_numeric,37,0.7500029028696467,0.5219640320811347
development,scheduled second,250ms,control,fomc_control,22,0.5829821074097188,0.5546047587609038
development,scheduled second,250ms,control,macro_control,17,0.7500088164746037,0.7044290535895663
development,scheduled second,250ms,event,extemporaneous_speech,13,0.6249951583598717,0.6403038093400478
development,scheduled second,250ms,event,mixed_numeric_bundle,3,0.23378697639581456,0.3168915448236101
development,scheduled second,250ms,event,multi_dimensional_numeric,35,0.4158419064861117,-0.16150216562469147
development,scheduled second,250ms,event,narrative_text,12,0.18749681710878852,-0.42282123042987946
development,scheduled second,250ms,event,scalar_numeric,35,0.39424740132399694,0.05017978034861281
development,scheduled second,250ms,pseudo,extemporaneous_speech,13,0.833337077246814,0.7231761566191758
development,scheduled second,250ms,pseudo,mixed_numeric_bundle,2,0.7249953462152868,0.7249953462152868
development,scheduled second,250ms,pseudo,multi_dimensional_numeric,33,0.7499880967805469,0.8794127173922045
development,scheduled second,250ms,pseudo,narrative_text,8,0.7916615271755489,0.6486025666626825
development,scheduled second,250ms,pseudo,scalar_numeric,35,0.7500397901457534,0.6080874857643271
development,scheduled second,500ms,control,fomc_control,24,0.5545879874801342,0.3703429945544971
development,scheduled second,500ms,control,macro_control,20,0.6874864776318939,0.659581352012865
development,scheduled second,500ms,event,extemporaneous_speech,13,0.45511672477688514,0.7500116871463332
development,scheduled second,500ms,event,mixed_numeric_bundle,3,0.36566230377190445,0.39157649653301546
development,scheduled second,500ms,event,multi_dimensional_numeric,37,0.41996773175201313,0.1283213975777915
development,scheduled second,500ms,event,narrative_text,13,0.6666293221161369,0.12193076892581359
development,scheduled second,500ms,event,scalar_numeric,37,0.3332980786827893,0.40955659725132876
development,scheduled second,500ms,pseudo,extemporaneous_speech,13,0.7499977881001101,0.8548407304878233
development,scheduled second,500ms,pseudo,mixed_numeric_bundle,3,0.9999932089419958,0.8730090291465914
development,scheduled second,500ms,pseudo,multi_dimensional_numeric,36,0.70832794590038,0.8756339653497525
development,scheduled second,500ms,pseudo,narrative_text,10,1.0,0.685550678828781
development,scheduled second,500ms,pseudo,scalar_numeric,35,0.833332311580685,0.7880192981842333
development,scheduled second,1s,control,fomc_control,25,0.5357421422127722,0.33505789659801416
development,scheduled second,1s,control,macro_control,20,0.7499742971075558,0.8664389794468411
development,scheduled second,1s,event,extemporaneous_speech,13,0.4679263481295743,0.5622342547064572
development,scheduled second,1s,event,mixed_numeric_bundle,3,0.29893288749504193,0.4293741696806688
development,scheduled second,1s,event,multi_dimensional_numeric,38,0.3749243665539179,0.11115127200105952
development,scheduled second,1s,event,narrative_text,13,0.6666559923859579,2.2313211864288687
development,scheduled second,1s,event,scalar_numeric,39,0.32865373791737074,0.9285655111031624
development,scheduled second,1s,pseudo,extemporaneous_speech,13,0.7499977881001101,0.8471203653817546
development,scheduled second,1s,pseudo,mixed_numeric_bundle,3,0.2498458132114625,0.13883379596115394
development,scheduled second,1s,pseudo,multi_dimensional_numeric,38,0.6770838140759317,0.7786641284475284
development,scheduled second,1s,pseudo,narrative_text,13,0.9999072690074509,0.5705289481586152
development,scheduled second,1s,pseudo,scalar_numeric,39,0.7499789366173402,0.5631162997508374
development,scheduled second,2s,control,fomc_control,25,0.6250063535340029,0.662315356269112
development,scheduled second,2s,control,macro_control,19,0.7142955817436665,0.6822439334981696
development,scheduled second,2s,event,extemporaneous_speech,13,0.5333054025283902,0.7535694559707166
development,scheduled second,2s,event,mixed_numeric_bundle,3,-0.10291394882608358,-0.055077170566711985
development,scheduled second,2s,event,multi_dimensional_numeric,38,0.39430835280249976,0.38360756937262136
development,scheduled second,2s,event,narrative_text,13,-0.027424436154658283,-1.6278165478624909
development,scheduled second,2s,event,scalar_numeric,39,0.03812572389099272,-0.2224250797785718
development,scheduled second,2s,pseudo,extemporaneous_speech,13,0.6428288069790217,1.1856864619134282
development,scheduled second,2s,pseudo,mixed_numeric_bundle,3,0.666657838350314,-0.2778123275249245
development,scheduled second,2s,pseudo,multi_dimensional_numeric,38,0.6708702040225939,0.5301905752488751
development,scheduled second,2s,pseudo,narrative_text,13,0.8557167529178491,0.13275680321274902
development,scheduled second,2s,pseudo,scalar_numeric,36,0.5000075478050036,0.39547695763726476
development,scheduled second,5s,control,fomc_control,25,0.7597478323888875,0.09974723424720548
development,scheduled second,5s,control,macro_control,20,0.5695979812764468,0.5611118203736639
development,scheduled second,5s,event,extemporaneous_speech,13,0.37495697260760696,0.30906749665874284
development,scheduled second,5s,event,mixed_numeric_bundle,3,-0.5016484777526922,-0.9829739493046934
development,scheduled second,5s,event,multi_dimensional_numeric,38,0.15602722226994084,-0.5630543496010558
development,scheduled second,5s,event,narrative_text,13,-0.7724702478666567,-4.748119466553972
development,scheduled second,5s,event,scalar_numeric,39,0.16891091642652897,-0.14603548639306382
development,scheduled second,5s,pseudo,extemporaneous_speech,13,0.4666475491022813,0.46009918788496645
development,scheduled second,5s,pseudo,mixed_numeric_bundle,3,0.6363559840546696,0.7120778086485028
development,scheduled second,5s,pseudo,multi_dimensional_numeric,38,0.6363293544154122,0.44664566662391303
development,scheduled second,5s,pseudo,narrative_text,13,0.8841495907907926,0.43052670698311546
development,scheduled second,5s,pseudo,scalar_numeric,37,0.3750126945830704,0.38675769898517587
oos_backward,arrival anchor,0ms,control,fomc_control,47,0.0,0.46808510638297873
oos_backward,arrival anchor,0ms,control,macro_control,55,0.0,0.2999998230832576
oos_backward,arrival anchor,0ms,event,extemporaneous_speech,25,0.0,0.32
oos_backward,arrival anchor,0ms,event,multi_dimensional_numeric,102,0.0,0.2696078431372549
oos_backward,arrival anchor,0ms,event,narrative_text,59,0.0,0.2401129943502825
oos_backward,arrival anchor,0ms,event,scalar_numeric,172,0.0,0.3081390748338292
oos_backward,arrival anchor,0ms,pseudo,extemporaneous_speech,27,1.0,0.7160493827160493
oos_backward,arrival anchor,0ms,pseudo,multi_dimensional_numeric,80,0.0,0.32708333333333334
oos_backward,arrival anchor,0ms,pseudo,narrative_text,53,0.0,0.3553453343660079
oos_backward,arrival anchor,0ms,pseudo,scalar_numeric,137,0.0,0.3673965936739659
oos_backward,arrival anchor,50ms,control,fomc_control,123,0.5000048098923984,0.5241181740714447
oos_backward,arrival anchor,50ms,control,macro_control,80,0.4999862290662916,0.41214978264807434
oos_backward,arrival anchor,50ms,event,extemporaneous_speech,53,0.41672069502190934,0.4258398776536586
oos_backward,arrival anchor,50ms,event,multi_dimensional_numeric,108,0.2581485612189435,0.23644777242346895
oos_backward,arrival anchor,50ms,event,narrative_text,71,0.1888898905680699,0.20112718992626488
oos_backward,arrival anchor,50ms,event,scalar_numeric,212,0.3533554871600868,0.37400339495071544
oos_backward,arrival anchor,50ms,pseudo,extemporaneous_speech,54,0.5227341977477705,0.5572720473440124
oos_backward,arrival anchor,50ms,pseudo,multi_dimensional_numeric,107,0.4999948175796294,0.4290037068070522
oos_backward,arrival anchor,50ms,pseudo,narrative_text,71,0.38888060591670276,0.40994955421053425
oos_backward,arrival anchor,50ms,pseudo,scalar_numeric,200,0.5,0.5091846010596847
oos_backward,arrival anchor,100ms,control,fomc_control,132,0.5000020499655562,0.49916072134878825
oos_backward,arrival anchor,100ms,control,macro_control,82,0.49999156562199776,0.4741961205720091
oos_backward,arrival anchor,100ms,event,extemporaneous_speech,55,0.4166718170652485,0.40410931343050105
oos_backward,arrival anchor,100ms,event,multi_dimensional_numeric,108,0.24307320548976985,0.2010635791499855
oos_backward,arrival anchor,100ms,event,narrative_text,71,0.21967157691168052,0.20546910666994228
oos_backward,arrival anchor,100ms,event,scalar_numeric,212,0.3195332984890942,0.32663949577457574
oos_backward,arrival anchor,100ms,pseudo,extemporaneous_speech,55,0.48863858672723304,0.45070778234776077
oos_backward,arrival anchor,100ms,pseudo,multi_dimensional_numeric,107,0.49999293077460216,0.46651403950145154
oos_backward,arrival anchor,100ms,pseudo,narrative_text,71,0.37035513284059074,0.3999011912818893
oos_backward,arrival anchor,100ms,pseudo,scalar_numeric,203,0.5,0.5132705740293012
oos_backward,arrival anchor,250ms,control,fomc_control,129,0.5000087049331579,0.5467874057225578
oos_backward,arrival anchor,250ms,control,macro_control,82,0.4999862290662916,0.48054135748145704
oos_backward,arrival anchor,250ms,event,extemporaneous_speech,55,0.4000176524446442,0.33957672769959507
oos_backward,arrival anchor,250ms,event,multi_dimensional_numeric,108,0.14568144997812046,0.12614090845096332
oos_backward,arrival anchor,250ms,event,narrative_text,71,0.16666501673139086,0.1516228805266616
oos_backward,arrival anchor,250ms,event,scalar_numeric,212,0.3304100708568252,0.3339066983386769
oos_backward,arrival anchor,250ms,pseudo,extemporaneous_speech,54,0.4665113567209555,0.4660552607913251
oos_backward,arrival anchor,250ms,pseudo,multi_dimensional_numeric,107,0.4999900279106909,0.4609646011460137
oos_backward,arrival anchor,250ms,pseudo,narrative_text,71,0.35715322817987954,0.36280767400486824
oos_backward,arrival anchor,250ms,pseudo,scalar_numeric,201,0.4999980004610931,0.5220418463560671
oos_backward,arrival anchor,500ms,control,fomc_control,129,0.5000072338020829,0.5677809024421742
oos_backward,arrival anchor,500ms,control,macro_control,81,0.49999426551279585,0.47482096363360604
oos_backward,arrival anchor,500ms,event,extemporaneous_speech,55,0.37499627768722626,0.34113181981688107
oos_backward,arrival anchor,500ms,event,multi_dimensional_numeric,108,0.16034566424892382,0.19720971570810036
oos_backward,arrival anchor,500ms,event,narrative_text,71,0.10837313997401099,-0.03655150803787266
oos_backward,arrival anchor,500ms,event,scalar_numeric,212,0.33332633090979413,0.19982228779581115
oos_backward,arrival anchor,500ms,pseudo,extemporaneous_speech,54,0.4583540871860846,0.4801316372227806
oos_backward,arrival anchor,500ms,pseudo,multi_dimensional_numeric,106,0.490709690184518,0.4257416243985071
oos_backward,arrival anchor,500ms,pseudo,narrative_text,71,0.3888797098987929,0.33063307454227003
oos_backward,arrival anchor,500ms,pseudo,scalar_numeric,200,0.5,0.5215462742256431
oos_backward,arrival anchor,1s,control,fomc_control,129,0.5000100320880971,0.5733020055826251
oos_backward,arrival anchor,1s,control,macro_control,80,0.4999897922088663,0.4906384247564059
oos_backward,arrival anchor,1s,event,extemporaneous_speech,54,0.3779894486346148,0.46163903882948126
oos_backward,arrival anchor,1s,event,multi_dimensional_numeric,108,0.21459783489345008,0.203784914984293
oos_backward,arrival anchor,1s,event,narrative_text,71,0.033152902455048296,0.26790110134409084
oos_backward,arrival anchor,1s,event,scalar_numeric,210,0.33336060757199826,0.34104600740276403
oos_backward,arrival anchor,1s,pseudo,extemporaneous_speech,55,0.4583368390596059,0.48100857937817576
oos_backward,arrival anchor,1s,pseudo,multi_dimensional_numeric,105,0.42219589032540233,0.3671719865745576
oos_backward,arrival anchor,1s,pseudo,narrative_text,71,0.46666083549069964,0.46460049521048097
oos_backward,arrival anchor,1s,pseudo,scalar_numeric,196,0.4999969399174806,0.5044295511587473
oos_backward,scheduled second,50ms,control,fomc_control,75,0.5000132037627847,0.6061764429691414
oos_backward,scheduled second,50ms,control,macro_control,21,0.666762852501793,0.6170404014521483
oos_backward,scheduled second,50ms,event,extemporaneous_speech,31,0.7499986298482881,0.739295681117286
oos_backward,scheduled second,50ms,event,multi_dimensional_numeric,38,0.416668369707311,0.1939146060270371
oos_backward,scheduled second,50ms,event,narrative_text,40,0.4715618428813469,0.528812885378755
oos_backward,scheduled second,50ms,event,scalar_numeric,65,0.5000041266807786,0.5328148122743127
oos_backward,scheduled second,50ms,pseudo,extemporaneous_speech,28,1.0,0.8846752681824714
oos_backward,scheduled second,50ms,pseudo,multi_dimensional_numeric,63,0.5000023064117496,0.5226325126276156
oos_backward,scheduled second,50ms,pseudo,narrative_text,22,0.0,0.2223925240007435
oos_backward,scheduled second,50ms,pseudo,scalar_numeric,101,0.5000024256520383,0.5512015534113376
oos_backward,scheduled second,100ms,control,fomc_control,81,0.5000064293813459,0.5636707350110427
oos_backward,scheduled second,100ms,control,macro_control,29,0.5000028073727516,0.6003252706960457
oos_backward,scheduled second,100ms,event,extemporaneous_speech,39,0.8750086543657962,0.7973974846700869
oos_backward,scheduled second,100ms,event,multi_dimensional_numeric,57,0.3333333333333333,0.25523703309263146
oos_backward,scheduled second,100ms,event,narrative_text,43,0.3000025899862429,0.3406180534656293
oos_backward,scheduled second,100ms,event,scalar_numeric,102,0.5,0.4618136796475704
oos_backward,scheduled second,100ms,pseudo,extemporaneous_speech,36,0.7499962112145793,0.7258586935767067
oos_backward,scheduled second,100ms,pseudo,multi_dimensional_numeric,67,0.49999309720376395,0.5206673946149447
oos_backward,scheduled second,100ms,pseudo,narrative_text,27,0.49999627180758943,0.12463224050800635
oos_backward,scheduled second,100ms,pseudo,scalar_numeric,106,0.5250088969758908,0.5759229615045871
oos_backward,scheduled second,250ms,control,fomc_control,88,0.5833318523280993,0.5319444717840273
oos_backward,scheduled second,250ms,control,macro_control,47,0.5000108424724844,0.5510927166869943
oos_backward,scheduled second,250ms,event,extemporaneous_speech,44,0.5520764059568907,0.5853593803046192
oos_backward,scheduled second,250ms,event,multi_dimensional_numeric,78,0.3333532339222741,0.3424464508487461
oos_backward,scheduled second,250ms,event,narrative_text,56,0.333347217658001,0.2960051863936375
oos_backward,scheduled second,250ms,event,scalar_numeric,141,0.4999952828397447,0.47895268247840517
oos_backward,scheduled second,250ms,pseudo,extemporaneous_speech,43,0.7333208170843597,0.7000310323015685
oos_backward,scheduled second,250ms,pseudo,multi_dimensional_numeric,73,0.5000594336120237,0.5392319888094583
oos_backward,scheduled second,250ms,pseudo,narrative_text,40,0.49999905876761336,0.26495476526247896
oos_backward,scheduled second,250ms,pseudo,scalar_numeric,118,0.5083492692377128,0.6305206458776044
oos_backward,scheduled second,500ms,control,fomc_control,104,0.5000185375163962,0.7502203569787596
oos_backward,scheduled second,500ms,control,macro_control,61,0.5643540287092104,0.6106805197308816
oos_backward,scheduled second,500ms,event,extemporaneous_speech,46,0.4815529730318793,0.28408869849019763
oos_backward,scheduled second,500ms,event,multi_dimensional_numeric,93,0.42856850148044606,0.5546725582306258
oos_backward,scheduled second,500ms,event,narrative_text,61,0.2500238918439621,0.4954225069093288
oos_backward,scheduled second,500ms,event,scalar_numeric,152,0.4999846784440947,0.42416068002579665
oos_backward,scheduled second,500ms,pseudo,extemporaneous_speech,46,0.6666635858470459,0.6611317059311511
oos_backward,scheduled second,500ms,pseudo,multi_dimensional_numeric,80,0.6666781481288067,0.5170600350426625
oos_backward,scheduled second,500ms,pseudo,narrative_text,45,0.20000432773846807,0.21769028018972203
oos_backward,scheduled second,500ms,pseudo,scalar_numeric,122,0.5000169673399488,0.4327602916535181
oos_backward,scheduled second,1s,control,fomc_control,109,0.6249914259464505,0.6311167798045085
oos_backward,scheduled second,1s,control,macro_control,70,0.4999954184269941,0.40525195533362396
oos_backward,scheduled second,1s,event,extemporaneous_speech,52,0.49998781820217464,0.5326000465885001
oos_backward,scheduled second,1s,event,multi_dimensional_numeric,103,0.2500076975177578,0.24815845341446074
oos_backward,scheduled second,1s,event,narrative_text,66,0.5000007002308403,0.8436634977902019
oos_backward,scheduled second,1s,event,scalar_numeric,181,0.49136514799836234,0.5637409259235275
oos_backward,scheduled second,1s,pseudo,extemporaneous_speech,51,0.5999712810009362,0.5926088740196196
oos_backward,scheduled second,1s,pseudo,multi_dimensional_numeric,84,0.5000042252865706,0.572452005166283
oos_backward,scheduled second,1s,pseudo,narrative_text,55,0.2999569896969065,0.23550712406464094
oos_backward,scheduled second,1s,pseudo,scalar_numeric,129,0.5000110025476805,0.44322894469256113
oos_backward,scheduled second,2s,control,fomc_control,115,0.6666478288062467,0.7334994661767663
oos_backward,scheduled second,2s,control,macro_control,71,0.3999984969790313,0.40833054930533585
oos_backward,scheduled second,2s,event,extemporaneous_speech,52,0.5208231446398726,0.5254633556472742
oos_backward,scheduled second,2s,event,multi_dimensional_numeric,106,0.22463364388339546,0.3265650409519306
oos_backward,scheduled second,2s,event,narrative_text,69,0.4120602059381673,0.285843887826472
oos_backward,scheduled second,2s,event,scalar_numeric,206,0.2718845288678646,0.25665822111213765
oos_backward,scheduled second,2s,pseudo,extemporaneous_speech,52,0.6666923280894634,0.9350397654902197
oos_backward,scheduled second,2s,pseudo,multi_dimensional_numeric,93,0.4999961416627893,0.3826030085015794
oos_backward,scheduled second,2s,pseudo,narrative_text,59,0.4327273489197644,0.38927409050295
oos_backward,scheduled second,2s,pseudo,scalar_numeric,148,0.500030638885538,0.5019172153522928
oos_backward,scheduled second,5s,control,fomc_control,125,0.5688272941414622,0.44785840042453695
oos_backward,scheduled second,5s,control,macro_control,74,0.3819369792454405,0.38254202646782237
oos_backward,scheduled second,5s,event,extemporaneous_speech,54,0.5064509602954027,0.36228172610744885
oos_backward,scheduled second,5s,event,multi_dimensional_numeric,108,0.037869327752682674,0.17286057566539745
oos_backward,scheduled second,5s,event,narrative_text,70,0.04946985088452856,0.07744507270710006
oos_backward,scheduled second,5s,event,scalar_numeric,211,0.2715500488568792,0.18890954876733657
oos_backward,scheduled second,5s,pseudo,extemporaneous_speech,52,0.4999882526076326,0.4837275012021037
oos_backward,scheduled second,5s,pseudo,multi_dimensional_numeric,99,0.2500040285587183,0.38007023156433106
oos_backward,scheduled second,5s,pseudo,narrative_text,68,0.4999950023796489,0.4647886792569201
oos_backward,scheduled second,5s,pseudo,scalar_numeric,170,0.4999866692297719,0.48164496978198584
oos_forward,arrival anchor,0ms,control,fomc_control,9,0.5,0.5
oos_forward,arrival anchor,0ms,control,macro_control,8,0.5,0.5
oos_forward,arrival anchor,0ms,event,extemporaneous_speech,3,0.0,0.3333333333333333
oos_forward,arrival anchor,0ms,event,multi_dimensional_numeric,10,0.41666666666666663,0.4833333333333333
oos_forward,arrival anchor,0ms,event,narrative_text,7,0.6666666666666666,0.5238095238095238
oos_forward,arrival anchor,0ms,event,scalar_numeric,19,0.0,0.34210526315789475
oos_forward,arrival anchor,0ms,pseudo,extemporaneous_speech,4,1.0,1.0
oos_forward,arrival anchor,0ms,pseudo,multi_dimensional_numeric,9,1.0,0.6111111111111112
oos_forward,arrival anchor,0ms,pseudo,narrative_text,5,0.0,0.3
oos_forward,arrival anchor,0ms,pseudo,scalar_numeric,18,1.0,0.75
oos_forward,arrival anchor,50ms,control,fomc_control,14,0.6666659168325832,0.624389546179117
oos_forward,arrival anchor,50ms,control,macro_control,10,0.4202548662183159,0.4454067412954964
oos_forward,arrival anchor,50ms,event,extemporaneous_speech,8,0.6958285170162353,0.699398215919699
oos_forward,arrival anchor,50ms,event,multi_dimensional_numeric,11,0.375987252936184,0.6840987809722259
oos_forward,arrival anchor,50ms,event,narrative_text,8,0.5654661515931472,0.6451212800059789
oos_forward,arrival anchor,50ms,event,scalar_numeric,21,0.3090783718156202,0.20012678165229128
oos_forward,arrival anchor,50ms,pseudo,extemporaneous_speech,8,0.6339305527409804,0.5276594722331751
oos_forward,arrival anchor,50ms,pseudo,multi_dimensional_numeric,11,0.49998992941413617,0.5867149223501257
oos_forward,arrival anchor,50ms,pseudo,narrative_text,8,0.3523265862568289,0.3553150296013433
oos_forward,arrival anchor,50ms,pseudo,scalar_numeric,21,0.613638278992912,0.5770078154802286
oos_forward,arrival anchor,100ms,control,fomc_control,14,0.6323557422570916,0.5532208993100911
oos_forward,arrival anchor,100ms,control,macro_control,10,0.5984097286084784,0.4760334676988419
oos_forward,arrival anchor,100ms,event,extemporaneous_speech,8,0.6807333152988732,0.6475597537068627
oos_forward,arrival anchor,100ms,event,multi_dimensional_numeric,11,0.16429891696062335,0.24182997251069596
oos_forward,arrival anchor,100ms,event,narrative_text,8,0.34689235809413443,0.34457691317849753
oos_forward,arrival anchor,100ms,event,scalar_numeric,21,0.1605941371121156,0.21791437511949374
oos_forward,arrival anchor,100ms,pseudo,extemporaneous_speech,8,0.4842516992264394,0.45666920259528765
oos_forward,arrival anchor,100ms,pseudo,multi_dimensional_numeric,11,0.5380470383908733,0.5356991536812515
oos_forward,arrival anchor,100ms,pseudo,narrative_text,8,0.4448930158297456,0.44813068493783537
oos_forward,arrival anchor,100ms,pseudo,scalar_numeric,21,0.600002112900218,0.5839909665923018
oos_forward,arrival anchor,250ms,control,fomc_control,14,0.6800666265546333,0.6762613749516377
oos_forward,arrival anchor,250ms,control,macro_control,10,0.6067379462686364,0.501809320973311
oos_forward,arrival anchor,250ms,event,extemporaneous_speech,8,0.7629103313567356,0.7425849848907757
oos_forward,arrival anchor,250ms,event,multi_dimensional_numeric,11,0.03496924598718596,0.16936968159368188
oos_forward,arrival anchor,250ms,event,narrative_text,8,0.23453629600302467,0.36085310485361977
oos_forward,arrival anchor,250ms,event,scalar_numeric,21,0.27613695493193724,0.3395594395294837
oos_forward,arrival anchor,250ms,pseudo,extemporaneous_speech,8,0.3357881399330187,0.3505736294387779
oos_forward,arrival anchor,250ms,pseudo,multi_dimensional_numeric,11,0.4318251589703453,0.4076768612130888
oos_forward,arrival anchor,250ms,pseudo,narrative_text,8,0.4958396237962714,0.510278067243991
oos_forward,arrival anchor,250ms,pseudo,scalar_numeric,21,0.5714303985048528,0.5406153654873788
oos_forward,arrival anchor,500ms,control,fomc_control,14,0.730007392869729,0.7146951917390096
oos_forward,arrival anchor,500ms,control,macro_control,10,0.5018424119617824,0.43042939580554107
oos_forward,arrival anchor,500ms,event,extemporaneous_speech,8,0.7722119874399105,0.9023051665450399
oos_forward,arrival anchor,500ms,event,multi_dimensional_numeric,11,0.061364969658639225,0.16060486870900495
oos_forward,arrival anchor,500ms,event,narrative_text,8,0.27214151438562845,0.3647786729495428
oos_forward,arrival anchor,500ms,event,scalar_numeric,21,0.2546557838355165,0.5720937698382849
oos_forward,arrival anchor,500ms,pseudo,extemporaneous_speech,8,0.44886592078642396,0.43705669303279476
oos_forward,arrival anchor,500ms,pseudo,multi_dimensional_numeric,11,0.594127169603831,0.4321237612394855
oos_forward,arrival anchor,500ms,pseudo,narrative_text,8,0.42485840571546013,0.4723848194568837
oos_forward,arrival anchor,500ms,pseudo,scalar_numeric,21,0.5641056248607356,0.5898102546424498
oos_forward,arrival anchor,1s,control,fomc_control,14,0.5145146850845985,0.4536591921551016
oos_forward,arrival anchor,1s,control,macro_control,10,0.3333285668182302,0.32219224600170954
oos_forward,arrival anchor,1s,event,extemporaneous_speech,8,0.755431513512496,0.7675961417073213
oos_forward,arrival anchor,1s,event,multi_dimensional_numeric,11,-0.11555086316485792,0.17038966884560014
oos_forward,arrival anchor,1s,event,narrative_text,8,0.4385809783436892,0.06705700451565413
oos_forward,arrival anchor,1s,event,scalar_numeric,21,0.2153173325417571,0.10956824990404163
oos_forward,arrival anchor,1s,pseudo,extemporaneous_speech,8,0.48285170203672584,0.4709335298112191
oos_forward,arrival anchor,1s,pseudo,multi_dimensional_numeric,11,0.5680793462354001,0.33618254986835644
oos_forward,arrival anchor,1s,pseudo,narrative_text,8,0.37301861800184727,0.27978435375932453
oos_forward,arrival anchor,1s,pseudo,scalar_numeric,21,0.607693483803546,0.6352957267657798
oos_forward,scheduled second,50ms,control,fomc_control,13,0.6250071398959671,0.6912572344480389
oos_forward,scheduled second,50ms,control,macro_control,6,0.7812479861102759,0.7743033871813619
oos_forward,scheduled second,50ms,event,extemporaneous_speech,8,0.6249975771250653,0.08680446659108249
oos_forward,scheduled second,50ms,event,multi_dimensional_numeric,4,0.6249902389737624,0.8124951194868811
oos_forward,scheduled second,50ms,event,narrative_text,7,0.4999952385962356,-0.11527441598687048
oos_forward,scheduled second,50ms,event,scalar_numeric,16,0.8749989452271372,0.7638330792151984
oos_forward,scheduled second,50ms,pseudo,extemporaneous_speech,7,0.7499930263942449,0.9920566155448862
oos_forward,scheduled second,50ms,pseudo,multi_dimensional_numeric,9,0.8750037653205188,0.42315126063851105
oos_forward,scheduled second,50ms,pseudo,narrative_text,8,0.9499977467881506,0.9458366139098048
oos_forward,scheduled second,50ms,pseudo,scalar_numeric,19,1.0,0.8916682385451099
oos_forward,scheduled second,100ms,control,fomc_control,14,0.9799120512918489,1.0145627473928074
oos_forward,scheduled second,100ms,control,macro_control,8,0.7499966449432233,0.755131352573125
oos_forward,scheduled second,100ms,event,extemporaneous_speech,7,0.7499914578126244,0.5652671290875284
oos_forward,scheduled second,100ms,event,multi_dimensional_numeric,7,1.0,1.1190207559297138
oos_forward,scheduled second,100ms,event,narrative_text,7,0.19565168346539855,0.16828833009126862
oos_forward,scheduled second,100ms,event,scalar_numeric,18,0.7083255765200991,0.6768062359643608
oos_forward,scheduled second,100ms,pseudo,extemporaneous_speech,6,0.5937394368685345,0.677085675169919
oos_forward,scheduled second,100ms,pseudo,multi_dimensional_numeric,11,0.750005979504142,0.4179491905426163
oos_forward,scheduled second,100ms,pseudo,narrative_text,8,0.7916675682795774,0.872923479751556
oos_forward,scheduled second,100ms,pseudo,scalar_numeric,19,1.0,0.8556049917817447
oos_forward,scheduled second,250ms,control,fomc_control,11,0.6875088122477033,0.6591607356630758
oos_forward,scheduled second,250ms,control,macro_control,9,0.6874966299780065,0.5372786396163158
oos_forward,scheduled second,250ms,event,extemporaneous_speech,8,0.686873569874485,0.546982107794674
oos_forward,scheduled second,250ms,event,multi_dimensional_numeric,9,0.0,0.17427204831226395
oos_forward,scheduled second,250ms,event,narrative_text,7,0.2352971751910124,0.17632233162199393
oos_forward,scheduled second,250ms,event,scalar_numeric,20,0.1874748209611935,0.0835722092867318
oos_forward,scheduled second,250ms,pseudo,extemporaneous_speech,7,0.25001658063593457,0.41631787140861454
oos_forward,scheduled second,250ms,pseudo,multi_dimensional_numeric,11,0.7500057938756319,0.3828701741161428
oos_forward,scheduled second,250ms,pseudo,narrative_text,8,0.7687510240846054,0.6687564976175409
oos_forward,scheduled second,250ms,pseudo,scalar_numeric,19,0.8333414499177847,0.48258663683963476
oos_forward,scheduled second,500ms,control,fomc_control,14,1.0000022868275198,1.1012274169174987
oos_forward,scheduled second,500ms,control,macro_control,9,0.5909011365693558,0.43050989733063894
oos_forward,scheduled second,500ms,event,extemporaneous_speech,8,0.5471003821068183,0.741927676344215
oos_forward,scheduled second,500ms,event,multi_dimensional_numeric,9,0.629702327463924,1.0557947270158325
oos_forward,scheduled second,500ms,event,narrative_text,7,0.034349508277032106,-0.9921147783108325
oos_forward,scheduled second,500ms,event,scalar_numeric,21,0.22839322237429002,0.031346661698816544
oos_forward,scheduled second,500ms,pseudo,extemporaneous_speech,7,0.5357165168574839,0.2735984592381251
oos_forward,scheduled second,500ms,pseudo,multi_dimensional_numeric,11,0.750010334674613,0.690470138700011
oos_forward,scheduled second,500ms,pseudo,narrative_text,8,0.46666596976269026,0.483416379513541
oos_forward,scheduled second,500ms,pseudo,scalar_numeric,19,0.5833354436987234,0.6979913351528811
oos_forward,scheduled second,1s,control,fomc_control,14,0.7146389376017996,0.6018893594331368
oos_forward,scheduled second,1s,control,macro_control,10,0.6515035232633353,0.29927434820122717
oos_forward,scheduled second,1s,event,extemporaneous_speech,8,0.6964232193847621,0.6141870559449508
oos_forward,scheduled second,1s,event,multi_dimensional_numeric,10,0.13646129868607915,-0.3525953054330426
oos_forward,scheduled second,1s,event,narrative_text,8,0.4432744087950132,-0.3523187632391045
oos_forward,scheduled second,1s,event,scalar_numeric,21,0.6072582967302615,-2.690359883782994
oos_forward,scheduled second,1s,pseudo,extemporaneous_speech,8,0.7026538970271299,0.24378218468345797
oos_forward,scheduled second,1s,pseudo,multi_dimensional_numeric,11,0.7500054844947819,0.8711205554163759
oos_forward,scheduled second,1s,pseudo,narrative_text,8,0.7499599728235717,0.6622235338390788
oos_forward,scheduled second,1s,pseudo,scalar_numeric,20,0.8298229035358518,0.9222792045758347
oos_forward,scheduled second,2s,control,fomc_control,14,0.8990488768977358,0.889537284740259
oos_forward,scheduled second,2s,control,macro_control,10,0.6194312952014726,0.701783042916311
oos_forward,scheduled second,2s,event,extemporaneous_speech,8,0.21867452733158715,0.050303778465127985
oos_forward,scheduled second,2s,event,multi_dimensional_numeric,11,0.21372136279552656,0.988205044974669
oos_forward,scheduled second,2s,event,narrative_text,8,0.3255176724042663,0.7936576306913761
oos_forward,scheduled second,2s,event,scalar_numeric,21,0.4385924712871714,0.4417971119295139
oos_forward,scheduled second,2s,pseudo,extemporaneous_speech,8,0.5499806920585546,0.5757725509999357
oos_forward,scheduled second,2s,pseudo,multi_dimensional_numeric,11,0.7500260706380116,0.7627870961213918
oos_forward,scheduled second,2s,pseudo,narrative_text,8,0.6090790677213394,0.241254791300763
oos_forward,scheduled second,2s,pseudo,scalar_numeric,21,0.4999987551419247,-0.03356302842782692
oos_forward,scheduled second,5s,control,fomc_control,13,0.600174791397302,0.3503998192992048
oos_forward,scheduled second,5s,control,macro_control,10,0.5490649925200989,0.568292037114473
oos_forward,scheduled second,5s,event,extemporaneous_speech,8,0.5378490531132301,0.8294056527314202
oos_forward,scheduled second,5s,event,multi_dimensional_numeric,11,0.22470030820528009,0.48026354753223105
oos_forward,scheduled second,5s,event,narrative_text,8,-0.09246781725631828,-1.7128374162497828
oos_forward,scheduled second,5s,event,scalar_numeric,21,0.5459109972761619,-0.07164135510616132
oos_forward,scheduled second,5s,pseudo,extemporaneous_speech,8,0.7364922381836273,1.419332710460057
oos_forward,scheduled second,5s,pseudo,multi_dimensional_numeric,11,0.6666385093794045,0.7903604652652977
oos_forward,scheduled second,5s,pseudo,narrative_text,8,0.5997491813278599,0.4880655845460087
oos_forward,scheduled second,5s,pseudo,scalar_numeric,21,0.8124636989527894,0.5169626940567967
oos_all,arrival anchor,0ms,control,fomc_control,56,0.5,0.4732142857142857
oos_all,arrival anchor,0ms,control,macro_control,63,0.0,0.32539667094570107
oos_all,arrival anchor,0ms,event,extemporaneous_speech,28,0.0,0.32142857142857145
oos_all,arrival anchor,0ms,event,multi_dimensional_numeric,112,0.0,0.28869047619047616
oos_all,arrival anchor,0ms,event,narrative_text,66,0.0,0.2702020202020202
oos_all,arrival anchor,0ms,event,scalar_numeric,191,0.0,0.31151791032156345
oos_all,arrival anchor,0ms,pseudo,extemporaneous_speech,31,1.0,0.7526881720430108
oos_all,arrival anchor,0ms,pseudo,multi_dimensional_numeric,89,0.0,0.3558052434456929
oos_all,arrival anchor,0ms,pseudo,narrative_text,58,0.0,0.3505741848516969
oos_all,arrival anchor,0ms,pseudo,scalar_numeric,155,0.0,0.4118279569892473
oos_all,arrival anchor,50ms,control,fomc_control,137,0.5000064806931576,0.534364883629893
oos_all,arrival anchor,50ms,control,macro_control,90,0.4924124913804446,0.4158450002755656
oos_all,arrival anchor,50ms,event,extemporaneous_speech,61,0.44726807112647093,0.46171638103281143
oos_all,arrival anchor,50ms,event,multi_dimensional_numeric,119,0.26353811355333073,0.27782727741537083
oos_all,arrival anchor,50ms,event,narrative_text,79,0.22723937041767983,0.24608861676978025
oos_all,arrival anchor,50ms,event,scalar_numeric,233,0.3391041450042456,0.35833211220708056
oos_all,arrival anchor,50ms,pseudo,extemporaneous_speech,62,0.5566736257568522,0.553451069910356
oos_all,arrival anchor,50ms,pseudo,multi_dimensional_numeric,118,0.4999939758613852,0.4437055997814065
oos_all,arrival anchor,50ms,pseudo,narrative_text,79,0.38888060591670276,0.4044169441235276
oos_all,arrival anchor,50ms,pseudo,scalar_numeric,221,0.5,0.5156293408915011
oos_all,arrival anchor,100ms,control,fomc_control,146,0.5000042854555573,0.5043445740300091
oos_all,arrival anchor,100ms,control,macro_control,92,0.49999484547969675,0.47439583221623005
oos_all,arrival anchor,100ms,event,extemporaneous_speech,63,0.4583438639353741,0.4350236550528961
oos_all,arrival anchor,100ms,event,multi_dimensional_numeric,119,0.2372622897814515,0.20483190122534528
oos_all,arrival anchor,100ms,event,narrative_text,79,0.22818990047167667,0.21955597315182132
oos_all,arrival anchor,100ms,event,scalar_numeric,233,0.29624463210540536,0.31684023597304484
oos_all,arrival anchor,100ms,pseudo,extemporaneous_speech,63,0.48863858672723304,0.45146478809347845
oos_all,arrival anchor,100ms,pseudo,multi_dimensional_numeric,118,0.49999387417711577,0.4729634992978736
oos_all,arrival anchor,100ms,pseudo,narrative_text,79,0.37035513284059074,0.4047851906394535
oos_all,arrival anchor,100ms,pseudo,scalar_numeric,224,0.5,0.5199006108320825
oos_all,arrival anchor,250ms,control,fomc_control,143,0.5043189211525743,0.5594631789337964
oos_all,arrival anchor,250ms,control,macro_control,92,0.49999156562199776,0.48285309264361526
oos_all,arrival anchor,250ms,event,extemporaneous_speech,63,0.43591100245450515,0.3907523794064116
oos_all,arrival anchor,250ms,event,multi_dimensional_numeric,119,0.1381815572803712,0.1301368454641558
oos_all,arrival anchor,250ms,event,narrative_text,79,0.19296491795726464,0.1728107513445814
oos_all,arrival anchor,250ms,event,scalar_numeric,233,0.31880286331288626,0.3344161728666038
oos_all,arrival anchor,250ms,pseudo,extemporaneous_speech,62,0.4595588516743403,0.45115440513293187
oos_all,arrival anchor,250ms,pseudo,multi_dimensional_numeric,118,0.4999838773507289,0.4559970999658257
oos_all,arrival anchor,250ms,pseudo,narrative_text,79,0.3618836080150764,0.3777413847126275
oos_all,arrival anchor,250ms,pseudo,scalar_numeric,222,0.5,0.5237988008684884
oos_all,arrival anchor,500ms,control,fomc_control,143,0.5000100320880971,0.5821641195761302
oos_all,arrival anchor,500ms,control,macro_control,91,0.49999426551279585,0.46994276936678553
oos_all,arrival anchor,500ms,event,extemporaneous_speech,63,0.41665731899798136,0.4123919273379171
oos_all,arrival anchor,500ms,event,multi_dimensional_numeric,119,0.1453566174791427,0.19382607438885627
oos_all,arrival anchor,500ms,event,narrative_text,79,0.11660654476268245,0.004089522948194719
oos_all,arrival anchor,500ms,event,scalar_numeric,233,0.33332215968292184,0.23337465313011133
oos_all,arrival anchor,500ms,pseudo,extemporaneous_speech,62,0.4583540871860846,0.47457357990794385
oos_all,arrival anchor,500ms,pseudo,multi_dimensional_numeric,117,0.49995425957917916,0.4263416543579153
oos_all,arrival anchor,500ms,pseudo,narrative_text,79,0.3888797098987929,0.3449876816222309
oos_all,arrival anchor,500ms,pseudo,scalar_numeric,221,0.5000030000232668,0.5280328967991859
oos_all,arrival anchor,1s,control,fomc_control,143,0.5000180600893992,0.5615887231491612
oos_all,arrival anchor,1s,control,macro_control,90,0.4890309331154976,0.47192218267255076
oos_all,arrival anchor,1s,event,extemporaneous_speech,62,0.48956836661076375,0.5011173746846863
oos_all,arrival anchor,1s,event,multi_dimensional_numeric,119,0.2046703847641348,0.20069795945886756
oos_all,arrival anchor,1s,event,narrative_text,79,0.14102093139742414,0.24756245862728712
oos_all,arrival anchor,1s,event,scalar_numeric,231,0.3333215752657688,0.32000257490288014
oos_all,arrival anchor,1s,pseudo,extemporaneous_speech,63,0.4583368390596059,0.47972920800459395
oos_all,arrival anchor,1s,pseudo,multi_dimensional_numeric,116,0.42862817460743985,0.3642333330937972
oos_all,arrival anchor,1s,pseudo,narrative_text,79,0.4666110111237278,0.44588493658251577
oos_all,arrival anchor,1s,pseudo,scalar_numeric,217,0.5,0.5170940197658795
oos_all,scheduled second,50ms,control,fomc_control,88,0.5474982117847244,0.6187451962557966
oos_all,scheduled second,50ms,control,macro_control,27,0.75000227235216,0.6519877316141958
oos_all,scheduled second,50ms,event,extemporaneous_speech,39,0.666652156047366,0.6054513294196033
oos_all,scheduled second,50ms,event,multi_dimensional_numeric,42,0.49999024675303716,0.25282703588035554
oos_all,scheduled second,50ms,event,narrative_text,47,0.4999846907506621,0.43288498943068315
oos_all,scheduled second,50ms,event,scalar_numeric,81,0.6250045537958901,0.5784480501885617
oos_all,scheduled second,50ms,pseudo,extemporaneous_speech,35,1.0,0.9061515376549545
oos_all,scheduled second,50ms,pseudo,multi_dimensional_numeric,72,0.5000165896063964,0.5101973561289773
oos_all,scheduled second,50ms,pseudo,narrative_text,30,0.5833375656997944,0.4153109479764931
oos_all,scheduled second,50ms,pseudo,scalar_numeric,120,0.6375048325966941,0.6051087785575182
oos_all,scheduled second,100ms,control,fomc_control,95,0.5000235130890919,0.630117978940987
oos_all,scheduled second,100ms,control,macro_control,37,0.6666682532160262,0.6337968559667655
oos_all,scheduled second,100ms,event,extemporaneous_speech,46,0.7730428571400549,0.7620733001249151
oos_all,scheduled second,100ms,event,multi_dimensional_numeric,64,0.3690507764770219,0.3497133777779374
oos_all,scheduled second,100ms,event,narrative_text,50,0.24782713672582074,0.31649189219321877
oos_all,scheduled second,100ms,event,scalar_numeric,120,0.5000024057892678,0.49406256309508895
oos_all,scheduled second,100ms,pseudo,extemporaneous_speech,42,0.7187402135096572,0.718891119518594
oos_all,scheduled second,100ms,pseudo,multi_dimensional_numeric,78,0.5000029288734638,0.5061814940406419
oos_all,scheduled second,100ms,pseudo,narrative_text,35,0.6000070010445409,0.29567023804938913
oos_all,scheduled second,100ms,pseudo,scalar_numeric,125,0.6666666666870396,0.6184346301067151
oos_all,scheduled second,250ms,control,fomc_control,99,0.5833325583517591,0.5460796122150327
oos_all,scheduled second,250ms,control,macro_control,56,0.5000155000914499,0.5488725971577783
oos_all,scheduled second,250ms,event,extemporaneous_speech,52,0.5590236975344302,0.5794551845338585
oos_all,scheduled second,250ms,event,multi_dimensional_numeric,87,0.285727931307091,0.3250490988622135
oos_all,scheduled second,250ms,event,narrative_text,63,0.3333140329749929,0.28270709141901035
oos_all,scheduled second,250ms,event,scalar_numeric,161,0.49999526432947833,0.42983709574652035
oos_all,scheduled second,250ms,pseudo,extemporaneous_speech,50,0.7003886690065857,0.660311189776555
oos_all,scheduled second,250ms,pseudo,multi_dimensional_numeric,84,0.5416955874527102,0.5187560368853337
oos_all,scheduled second,250ms,pseudo,narrative_text,48,0.5,0.3322550539883226
oos_all,scheduled second,250ms,pseudo,scalar_numeric,137,0.5833299411921005,0.6100042504635792
oos_all,scheduled second,500ms,control,fomc_control,118,0.5833425347325354,0.79186526239522
oos_all,scheduled second,500ms,control,macro_control,70,0.5718622970256021,0.587515725422279
oos_all,scheduled second,500ms,event,extemporaneous_speech,54,0.49999143172787514,0.3519166952093113
oos_all,scheduled second,500ms,event,multi_dimensional_numeric,102,0.4999989968103914,0.5988892201822617
oos_all,scheduled second,500ms,event,narrative_text,68,0.24167861231401966,0.3422936687249004
oos_all,scheduled second,500ms,event,scalar_numeric,173,0.47526571288242175,0.3764780535236777
oos_all,scheduled second,500ms,pseudo,extemporaneous_speech,53,0.6666631207810735,0.6099480695754685
oos_all,scheduled second,500ms,pseudo,multi_dimensional_numeric,91,0.6667031713075273,0.5380216959243199
oos_all,scheduled second,500ms,pseudo,narrative_text,53,0.24998941229566815,0.25779988008765686
oos_all,scheduled second,500ms,pseudo,scalar_numeric,141,0.5833116394684393,0.4685006450328649
oos_all,scheduled second,1s,control,fomc_control,123,0.638854000738448,0.6277900815508562
oos_all,scheduled second,1s,control,macro_control,80,0.4999954307373242,0.3920047544420744
oos_all,scheduled second,1s,event,extemporaneous_speech,60,0.49999800914398773,0.5434783145026937
oos_all,scheduled second,1s,event,multi_dimensional_numeric,113,0.2499929354093381,0.19499440395892945
oos_all,scheduled second,1s,event,narrative_text,74,0.49998319357733434,0.714368118219466
oos_all,scheduled second,1s,event,scalar_numeric,202,0.4947153489391266,0.2254433169936417
oos_all,scheduled second,1s,pseudo,extemporaneous_speech,59,0.6089069582035651,0.5453103398723435
oos_all,scheduled second,1s,pseudo,multi_dimensional_numeric,95,0.5555421930823977,0.6070346794057675
oos_all,scheduled second,1s,pseudo,narrative_text,63,0.33334271062034676,0.2896933348296489
oos_all,scheduled second,1s,pseudo,scalar_numeric,149,0.5499792635154126,0.5075309929990408
oos_all,scheduled second,2s,control,fomc_control,129,0.6666946331977885,0.7504338030751297
oos_all,scheduled second,2s,control,macro_control,81,0.4374971742204668,0.4445592522202711
oos_all,scheduled second,2s,event,extemporaneous_speech,60,0.5000034216206976,0.4621087453563214
oos_all,scheduled second,2s,event,multi_dimensional_numeric,117,0.22226588727826288,0.38877051141560687
oos_all,scheduled second,2s,event,narrative_text,77,0.4090355689013327,0.3386037572150335
oos_all,scheduled second,2s,event,scalar_numeric,227,0.30557178899788656,0.27378560748731345
oos_all,scheduled second,2s,pseudo,extemporaneous_speech,60,0.6178540223461508,0.8871374702248485
oos_all,scheduled second,2s,pseudo,multi_dimensional_numeric,104,0.5000524531457164,0.4228147869998287
oos_all,scheduled second,2s,pseudo,narrative_text,67,0.49998353033207943,0.3716001443295545
oos_all,scheduled second,2s,pseudo,scalar_numeric,169,0.5000175611138951,0.435378250148846
oos_all,scheduled second,5s,control,fomc_control,138,0.5759952603678012,0.4386775195938898
oos_all,scheduled second,5s,control,macro_control,84,0.41042806440600466,0.40465512297337597
oos_all,scheduled second,5s,event,extemporaneous_speech,62,0.5180460086152159,0.4225557811557033
oos_all,scheduled second,5s,event,multi_dimensional_numeric,119,0.05883962133352997,0.2012759764261972
oos_all,scheduled second,5s,event,narrative_text,78,0.0325470960431013,-0.10617364410899047
oos_all,scheduled second,5s,event,scalar_numeric,232,0.2747812933111358,0.16532519970982165
oos_all,scheduled second,5s,pseudo,extemporaneous_speech,60,0.5063635847043495,0.6084748624364976
oos_all,scheduled second,5s,pseudo,multi_dimensional_numeric,110,0.3041663236939628,0.4210992549344277
oos_all,scheduled second,5s,pseudo,narrative_text,76,0.5000010283451236,0.46723887981366624
oos_all,scheduled second,5s,pseudo,scalar_numeric,191,0.4999937301621953,0.48552807035670337
