sample,role,group,instrument,rows,primary_defined,primary_median,primary_mean,primary_q25,primary_q75,primary_share_above_070,primary_share_below_040,directional_mean,secondary_defined,secondary_median,legacy_first_quote_fraction_median,legacy_last_pretrade_fraction_median
development,control,fomc_control,ES.v.0,25,25,0.5000054309050165,0.4386622775846369,0.3333578385994299,0.5000140201898821,0.16,0.28,0.4186635656325195,17,0.30053721578482945,0.0,0.0
development,control,fomc_control,NQ.v.0,25,25,0.6470538761921603,0.5846446936081263,0.5000070620946404,0.7894669328809533,0.28,0.16,0.6026449957852971,19,1.0000577203036662,0.0,0.027439051208474816
development,control,fomc_control,ZN.v.0,25,7,0.4999822241156069,0.2857143091829482,1.7193945276028862e-05,0.4999827102831118,0.0,0.42857142857142855,0.2857143091829482,17,0.0,0.0,0.0
development,control,macro_control,ES.v.0,20,20,0.5000054706161583,0.574994576414493,0.49999484834489405,0.66665288067042,0.15,0.05,0.574994576414493,18,0.39436334877523277,0.0,0.0
development,control,macro_control,NQ.v.0,20,20,0.6666651858370967,0.670133010593116,0.5416653472966743,0.7727230115206805,0.4,0.1,0.637852333903538,19,0.7647101207686363,0.0,0.01283310320171695
development,control,macro_control,ZN.v.0,20,10,0.49994696366952196,0.29999649987235,0.0,0.5000176002370882,0.0,0.4,0.29999649987235,11,0.4999292060407709,0.0,0.0
development,event,extemporaneous_speech,ES.v.0,13,13,0.49999383948363196,0.4410261631314401,0.37500136968134284,0.5000051614522599,0.07692307692307693,0.38461538461538464,0.4410261631314401,12,0.5062347063638711,0.0,0.0
development,event,extemporaneous_speech,NQ.v.0,13,13,0.7499991977056565,0.6449916555053167,0.607141843384667,0.869567933815394,0.6153846153846154,0.15384615384615385,0.6459324676555168,13,0.8890295171721672,0.0,0.006356669914807428
development,event,extemporaneous_speech,ZN.v.0,13,9,0.4999823993262501,0.3888711674276346,0.0,0.5000172034131868,0.1111111111111111,0.4444444444444444,0.25462515649105705,11,7.141071921971298e-05,0.0,0.0
development,event,mixed_numeric_bundle,ES.v.0,3,3,0.024975297497485123,0.14049810576465285,-0.09399876780309055,0.31723357519881246,0.0,0.6666666666666666,0.1617038822609583,3,0.34667827720937494,0.0,0.0051137685480555015
development,event,mixed_numeric_bundle,NQ.v.0,3,3,0.5238759722905786,0.5214753707842058,0.43644786095680216,0.607703181364796,0.0,0.3333333333333333,0.5214753707842058,3,0.3177303503285107,0.004438408642786662,0.0
development,event,mixed_numeric_bundle,ZN.v.0,3,3,0.02003074463967818,0.06315214126491478,-0.10532822383885551,0.2100718080560668,0.0,0.6666666666666666,0.08742909646490156,3,-0.06267447497160117,0.0,0.0
development,event,multi_dimensional_numeric,ES.v.0,38,38,0.09044293590441152,0.44820095826989753,-0.2700051819198133,0.3918235525634781,0.15789473684210525,0.7631578947368421,0.16589859980217744,36,0.15391786015185666,0.010485605434104033,0.011350239040550361
development,event,multi_dimensional_numeric,NQ.v.0,38,38,0.3037589577622677,0.16540326832195099,-0.11873814433928206,0.5808444160802669,0.15789473684210525,0.5263157894736842,0.2650494129527357,36,0.3815018476795552,0.008248764034915389,0.012294913996244982
development,event,multi_dimensional_numeric,ZN.v.0,38,38,0.09536367761233944,0.091950602167804,-0.07664482924018581,0.27890099963573894,0.05263157894736842,0.7631578947368421,0.14327275210181786,35,1.1433092912452978e-06,0.0,0.0
development,event,narrative_text,ES.v.0,13,13,0.12189779139423285,0.11683853249939544,-0.053575204997833414,0.3493226491207173,0.07692307692307693,0.8461538461538461,0.15039729997747284,12,0.6281978798703549,0.0,0.0
development,event,narrative_text,NQ.v.0,13,13,0.37801533492674955,0.15050535089107242,0.04000283264842549,0.5591544818620371,0.23076923076923078,0.5384615384615384,0.30069553116260034,11,0.4659578426230769,0.0,0.0019852233586090963
development,event,narrative_text,ZN.v.0,13,13,0.26341270230726205,0.32981402283023864,0.18200294875645356,0.5715085166707992,0.15384615384615385,0.6153846153846154,0.3542347603475334,13,0.10530415891361923,0.0,0.0
development,event,scalar_numeric,ES.v.0,39,39,0.02945901763906552,0.19222829432315575,-0.1946575167079972,0.49289999741280044,0.23076923076923078,0.6666666666666666,0.18521486219912153,38,0.0002491033530754186,0.0,0.0
development,event,scalar_numeric,NQ.v.0,39,39,0.16614508279782636,0.08322607206406986,-0.07434482915837368,0.3449147366072405,0.07692307692307693,0.7948717948717948,0.17285533676216588,39,0.22599131562812438,0.0,0.0016754411570977506
development,event,scalar_numeric,ZN.v.0,39,39,0.05774073877267789,0.049806849845185124,-0.0608535420063078,0.15640538698917406,0.02564102564102564,0.9230769230769231,0.07239452006238228,38,0.021197719595130567,0.0,0.0
development,pseudo,extemporaneous_speech,ES.v.0,13,13,0.5000206750899414,0.3955176990780874,0.24999739347686917,0.6666741564634515,0.23076923076923078,0.38461538461538464,0.4438037984953904,0,,0.0,0.0
development,pseudo,extemporaneous_speech,NQ.v.0,13,13,0.666670823472703,0.6183059079745031,0.5000018573208855,0.8148113042395719,0.46153846153846156,0.15384615384615385,0.6198595261379162,0,,0.0,0.007790151485867705
development,pseudo,extemporaneous_speech,ZN.v.0,13,7,0.4999821530581912,0.39284580919506656,0.1250045299692063,0.7499563707913566,0.2857142857142857,0.42857142857142855,0.4285521633840118,0,,0.0,0.0
development,pseudo,mixed_numeric_bundle,ES.v.0,3,3,0.499984054757084,0.4166583787647263,0.37499054504030094,0.49998905048533054,0.0,0.3333333333333333,0.4166583787647263,0,,0.0,0.0
development,pseudo,mixed_numeric_bundle,NQ.v.0,3,3,0.6153805431465513,0.6495722352707366,0.5993587774001395,0.6826898470792411,0.3333333333333333,0.0,0.6495722352707366,0,,0.0009530624055597116,0.0015153392729326813
development,pseudo,mixed_numeric_bundle,ZN.v.0,3,3,0.49998220640482166,-0.16661294838430124,-0.49991061231478445,0.4999822929407435,0.0,0.3333333333333333,0.2083256242164787,0,,0.0,0.0
development,pseudo,multi_dimensional_numeric,ES.v.0,38,37,0.49999471505165,0.3670836129784897,0.0,0.5000162569198078,0.13513513513513514,0.3783783783783784,0.39024776681660095,0,,0.0,0.0
development,pseudo,multi_dimensional_numeric,NQ.v.0,38,38,0.7257487141620995,0.626874313891429,0.5113671296407896,0.8705339081643827,0.5263157894736842,0.15789473684210525,0.6372002125930628,0,,0.0037999307318957298,0.014577079951651126
development,pseudo,multi_dimensional_numeric,ZN.v.0,38,28,0.3749603925173577,0.32141390523146096,-0.06253353545798629,0.6250046250067034,0.25,0.5,0.2827277029444151,0,,0.0,0.0
development,pseudo,narrative_text,ES.v.0,13,13,0.5000056247939444,0.3737171227756356,0.49999364093640575,0.833328175267931,0.3076923076923077,0.23076923076923078,0.5160244274792356,0,,0.0,0.0
development,pseudo,narrative_text,NQ.v.0,13,13,0.6111033881051693,0.6046786074086492,0.5833318419662475,0.8333350436772549,0.3076923076923077,0.15384615384615385,0.6149338306008576,0,,0.002435418319733308,0.011824342863241362
development,pseudo,narrative_text,ZN.v.0,13,5,0.0,-1.4155345825150877e-05,-0.49994783697188844,0.49991241592390273,0.2,0.6,0.10331814196412652,0,,0.0,0.0
development,pseudo,scalar_numeric,ES.v.0,39,39,0.4999944980021622,0.44700710824829687,0.333333333218656,0.5000125669531947,0.1794871794871795,0.3076923076923077,0.4576925118375211,0,,0.0,
development,pseudo,scalar_numeric,NQ.v.0,39,39,0.7931020552384522,0.6838738050579911,0.5857129196474253,0.8333343190909139,0.5897435897435898,0.07692307692307693,0.6894230282342202,0,,0.0020396450250721827,0.0024818694637652045
development,pseudo,scalar_numeric,ZN.v.0,39,24,0.49998222640400636,0.31249041371051123,0.0,0.5000174703741078,0.125,0.375,0.35068467685119725,0,,0.0,0.0
development,control,fomc_control,event_mean,25,25,0.5416666446101934,0.4901733637404312,0.3611294675385821,0.5999998012096273,0.08,0.32,0.49117406561617166,25,0.4810772171145455,,
development,control,macro_control,event_mean,20,20,0.584596938246875,0.5824838468525229,0.4983172581808179,0.6718780050641597,0.2,0.2,0.5650043646895483,20,0.6616118873843504,,
development,event,extemporaneous_speech,event_mean,13,13,0.5119072511910284,0.5034086319553096,0.3261045934140467,0.6433819632531484,0.15384615384615385,0.38461538461538464,0.4727423873277047,13,0.6997638816120267,,
development,event,mixed_numeric_bundle,event_mean,3,3,0.29289014293593413,0.24170853927125782,0.2121160367613319,0.29689184361352194,0.0,1.0,0.2568694498366886,3,0.12148399149997698,,
development,event,multi_dimensional_numeric,event_mean,38,38,0.15009421161008146,0.23518494291988415,0.0046778040728352455,0.3401418910299625,0.02631578947368421,0.8421052631578947,0.19140692161891035,37,0.41812140027002487,,
development,event,narrative_text,event_mean,13,13,0.33543668129603715,0.19905263540690218,0.11946541425637162,0.4022067647461168,0.07692307692307693,0.6923076923076923,0.26844253049586886,13,0.23191658271344137,,
development,event,scalar_numeric,event_mean,39,39,0.10543965283840136,0.10842040541080354,-0.043752432995204565,0.2485347227999224,0.05128205128205128,0.7948717948717948,0.14348823967455657,39,0.20100752936674607,,
development,pseudo,extemporaneous_speech,event_mean,13,13,0.5740704649079371,0.48511823295075673,0.3333255242224571,0.7083286381386013,0.3076923076923077,0.38461538461538464,0.5083989766912129,0,,,
development,pseudo,mixed_numeric_bundle,event_mean,3,3,0.5384489347694856,0.2998725552170539,0.158146236708552,0.5608870635017718,0.0,0.3333333333333333,0.4248520794173139,0,,,
development,pseudo,multi_dimensional_numeric,event_mean,38,38,0.47617537187208503,0.44327500507437073,0.22852681498018873,0.6902991805609656,0.23684210526315788,0.39473684210526316,0.44824184824109403,0,,,
development,pseudo,narrative_text,event_mean,13,13,0.5277800298758663,0.4148565642816285,0.20001382985700178,0.7222157816865502,0.3076923076923077,0.38461538461538464,0.5011804950494393,0,,,
development,pseudo,scalar_numeric,event_mean,39,39,0.5421383574519297,0.5263955078082972,0.44443667682265253,0.650766265340865,0.20512820512820512,0.1794871794871795,0.5364366585616722,0,,,
oos_backward,control,fomc_control,ES.v.0,133,119,0.49999226534103053,0.41082274876450225,0.0,0.5000141841079879,0.18487394957983194,0.3445378151260504,0.4209749231817474,110,0.3333151258665199,0.0,0.0
oos_backward,control,fomc_control,NQ.v.0,133,130,0.6180439999188165,0.6196383680682722,0.4999941665133108,0.7777695282423458,0.38461538461538464,0.16153846153846155,0.6006428838721493,114,0.5738154800192892,0.0,0.0
oos_backward,control,fomc_control,ZN.v.0,133,38,0.24997783425705475,0.35526735260007,0.0,0.5000151432584397,0.13157894736842105,0.5,0.29166693639033553,80,0.0,0.0,0.0
oos_backward,control,macro_control,ES.v.0,82,67,0.49999043904885393,0.3472026053427991,0.0,0.500012971926801,0.1791044776119403,0.373134328358209,0.36419506564825727,67,0.499987172907925,0.0,0.0
oos_backward,control,macro_control,NQ.v.0,82,81,0.5384561409523214,0.592209819757913,0.4000048950968723,0.7500020344775468,0.2962962962962963,0.2345679012345679,0.5435791065123371,64,0.5000458587308043,0.0,0.0
oos_backward,control,macro_control,ZN.v.0,82,38,0.41670193059742916,0.3475961287246387,0.0,0.4999859643817299,0.10526315789473684,0.5,0.3081136742987557,57,0.2631450002070275,0.0,0.0
oos_backward,event,extemporaneous_speech,ES.v.0,55,53,0.49998754551909735,0.3241838971671124,0.0,0.5000109832218613,0.16981132075471697,0.4716981132075472,0.33911168505636813,48,0.48427033191686153,0.0,0.0
oos_backward,event,extemporaneous_speech,NQ.v.0,55,55,0.6250169604472817,0.5322909333415795,0.4071558295882489,0.7595847421374478,0.32727272727272727,0.2545454545454545,0.553940887709541,51,0.6499832521573181,0.0,0.0047884131434066425
oos_backward,event,extemporaneous_speech,ZN.v.0,55,41,0.4999816983920303,0.31097420528238784,0.0,0.50001481745046,0.14634146341463414,0.4878048780487805,0.32316791790735505,52,0.24998273002959337,0.0,0.0
oos_backward,event,multi_dimensional_numeric,ES.v.0,107,107,0.1904255421475102,0.13119062197650433,-0.1395444187074869,0.5848994199955706,0.19626168224299065,0.6355140186915887,0.24583069120728007,104,0.250865699374781,0.0,0.0
oos_backward,event,multi_dimensional_numeric,NQ.v.0,108,108,0.21030270707462922,0.3097311361218069,-0.04289100540098395,0.5215424492629317,0.17592592592592593,0.6481481481481481,0.24846469784791012,103,0.08321665773588079,0.0,0.0015619922903290112
oos_backward,event,multi_dimensional_numeric,ZN.v.0,108,108,0.05123132622937314,0.16744510893640552,-0.06631764761714823,0.49998601046223884,0.18518518518518517,0.7037037037037037,0.224585943395801,106,0.02575978119177847,0.0,0.0
oos_backward,event,narrative_text,ES.v.0,71,71,0.21050620299838793,0.2435144437361158,-0.04177329339593653,0.5000105466277411,0.19718309859154928,0.676056338028169,0.26118910148980634,71,0.2279839795755234,0.0,0.0
oos_backward,event,narrative_text,NQ.v.0,71,71,0.15885343409839706,0.09853450101482915,-0.07646381215678859,0.359093580811924,0.08450704225352113,0.7746478873239436,0.18237176984881232,68,0.33332488810155225,0.002801477764587636,0.00709925900243908
oos_backward,event,narrative_text,ZN.v.0,71,69,0.12502184458859103,0.2720453943193907,-0.1034435934550566,0.5832103052864097,0.2028985507246377,0.6231884057971014,0.2509622654453387,68,2.493408979375325e-06,0.0,0.0
oos_backward,event,scalar_numeric,ES.v.0,211,203,0.2688959452097409,0.3240842284234065,-0.0,0.5858794182424113,0.2019704433497537,0.5812807881773399,0.32077653552189916,192,0.21220897902668373,0.0,0.0
oos_backward,event,scalar_numeric,NQ.v.0,212,208,0.34849135365394446,0.3296082327609809,0.029706805290347138,0.584411588871345,0.17307692307692307,0.5288461538461539,0.3415289004115717,197,0.3636034607125223,0.0,0.003035692045020986
oos_backward,event,scalar_numeric,ZN.v.0,212,206,0.29522461195317806,0.3282105639408919,0.0,0.5000799317577835,0.21844660194174756,0.5533980582524272,0.3264908693757311,199,0.14288275085648125,0.0,0.0
oos_backward,pseudo,extemporaneous_speech,ES.v.0,55,53,0.4999887766531034,0.37432311300934973,2.990064348844386e-05,0.5000131385274903,0.16981132075471697,0.4339622641509434,0.3694506609229331,0,,0.0,0.0
oos_backward,pseudo,extemporaneous_speech,NQ.v.0,55,55,0.7272727274258534,0.6663711494649559,0.499997327468247,0.8000049786365775,0.5636363636363636,0.10909090909090909,0.6555191085531867,0,,0.0,0.005341640395369445
oos_backward,pseudo,extemporaneous_speech,ZN.v.0,55,41,3.150995509032524e-05,0.2560991164293478,0.0,0.4999854532724778,0.07317073170731707,0.5121951219512195,0.25609565352246505,0,,0.0,0.0
oos_backward,pseudo,multi_dimensional_numeric,ES.v.0,108,95,0.4999897195371168,0.40679195429273907,-0.0,0.6666720061254261,0.24210526315789474,0.42105263157894735,0.40796822312268866,0,,0.0,0.0
oos_backward,pseudo,multi_dimensional_numeric,NQ.v.0,108,102,0.5000066099237517,0.5551161282212547,0.14560065557393842,0.9428826354688762,0.3627450980392157,0.30392156862745096,0.5140764580193196,0,,0.0,0.003115394197390397
oos_backward,pseudo,multi_dimensional_numeric,ZN.v.0,108,63,0.49998445273888825,0.39418312302697034,0.0,0.5000881085530013,0.23809523809523808,0.4603174603174603,0.33781918715633147,0,,0.0,0.0
oos_backward,pseudo,narrative_text,ES.v.0,71,63,0.49998493249469117,0.36885711790960046,0.0,0.5000110322518285,0.1746031746031746,0.4444444444444444,0.34423406736369216,0,,0.0,0.0
oos_backward,pseudo,narrative_text,NQ.v.0,71,71,0.5833227007096857,0.5269892814115489,0.33333498035765297,0.7499924402945299,0.3380281690140845,0.30985915492957744,0.5206170532727651,0,,0.0,0.0019217208817067667
oos_backward,pseudo,narrative_text,ZN.v.0,71,43,0.0,0.25193131165839744,0.0,0.49999975931811574,0.16279069767441862,0.6046511627906976,0.24147377544181142,0,,0.0,0.0
oos_backward,pseudo,scalar_numeric,ES.v.0,212,149,0.4999907311321656,0.40440575013341484,0.0,0.5000108234469396,0.18791946308724833,0.3422818791946309,0.3920109959067262,0,,0.0,0.0
oos_backward,pseudo,scalar_numeric,NQ.v.0,212,198,0.5999887520365987,0.6207736825018103,0.4325415642984862,0.9999883098571632,0.41919191919191917,0.23232323232323232,0.5921845844671604,0,,0.0,0.0
oos_backward,pseudo,scalar_numeric,ZN.v.0,212,70,0.49998370780840284,0.3309530653799022,0.0,0.5000167466545766,0.15714285714285714,0.4,0.3286890665876608,0,,0.0,0.0
oos_backward,control,fomc_control,event_mean,132,132,0.5000020499655562,0.49916072134878825,0.3333243561484329,0.6666578483540758,0.21212121212121213,0.3181818181818182,0.494474187979196,126,0.4040362028130825,,
oos_backward,control,macro_control,event_mean,82,82,0.49999156562199776,0.4741961205720091,0.24999932293419191,0.6562405608349124,0.17073170731707318,0.4146341463414634,0.44030330456198313,77,0.499939924833109,,
oos_backward,event,extemporaneous_speech,event_mean,55,55,0.4166718170652485,0.40410931343050105,0.2499971588594478,0.585709872494858,0.10909090909090909,0.4727272727272727,0.417418033923574,55,0.3890412674190105,,
oos_backward,event,multi_dimensional_numeric,event_mean,108,108,0.24307320548976985,0.2010635791499855,0.012777474099003244,0.4394030258968488,0.12037037037037036,0.6944444444444444,0.23933952160170116,108,0.25828768888753306,,
oos_backward,event,narrative_text,event_mean,71,71,0.21967157691168052,0.20546910666994228,-0.0163393372439664,0.40604893109601736,0.056338028169014086,0.7183098591549296,0.23247666955921567,71,0.3700539023407318,,
oos_backward,event,scalar_numeric,event_mean,212,212,0.3195332984890942,0.32663949577457574,0.10439166738913955,0.5217578491901029,0.12735849056603774,0.5990566037735849,0.33046747678938865,211,0.31597808106947095,,
oos_backward,pseudo,extemporaneous_speech,event_mean,55,55,0.48863858672723304,0.45070778234776077,0.32777398916732614,0.5833294907951002,0.05454545454545454,0.36363636363636365,0.4466070127366279,0,,,
oos_backward,pseudo,multi_dimensional_numeric,event_mean,107,107,0.49999293077460216,0.46651403950145154,0.2500043235147614,0.6818209375193858,0.24299065420560748,0.411214953271028,0.43957164733338133,0,,,
oos_backward,pseudo,narrative_text,event_mean,71,71,0.37035513284059074,0.3999011912818893,0.22436628111309934,0.5499873766872416,0.14084507042253522,0.5492957746478874,0.3864985226713937,0,,,
oos_backward,pseudo,scalar_numeric,event_mean,203,203,0.5,0.5132705740293012,0.2500035614080274,0.7499884241469383,0.26108374384236455,0.3645320197044335,0.48638254023007244,0,,,
oos_forward,control,fomc_control,ES.v.0,14,14,0.5500041012219821,0.46044496056342876,0.4062567344429126,0.7291578617481771,0.2857142857142857,0.2857142857142857,0.49258170153187136,12,0.5694333613455961,0.0,0.0
oos_forward,control,fomc_control,NQ.v.0,14,14,0.7500000988827429,0.751719130938227,0.7175322152609814,0.8383171982829443,0.7857142857142857,0.07142857142857142,0.746951563892908,13,0.8727841985957161,0.0,0.018277386636352318
oos_forward,control,fomc_control,ZN.v.0,14,5,0.4999824978992697,0.1999649794440475,0.0,0.5000171656105336,0.2,0.4,0.33332141055738623,8,0.0,0.0,0.0
oos_forward,control,macro_control,ES.v.0,10,10,0.4999956691922977,0.36666537298011337,0.4999886351087862,0.5000021080924162,0.0,0.2,0.3799979352061992,8,0.45407008224793266,0.0,0.0
oos_forward,control,macro_control,NQ.v.0,10,10,0.7595220725996357,0.6661904222638722,0.4166628962667158,0.8392882887062136,0.6,0.3,0.6661898305390191,9,0.6063038574651993,0.004526928974887907,0.009772663117153312
oos_forward,control,macro_control,ZN.v.0,10,7,0.49998203506857297,0.3571520005096306,0.4166167684277009,0.5000001042096953,0.0,0.2857142857142857,0.3761909450584919,9,0.3333333321249043,0.0,0.0
oos_forward,event,extemporaneous_speech,ES.v.0,8,8,0.7083265817316186,0.6253159433815281,0.5749915361709144,0.754802616366994,0.5,0.125,0.6253159433815281,8,0.750161953171808,0.0,0.0
oos_forward,event,extemporaneous_speech,NQ.v.0,8,8,0.8167832375130173,0.8224938873850147,0.7999957580679572,0.8238946154070625,1.0,0.0,0.8224938873850147,8,0.9412149458370309,0.0007452056317559738,0.0031467940168779375
oos_forward,event,extemporaneous_speech,ZN.v.0,8,4,0.25000905547205554,0.2500088922608378,2.6720819497876082e-05,0.4999912269133954,0.0,0.5,0.2500088922608378,8,0.41667551129483993,0.0,0.0
oos_forward,event,multi_dimensional_numeric,ES.v.0,11,11,-0.03291164581690385,0.11148308476633254,-0.25598570635418144,0.38379985217700474,0.09090909090909091,0.7272727272727273,0.10571387338162291,11,0.1064050874207513,0.005739022061200748,0.0
oos_forward,event,multi_dimensional_numeric,NQ.v.0,11,11,0.26660818505199135,0.41620150739609724,0.1335119456896525,0.5533966562906834,0.18181818181818182,0.6363636363636364,0.3513211511697374,11,0.22718897511758834,0.01594504087947763,0.06241584598386807
oos_forward,event,multi_dimensional_numeric,ZN.v.0,11,11,0.20012840243881527,0.19780532536965814,0.0,0.3534156706770888,0.0,0.7272727272727273,0.2075191603092943,11,-3.481894697602346e-05,0.0,0.0
oos_forward,event,narrative_text,ES.v.0,8,8,0.29944877455602237,0.23650383177870993,0.2767946762940981,0.47115150753185836,0.125,0.625,0.31476119130233965,7,0.027545957392078792,0.0,0.0
oos_forward,event,narrative_text,NQ.v.0,8,8,0.5400770501809231,0.6450600774823848,0.1595779602373191,0.664497324189008,0.25,0.375,0.455428809409124,8,0.11207793575511318,0.005211565574873923,0.0
oos_forward,event,narrative_text,ZN.v.0,8,8,0.20826197459617274,0.15216683027439787,-0.01998233519935079,0.37502161791444655,0.125,0.75,0.20261848023536477,8,0.08507729979105617,0.0,0.0
oos_forward,event,scalar_numeric,ES.v.0,21,21,0.0,0.2446808113244532,-0.27613621282193995,0.3416350373415093,0.23809523809523808,0.7619047619047619,0.13815730588807962,21,-9.235071267094337e-05,0.0,0.0
oos_forward,event,scalar_numeric,NQ.v.0,21,21,0.10233849050415215,0.12222455354203086,-0.09357858573116795,0.7022916377612133,0.2857142857142857,0.6190476190476191,0.24480926323533284,21,0.30605246488417626,0.0011844406940338774,0.00668880934280292
oos_forward,event,scalar_numeric,ZN.v.0,21,21,0.1999425060209662,0.2868377604919971,0.0,0.42874829208996684,0.14285714285714285,0.6190476190476191,0.2889922996667627,20,-0.10191533467257341,0.0,0.0
oos_forward,pseudo,extemporaneous_speech,ES.v.0,8,8,0.5000044177856282,0.47469603566663887,0.49999068792301915,0.5535730053089628,0.25,0.125,0.4851148243166893,0,,0.0,0.0
oos_forward,pseudo,extemporaneous_speech,NQ.v.0,8,8,0.8285717489832173,0.767189894373901,0.66837094883581,0.8640993093224814,0.75,0.0,0.767189894373901,0,,0.0,0.01450000257279869
oos_forward,pseudo,extemporaneous_speech,ZN.v.0,8,5,0.0,-0.10000314190254059,-6.982264957519245e-05,0.0,0.0,0.8,0.03331740552925677,0,,0.0,0.0
oos_forward,pseudo,multi_dimensional_numeric,ES.v.0,11,11,0.5000044816533595,0.4106038429357998,0.12500372002016863,0.6333362474170223,0.18181818181818182,0.36363636363636365,0.4181804203566896,0,,0.0,0.0
oos_forward,pseudo,multi_dimensional_numeric,NQ.v.0,11,11,0.8260920095679002,0.752351844258759,0.613160989098426,0.9183323956993612,0.7272727272727273,0.18181818181818182,0.752351844258759,0,,0.0018475076285650485,0.0030008115821162306
oos_forward,pseudo,multi_dimensional_numeric,ZN.v.0,11,5,0.499982590526512,0.40000025184603044,0.0,0.500017380425341,0.2,0.4,0.39998586021176197,0,,0.0,0.0
oos_forward,pseudo,narrative_text,ES.v.0,8,8,0.24998879199987392,0.20416468375169425,-0.21249186765434763,0.5416730745780576,0.0,0.5,0.23214058708180746,0,,0.0,0.0
oos_forward,pseudo,narrative_text,NQ.v.0,8,8,0.7083356167800964,0.7017562038358287,0.6100536386220792,0.7767872651599611,0.5,0.125,0.6588964177450377,0,,0.00032072338916693227,0.010096466896776892
oos_forward,pseudo,narrative_text,ZN.v.0,8,1,0.5000177708254888,0.5000177708254888,0.5000177708254888,0.5000177708254888,0.0,0.0,0.5000177708254888,0,,0.0,0.0
oos_forward,pseudo,scalar_numeric,ES.v.0,21,21,0.49999553955652276,0.5165928460796387,0.4999954018738139,0.666666666690048,0.14285714285714285,0.23809523809523808,0.5165916768210308,0,,0.0,0.0
oos_forward,pseudo,scalar_numeric,NQ.v.0,21,21,0.8235362587881474,0.7547375647220157,0.6250009123524145,0.8999985103494261,0.6666666666666666,0.14285714285714285,0.7547375647220157,0,,0.0015363348800315976,0.008693128976099194
oos_forward,pseudo,scalar_numeric,ZN.v.0,21,9,0.4999825783956801,0.27779526686565004,3.671072362149667e-05,0.5000178903704026,0.1111111111111111,0.3333333333333333,0.31945928355064895,0,,0.0,0.0
oos_forward,control,fomc_control,event_mean,14,14,0.6323557422570916,0.5532208993100911,0.40802415218873833,0.7384103647768248,0.2857142857142857,0.2857142857142857,0.5782197228931967,14,0.6515760456535272,,
oos_forward,control,macro_control,event_mean,10,10,0.5984097286084784,0.4760334676988419,0.3027954553546135,0.6428624529063671,0.0,0.4,0.4849198782678007,10,0.4780665061656051,,
oos_forward,event,extemporaneous_speech,event_mean,8,8,0.6807333152988732,0.6475597537068627,0.6193796902995575,0.7580313270580673,0.375,0.125,0.6475597537068627,8,0.7544848694258373,,
oos_forward,event,multi_dimensional_numeric,event_mean,11,11,0.16429891696062335,0.24182997251069596,0.060544734500427216,0.42430955351465616,0.18181818181818182,0.7272727272727273,0.22151806162021817,11,0.2630650593776717,,
oos_forward,event,narrative_text,event_mean,8,8,0.34689235809413443,0.34457691317849753,0.2705515065665266,0.47523948731825283,0.125,0.625,0.3242694936489428,8,-0.12484625603932153,,
oos_forward,event,scalar_numeric,event_mean,21,21,0.1605941371121156,0.21791437511949374,-0.11804973277350612,0.30942312134419875,0.14285714285714285,0.7619047619047619,0.22398628959672504,21,0.030750441708334724,,
oos_forward,pseudo,extemporaneous_speech,event_mean,8,8,0.4842516992264394,0.45666920259528765,0.35147441165769744,0.5851194031599101,0.125,0.25,0.4896537109686039,0,,,
oos_forward,pseudo,multi_dimensional_numeric,event_mean,11,11,0.5380470383908733,0.5356991536812515,0.4616176881609335,0.6166694145209276,0.18181818181818182,0.09090909090909091,0.5394852618410497,0,,,
oos_forward,pseudo,narrative_text,event_mean,8,8,0.4448930158297456,0.44813068493783537,0.24583700046114854,0.6592239360037047,0.25,0.5,0.44068874355749643,0,,,
oos_forward,pseudo,scalar_numeric,event_mean,21,21,0.600002112900218,0.5839909665923018,0.5222182946170314,0.7179490480688764,0.2857142857142857,0.14285714285714285,0.5899423843463848,0,,,
oos_all,control,fomc_control,ES.v.0,147,133,0.4999925109304696,0.4160461394801787,9.623883139904133e-06,0.5000163762608075,0.19548872180451127,0.3383458646616541,0.4285124787975499,122,0.38215886878377825,0.0,0.0
oos_all,control,fomc_control,NQ.v.0,147,144,0.666659312329094,0.6324795533472956,0.4999957989856132,0.7854926560086805,0.4236111111111111,0.1527777777777778,0.6145770438741263,127,0.6000167429946085,0.0,0.0
oos_all,control,fomc_control,ZN.v.0,147,43,0.4999556685141095,0.3372089371168115,-0.0,0.500015286196708,0.13953488372093023,0.4883720930232558,0.2965104798981322,88,0.0,0.0,0.0
oos_all,control,macro_control,ES.v.0,92,77,0.4999907735453104,0.34973023750348925,0.0,0.5000112460629532,0.15584415584415584,0.35064935064935066,0.3661954288834398,75,0.499987172907925,0.0,0.0
oos_all,control,macro_control,NQ.v.0,92,91,0.5555510913246603,0.6003395562970293,0.400002447846854,0.79285412324314,0.32967032967032966,0.24175824175824176,0.5570528124493351,73,0.5140207090061004,0.0,0.007261460752285739
oos_all,control,macro_control,ZN.v.0,92,45,0.49998203506857297,0.34908259766897076,0.0,0.4999859896893032,0.08888888888888889,0.4666666666666667,0.31870347197249244,66,0.2982391661659659,0.0,0.0
oos_all,event,extemporaneous_speech,ES.v.0,63,61,0.4999900477581658,0.36367662453949484,0.0,0.5833271299564642,0.21311475409836064,0.4262295081967213,0.3760412667757437,56,0.499911706232202,0.0,0.0
oos_all,event,extemporaneous_speech,NQ.v.0,63,63,0.6521689969847722,0.5691421021089997,0.42262156341207774,0.8000032082267127,0.4126984126984127,0.2222222222222222,0.5880428559222994,59,0.6666769891983054,0.0,0.004305611041287113
oos_all,event,extemporaneous_speech,ZN.v.0,63,45,0.4999816983920303,0.30555506634713897,0.0,0.50001481745046,0.13333333333333333,0.4888888888888889,0.31666489340544235,60,0.2499917181676345,0.0,0.0
oos_all,event,multi_dimensional_numeric,ES.v.0,118,118,0.15478484366060968,0.129353478677251,-0.1411430099404343,0.5741093203689309,0.1864406779661017,0.6440677966101694,0.2327689539523459,115,0.25015578616855105,0.0,0.0
oos_all,event,multi_dimensional_numeric,NQ.v.0,119,119,0.21225608765495746,0.31957293514716156,-0.015895206233355774,0.526059899124549,0.17647058823529413,0.6470588235294118,0.25797243723060004,114,0.12330891562842888,0.0,0.0030385927959263757
oos_all,event,multi_dimensional_numeric,ZN.v.0,119,119,0.06252055507534923,0.1702515154974625,-0.05405863912778046,0.49997664756644505,0.16806722689075632,0.7058823529411765,0.2230083415978886,117,0.021249605350101244,0.0,0.0
oos_all,event,narrative_text,ES.v.0,79,79,0.25002053887522474,0.2428045083480241,-0.03263241291390864,0.5000086208949817,0.189873417721519,0.6708860759493671,0.2666141232429743,78,0.20546773032928486,0.0,0.0
oos_all,event,narrative_text,NQ.v.0,79,79,0.16276831116348944,0.15387886318875882,-7.457566098111487e-06,0.4143100250850041,0.10126582278481013,0.7341772151898734,0.21002311562707168,76,0.331385374116183,0.0038392730239622777,0.00609960115294785
oos_all,event,narrative_text,ZN.v.0,79,77,0.1500751842802126,0.25959047857445633,-0.09097722068347106,0.5388431045398488,0.19480519480519481,0.6363636363636364,0.24593953451443223,76,2.493408979375325e-06,0.0,0.0
oos_all,event,scalar_numeric,ES.v.0,232,224,0.24999111154712228,0.3166401580703796,0.0,0.5847106467035501,0.20535714285714285,0.5982142857142857,0.30365598274372857,213,0.19998811398351024,0.0,0.0
oos_all,event,scalar_numeric,NQ.v.0,233,229,0.3333333331778725,0.31059051545269284,0.006597823215024006,0.599994160993275,0.18340611353711792,0.537117903930131,0.3326979770172195,218,0.3567676680340775,0.0,0.003108660737084076
oos_all,event,scalar_numeric,ZN.v.0,233,227,0.2664640201596242,0.3243831239742539,-0.0,0.5000649798968644,0.21145374449339208,0.5594713656387665,0.3230218386978089,219,0.08334626999657443,0.0,0.0
oos_all,pseudo,extemporaneous_speech,ES.v.0,63,61,0.4999903631187793,0.387486774997191,0.16666260135820235,0.5000131385274903,0.18032786885245902,0.39344262295081966,0.3846197315319502,0,,0.0,0.0
oos_all,pseudo,extemporaneous_speech,NQ.v.0,63,63,0.7332611372478817,0.6791735297708538,0.500002045609476,0.8000065966945622,0.5873015873015873,0.09523809523809523,0.6696995258002617,0,,0.0,0.009255481939507936
oos_all,pseudo,extemporaneous_speech,ZN.v.0,63,46,1.3739567064827453e-05,0.21739234921935996,0.0,0.49998477266186486,0.06521739130434782,0.5434782608695652,0.23188062656668154,0,,0.0,0.0
oos_all,pseudo,multi_dimensional_numeric,ES.v.0,119,106,0.4999900163533998,0.40718752764249083,0.0,0.6666666674443626,0.2358490566037736,0.41509433962264153,0.4090279794394247,0,,0.0,0.0
oos_all,pseudo,multi_dimensional_numeric,NQ.v.0,119,113,0.5454606534438107,0.5743160651806577,0.3333236278432098,0.9199968959206094,0.39823008849557523,0.2920353982300885,0.5372714071222737,0,,0.0,0.003115394197390397
oos_all,pseudo,multi_dimensional_numeric,ZN.v.0,119,68,0.4999843657241263,0.39461085308719523,0.0,0.5000812433759567,0.23529411764705882,0.45588235294117646,0.342259663803148,0,,0.0,0.0
oos_all,pseudo,narrative_text,ES.v.0,79,71,0.49998493249469117,0.3503002239199774,-0.0,0.5000117847885013,0.15492957746478872,0.4507042253521127,0.3316038160643249,0,,0.0,0.0
oos_all,pseudo,narrative_text,NQ.v.0,79,79,0.5999943492379093,0.5446871976064128,0.3333378338652444,0.7499986168709267,0.35443037974683544,0.2911392405063291,0.5346200268902105,0,,0.0,0.0025882789778698075
oos_all,pseudo,narrative_text,ZN.v.0,79,44,0.0,0.2575696402758313,0.0,0.5000148572269572,0.1590909090909091,0.5909090909090909,0.2472191975614487,0,,0.0,0.0
oos_all,pseudo,scalar_numeric,ES.v.0,233,170,0.49999261599993383,0.41826415610324247,6.969217450168582e-06,0.5000109577724953,0.18235294117647058,0.32941176470588235,0.4072214278788216,0,,0.0,0.0
oos_all,pseudo,scalar_numeric,NQ.v.0,233,219,0.6250009123524145,0.6336195342215559,0.4545415577707089,0.9999858888875229,0.4429223744292237,0.2237442922374429,0.6077718565463931,0,,0.0,0.0012430922639624048
oos_all,pseudo,scalar_numeric,ZN.v.0,233,79,0.4999836451666309,0.3248971136504304,0.0,0.5000170172252324,0.1518987341772152,0.3924050632911392,0.3276375723176215,0,,0.0,0.0
oos_all,control,fomc_control,event_mean,146,146,0.5000042854555573,0.5043445740300091,0.34195477657977935,0.6666632247709683,0.2191780821917808,0.3150684931506849,0.5025045817380727,140,0.41431338453324973,,
oos_all,control,macro_control,event_mean,92,92,0.49999484547969675,0.47439583221623005,0.25000172646892,0.6454768257597052,0.15217391304347827,0.41304347826086957,0.4451529321387024,87,0.499939924833109,,
oos_all,event,extemporaneous_speech,event_mean,63,63,0.4583438639353741,0.4350236550528961,0.2867907103623233,0.6363429643352332,0.14285714285714285,0.42857142857142855,0.4466423792928805,63,0.43601279633930373,,
oos_all,event,multi_dimensional_numeric,event_mean,119,119,0.2372622897814515,0.20483190122534528,0.012903853703913556,0.44107045874574813,0.12605042016806722,0.6974789915966386,0.2376921597546733,119,0.25912938164252036,,
oos_all,event,narrative_text,event_mean,79,79,0.22818990047167667,0.21955597315182132,-0.010359785959372547,0.4128850258349579,0.06329113924050633,0.7088607594936709,0.24177214541640327,79,0.3487786886447115,,
oos_all,event,scalar_numeric,event_mean,233,233,0.29624463210540536,0.31684023597304484,0.0928216765955932,0.5000543389324783,0.12875536480686695,0.6137339055793991,0.3208704599179468,232,0.25581361572861355,,
oos_all,pseudo,extemporaneous_speech,event_mean,63,63,0.48863858672723304,0.45146478809347845,0.32777398916732614,0.5833294907951002,0.06349206349206349,0.3492063492063492,0.45207326013116456,0,,,
oos_all,pseudo,multi_dimensional_numeric,event_mean,118,118,0.49999387417711577,0.4729634992978736,0.25694889559857925,0.666668521980643,0.23728813559322035,0.3813559322033898,0.44888562834680806,0,,,
oos_all,pseudo,narrative_text,event_mean,79,79,0.37035513284059074,0.4047851906394535,0.2299284290968732,0.5628806389818386,0.1518987341772152,0.5443037974683544,0.3919861399763155,0,,,
oos_all,pseudo,scalar_numeric,event_mean,224,224,0.5,0.5199006108320825,0.2624914074746313,0.7499864094646804,0.26339285714285715,0.34375,0.4960912756159767,0,,,
