sample,role,group,instrument,rows,trade_before_first_quote,first_quote_is_trade_effect,first_quote_moves_midpoint,first_midpoint_change_is_trade,median_first_quote_ms,median_first_trade_ms,median_trades_first_100ms,median_trades_first_second,median_trades_in_arrival_100ms
development,control,fomc_control,ES.v.0,25,0.08,0.08,0.0,0.92,1.211079,7.726601,9.0,37.0,12.0
development,control,fomc_control,NQ.v.0,25,0.08,0.08,0.2,0.2,1.182267,5.452911,9.0,36.0,10.0
development,control,fomc_control,ZN.v.0,25,0.24,0.24,0.04,1.0,2.396815,24.405997,1.0,2.0,1.0
development,control,macro_control,ES.v.0,20,0.15,0.15,0.0,0.95,9.140450999999999,227.51734800000003,0.0,8.5,4.5
development,control,macro_control,NQ.v.0,20,0.2,0.2,0.35,0.1,9.266739000000001,121.400054,0.5,12.0,6.0
development,control,macro_control,ZN.v.0,20,0.0,0.0,0.0,1.0,1.083553,503.357547,0.0,1.5,3.0
development,event,extemporaneous_speech,ES.v.0,13,0.15384615384615385,0.15384615384615385,0.15384615384615385,0.6923076923076923,0.908187,15.948289,9.0,48.0,11.0
development,event,extemporaneous_speech,NQ.v.0,13,0.07692307692307693,0.07692307692307693,0.3076923076923077,0.15384615384615385,1.057027,14.455597,10.0,38.0,9.0
development,event,extemporaneous_speech,ZN.v.0,13,0.0,0.0,0.0,1.0,1.943919,786.018599,0.0,1.0,9.0
development,event,mixed_numeric_bundle,ES.v.0,3,0.3333333333333333,0.3333333333333333,0.3333333333333333,0.6666666666666666,51.654383,126.158995,0.0,66.0,142.0
development,event,mixed_numeric_bundle,NQ.v.0,3,0.6666666666666666,0.6666666666666666,0.6666666666666666,0.6666666666666666,22.125253,50.048345,3.0,40.0,151.0
development,event,mixed_numeric_bundle,ZN.v.0,3,0.0,0.0,0.0,1.0,18.097907,241.743471,0.0,5.0,131.0
development,event,multi_dimensional_numeric,ES.v.0,38,0.5526315789473685,0.5263157894736842,0.6578947368421053,0.6578947368421053,43.882345,60.386421999999996,1.5,26.0,110.0
development,event,multi_dimensional_numeric,NQ.v.0,38,0.5789473684210527,0.5789473684210527,0.7631578947368421,0.6052631578947368,45.121097,96.495637,0.5,19.0,75.5
development,event,multi_dimensional_numeric,ZN.v.0,38,0.15789473684210525,0.15789473684210525,0.07894736842105263,0.6578947368421053,1.6204999999999998,107.37299300000001,0.5,21.5,90.5
development,event,narrative_text,ES.v.0,13,0.46153846153846156,0.38461538461538464,0.07692307692307693,0.5384615384615384,6.364149,12.825433,4.0,41.0,102.0
development,event,narrative_text,NQ.v.0,13,0.3076923076923077,0.3076923076923077,0.38461538461538464,0.3076923076923077,23.567425,47.112537,1.0,20.0,31.0
development,event,narrative_text,ZN.v.0,13,0.3076923076923077,0.3076923076923077,0.15384615384615385,0.5384615384615384,9.941613,22.227205,1.0,5.0,42.0
development,event,scalar_numeric,ES.v.0,39,0.3333333333333333,0.3076923076923077,0.28205128205128205,0.5128205128205128,80.808037,169.889521,0.0,16.0,162.0
development,event,scalar_numeric,NQ.v.0,39,0.4358974358974359,0.4358974358974359,0.46153846153846156,0.48717948717948717,55.024033,130.839841,0.0,20.0,121.0
development,event,scalar_numeric,ZN.v.0,39,0.15384615384615385,0.1282051282051282,0.02564102564102564,0.6666666666666666,1.781495,225.582211,0.0,7.0,101.0
development,pseudo,extemporaneous_speech,ES.v.0,13,0.0,0.0,0.0,0.8461538461538461,1.840927,14.261189,3.0,14.0,9.0
development,pseudo,extemporaneous_speech,NQ.v.0,13,0.07692307692307693,0.07692307692307693,0.3076923076923077,0.23076923076923078,2.889285,8.965607,1.0,14.0,8.0
development,pseudo,extemporaneous_speech,ZN.v.0,13,0.07692307692307693,0.07692307692307693,0.0,1.0,0.725795,22.434155,1.0,4.0,8.0
development,pseudo,mixed_numeric_bundle,ES.v.0,3,0.6666666666666666,0.6666666666666666,0.0,1.0,0.685943,0.688215,1.0,3.0,9.0
development,pseudo,mixed_numeric_bundle,NQ.v.0,3,0.3333333333333333,0.3333333333333333,0.6666666666666666,0.3333333333333333,1.274717,2.430479,1.0,2.0,5.0
development,pseudo,mixed_numeric_bundle,ZN.v.0,3,0.0,0.0,0.0,1.0,0.558469,8.946107,11.0,13.0,27.0
development,pseudo,multi_dimensional_numeric,ES.v.0,38,0.6842105263157895,0.6842105263157895,0.3157894736842105,0.7631578947368421,0.685496,0.687235,2.0,5.5,3.0
development,pseudo,multi_dimensional_numeric,NQ.v.0,38,0.47368421052631576,0.42105263157894735,0.7368421052631579,0.39473684210526316,1.689109,2.567951,1.0,3.0,2.0
development,pseudo,multi_dimensional_numeric,ZN.v.0,38,0.05263157894736842,0.05263157894736842,0.0,0.9473684210526315,0.647776,8.183174000000001,1.0,2.5,6.0
development,pseudo,narrative_text,ES.v.0,13,0.38461538461538464,0.38461538461538464,0.07692307692307693,0.5384615384615384,6.740549,9.630943,2.0,8.0,3.0
development,pseudo,narrative_text,NQ.v.0,13,0.23076923076923078,0.23076923076923078,0.5384615384615384,0.23076923076923078,10.839233,496.907551,0.0,4.0,3.0
development,pseudo,narrative_text,ZN.v.0,13,0.07692307692307693,0.07692307692307693,0.0,0.9230769230769231,0.480353,8.915759,2.0,3.0,2.0
development,pseudo,scalar_numeric,ES.v.0,39,1.0,1.0,0.1282051282051282,0.7948717948717948,0.678139,0.678139,4.0,9.0,5.0
development,pseudo,scalar_numeric,NQ.v.0,39,0.3333333333333333,0.3333333333333333,0.8717948717948718,0.38461538461538464,1.512791,1.618691,2.0,6.0,3.0
development,pseudo,scalar_numeric,ZN.v.0,39,0.02564102564102564,0.02564102564102564,0.02564102564102564,0.9743589743589743,0.758653,9.203147,1.0,2.0,4.0
