sample,clocks_left_out_by_the_flags,contrast,n_left,n_right,estimate,p_two_sided,holm_p,n_left_flags_applied,n_right_flags_applied,estimate_flags_applied,p_two_sided_flags_applied,holm_p_flags_applied
development,5,scalar_numeric minus own pseudo clock,39,39.0,-0.3797021772067796,2.3796659661456943e-05,0.0001665766176301986,39,39.0,-0.3797021772067796,2.3796659661456943e-05,0.0001665766176301986
development,5,multi_dimensional_numeric minus own pseudo clock,38,38.0,-0.31057055100581576,0.000726071280951146,0.004356427685706876,38,38.0,-0.31057055100581576,0.000726071280951146,0.004356427685706876
development,5,narrative_text minus own pseudo clock,13,13.0,-0.2181024588019809,0.21630859375,0.64892578125,12,12.0,-0.2266592408713921,0.26611328125,0.79833984375
development,5,extemporaneous_speech minus own pseudo clock,13,13.0,-0.17236119929574684,1.0,1.0,12,12.0,-0.1730847263940818,0.67724609375,1.0
development,5,statement minus press conference (same meeting),13,13.0,-0.05334783287689995,0.021484375,0.107421875,12,12.0,-0.05238785409355262,0.04248046875,0.21240234375
development,5,scalar_numeric vs narrative_text,39,13.0,-0.2299970284576358,0.13906880551267184,0.5562752220506874,39,12.0,-0.2365428946088443,0.1397602712275841,0.5590410849103364
development,5,scalar_numeric vs multi_dimensional_numeric,39,38.0,-0.044654558771680106,0.6948621614950612,1.0,39,38.0,-0.044654558771680106,0.6948621614950612,1.0
development,5,scalar_numeric vs matched-day macro_control,39,20.0,-0.47915728540847363,9.985952214579505e-07,,39,20.0,-0.47915728540847363,9.985952214579505e-07,
development,5,multi_dimensional_numeric vs matched-day macro_control,38,20.0,-0.4345027266367935,4.123274748204612e-06,,38,20.0,-0.4345027266367935,4.123274748204612e-06,
development,5,narrative_text vs matched-day fomc_control,13,25.0,-0.20622996331415627,0.026733676398720686,,12,24.0,-0.19375514323677023,0.057957947893948245,
development,5,extemporaneous_speech vs matched-day fomc_control,13,25.0,-0.029759393419165003,0.9020461850450651,,12,24.0,-0.0774099428378574,0.7245705989591453,
development,5,trend across classes (Spearman rho),103,,0.3064079123698079,0.0016448884300903194,,101,,0.2911862491648015,0.0031342038868079386,
oos_backward,0,scalar_numeric minus own pseudo clock,202,202.0,-0.17260197496721036,1.0958600002859182e-07,7.671020002001428e-07,202,202.0,-0.17260197496721036,1.0958600002859182e-07,7.671020002001428e-07
oos_backward,0,multi_dimensional_numeric minus own pseudo clock,107,107.0,-0.21317386577011635,0.00023051086849147306,0.0013830652109488384,107,107.0,-0.21317386577011635,0.00023051086849147306,0.0013830652109488384
oos_backward,0,narrative_text minus own pseudo clock,71,71.0,-0.24999345762626585,0.0005619145758797483,0.002614730943422676,71,71.0,-0.24999345762626585,0.0005619145758797483,0.002614730943422676
oos_backward,0,extemporaneous_speech minus own pseudo clock,55,55.0,-0.027764408396486157,0.31067612681890155,0.31067612681890155,55,55.0,-0.027764408396486157,0.31067612681890155,0.31067612681890155
oos_backward,0,statement minus press conference (same meeting),55,55.0,-0.19596230984777616,0.0005229461886845352,0.002614730943422676,55,55.0,-0.19596230984777616,0.0005229461886845352,0.002614730943422676
oos_backward,0,scalar_numeric vs narrative_text,212,71.0,0.09986172157741366,0.0046447439322869115,0.013934231796860735,212,71.0,0.09986172157741366,0.0046447439322869115,0.013934231796860735
oos_backward,0,scalar_numeric vs multi_dimensional_numeric,212,108.0,0.07646009299932433,0.014534813249272062,0.029069626498544124,212,108.0,0.07646009299932433,0.014534813249272062,0.029069626498544124
oos_backward,0,scalar_numeric vs matched-day macro_control,212,82.0,-0.18045826713290358,0.001491070190857167,,212,82.0,-0.18045826713290358,0.001491070190857167,
oos_backward,0,multi_dimensional_numeric vs matched-day macro_control,108,82.0,-0.2569183601322279,9.273965962691058e-06,,108,82.0,-0.2569183601322279,9.273965962691058e-06,
oos_backward,0,narrative_text vs matched-day fomc_control,71,132.0,-0.2803304730538757,1.3640934932767625e-10,,71,132.0,-0.2803304730538757,1.3640934932767625e-10,
oos_backward,0,extemporaneous_speech vs matched-day fomc_control,55,132.0,-0.08333023290030772,0.040615882883807346,,55,132.0,-0.08333023290030772,0.040615882883807346,
oos_backward,0,trend across classes (Spearman rho),446,,-0.029606095830716505,0.5328740832288001,,446,,-0.029606095830716505,0.5328740832288001,
oos_forward,0,scalar_numeric minus own pseudo clock,21,21.0,-0.5583617054957997,0.002857208251953125,0.020000457763671875,21,21.0,-0.5583617054957997,0.002857208251953125,0.020000457763671875
oos_forward,0,multi_dimensional_numeric minus own pseudo clock,11,11.0,-0.4219544589970213,0.0419921875,0.234375,11,11.0,-0.4219544589970213,0.0419921875,0.234375
oos_forward,0,narrative_text minus own pseudo clock,8,8.0,-0.07377557810800524,0.640625,1.0,8,8.0,-0.07377557810800524,0.640625,1.0
oos_forward,0,extemporaneous_speech minus own pseudo clock,8,8.0,0.03738724515967196,0.3828125,1.0,8,8.0,0.03738724515967196,0.3828125,1.0
oos_forward,0,statement minus press conference (same meeting),8,8.0,-0.29083826964979786,0.0390625,0.234375,8,8.0,-0.29083826964979786,0.0390625,0.234375
oos_forward,0,scalar_numeric vs narrative_text,21,8.0,-0.18629822098201884,0.16767094308323696,0.6706837723329478,21,8.0,-0.18629822098201884,0.16767094308323696,0.6706837723329478
oos_forward,0,scalar_numeric vs multi_dimensional_numeric,21,11.0,-0.0037047798485077554,0.8739021494761463,1.0,21,11.0,-0.0037047798485077554,0.8739021494761463,1.0
oos_forward,0,scalar_numeric vs matched-day macro_control,21,10.0,-0.43781559149636284,0.029534912543505938,,21,10.0,-0.43781559149636284,0.029534912543505938,
oos_forward,0,multi_dimensional_numeric vs matched-day macro_control,11,10.0,-0.43411081164785503,0.09796098392599256,,11,10.0,-0.43411081164785503,0.09796098392599256,
oos_forward,0,narrative_text vs matched-day fomc_control,8,14.0,-0.28546338416295713,0.06982518685305063,,8,14.0,-0.28546338416295713,0.06982518685305063,
oos_forward,0,extemporaneous_speech vs matched-day fomc_control,8,14.0,0.048377573041781585,0.5251712168120837,,8,14.0,0.048377573041781585,0.5251712168120837,
oos_forward,0,trend across classes (Spearman rho),48,,0.406404556161315,0.004153297233028947,,48,,0.406404556161315,0.004153297233028947,
