rule,group,instrument,sample,N_trades,avg_gross_bp,avg_executable_bp,median_executable_bp,hit_rate,t_stat,p_value,CI_low,CI_high,max_drawdown,classification
SP1-fade,fomc_pc,ES,development,46,3.282195245849471,2.4331766212142982,-0.8331847544371987,0.5,0.1831223583921522,0.8555246004105612,-23.22477832767885,27.824899962474095,-336.14180011357416,NOT SUPPORTED
SP1-fade,fomc_pc,ES,holdout,28,-5.94388362293863,-6.410692395912006,-16.69123227718945,0.42857142857142855,-0.5468765290687179,0.5889553190050149,-28.76456970947089,16.749297935427414,-505.04654572219204,NOT SUPPORTED
SP1-fade,fomc_pc,ES,full_sample,74,-0.20875351531359387,-0.9131521960767361,-3.481061524390147,0.47297297297297297,-0.0978244321326979,0.9223398089985223,-18.934716056737624,17.33375326398054,-505.0465457221921,NOT SUPPORTED
SP1-fade,fomc_pc,NQ,development,47,10.649998713165482,10.103500220979809,-6.834102435815634,0.46808510638297873,0.6069717489823159,0.5468540825565369,-21.04958118037609,42.88756064345462,-638.8633863897074,NOT SUPPORTED
SP1-fade,fomc_pc,NQ,holdout,28,-21.152806201923347,-21.55093106065978,-20.269684888375934,0.39285714285714285,-1.5613451882373193,0.1300884355113043,-48.86750971830079,3.9248624895943798,-584.8834895889678,NOT SUPPORTED
SP1-fade,fomc_pc,NQ,full_sample,75,-1.2230484551343481,-1.714154124165641,-11.490952140591679,0.44,-0.14642003643491264,0.8839879625302653,-24.015344593780963,21.68616614900285,-638.8633863897074,NOT SUPPORTED
SP1-fade,fomc_pc,ZN,development,47,0.782307741689556,-0.4483790943184419,-2.4875622018817554,0.44680851063829785,-0.12249961598751107,0.9030369816476145,-7.236256698015607,6.979320821854273,-186.37390663390454,NOT SUPPORTED
SP1-fade,fomc_pc,ZN,holdout,28,0.783398063099226,-0.6252885644712419,-1.4011894408426129,0.4642857142857143,-0.12709283647430422,0.8998087232386911,-9.868724561743425,9.167309189686389,-97.00895252756597,NOT SUPPORTED
SP1-fade,fomc_pc,ZN,full_sample,75,0.7827147950158326,-0.514425296508821,-1.4151277176378565,0.4533333333333333,-0.1762777239898235,0.8605572938502184,-6.038076694343754,5.219948918851317,-186.37390663390454,NOT SUPPORTED
SP1-fade,fomc_pc,portfolio,development,47,4.845932356920809,3.969361074058196,-6.02604986001792,0.46808510638297873,0.39888416683065636,0.6918242889224386,-14.599051412669276,23.704138675451016,-367.0985461936357,NOT SUPPORTED
SP1-fade,fomc_pc,portfolio,holdout,28,-8.771097253920917,-9.528970673681012,-9.960547615151697,0.4642857142857143,-1.2046411917188522,0.23879542057655667,-24.660840562022873,5.361480475050154,-389.98842768111365,NOT SUPPORTED
SP1-fade,fomc_pc,portfolio,full_sample,75,-0.23775869779343567,-1.0700161117644427,-6.02604986001792,0.4666666666666667,-0.15496954427248766,0.8772672448657874,-13.893875661207796,12.689906023388808,-389.9884276811137,NOT SUPPORTED
SP1-fade,fomc_no_pc,ES,development,14,-8.310518335925549,-9.412122499014401,-7.280975512538854,0.35714285714285715,-0.8380207737383338,0.4171610217894751,-31.66291382317442,10.184598536788952,-174.09716048412213,NOT SUPPORTED
SP1-fade,fomc_no_pc,ES,holdout,0,,,,,,,,,,NOT SUPPORTED
SP1-fade,fomc_no_pc,ES,full_sample,14,-8.310518335925549,-9.412122499014401,-7.280975512538854,0.35714285714285715,-0.8380207737383338,0.4171610217894751,-31.66291382317442,10.184598536788952,-174.09716048412213,NOT SUPPORTED
SP1-fade,fomc_no_pc,NQ,development,16,-10.080534572292345,-10.710980136963979,-5.774818170902765,0.375,-0.9573992717507257,0.3535434283643558,-33.31859514285252,8.53026915830514,-209.04159729442165,NOT SUPPORTED
SP1-fade,fomc_no_pc,NQ,holdout,0,,,,,,,,,,NOT SUPPORTED
SP1-fade,fomc_no_pc,NQ,full_sample,16,-10.080534572292345,-10.710980136963979,-5.774818170902765,0.375,-0.9573992717507257,0.3535434283643558,-33.31859514285252,8.53026915830514,-209.04159729442165,NOT SUPPORTED
SP1-fade,fomc_no_pc,ZN,development,16,-3.1353344972107386,-4.378409429613962,-4.226834655920575,0.125,-2.2519696558431805,0.03973735306448518,-7.986933503543252,-0.5974465062571809,-57.13533011604571,NOT SUPPORTED
SP1-fade,fomc_no_pc,ZN,holdout,0,,,,,,,,,,NOT SUPPORTED
SP1-fade,fomc_no_pc,ZN,full_sample,16,-3.1353344972107386,-4.378409429613962,-4.226834655920575,0.125,-2.2519696558431805,0.03973735306448518,-7.986933503543252,-0.5974465062571809,-57.13533011604571,NOT SUPPORTED
SP1-fade,fomc_no_pc,portfolio,development,16,-6.6976834404222725,-7.682709612767827,-2.4816931427173126,0.25,-1.0780861419115193,0.2980278617945787,-22.201497357961596,4.499770771331113,-139.23287683283056,NOT SUPPORTED
SP1-fade,fomc_no_pc,portfolio,holdout,0,,,,,,,,,,NOT SUPPORTED
SP1-fade,fomc_no_pc,portfolio,full_sample,16,-6.6976834404222725,-7.682709612767827,-2.4816931427173126,0.25,-1.0780861419115193,0.2980278617945787,-22.201497357961596,4.499770771331113,-139.23287683283056,NOT SUPPORTED
SP1-fade,control,ES,development,113,1.6546564762574771,0.7605138622735247,0.0,0.48672566371681414,0.2870052698170724,0.7746385833428892,-4.100535903306885,6.179227775810813,-236.6243358487849,NOT SUPPORTED
SP1-fade,control,ES,holdout,56,-6.2450700691351875,-6.709239274960936,-4.707968376986356,0.35714285714285715,-2.128132004115444,0.037822213446029984,-13.24717828041991,-0.8885634284508569,-414.83736737862324,NOT SUPPORTED
SP1-fade,control,ES,full_sample,169,-0.9630043908548853,-1.7146706092361195,-1.9000570074263416,0.4437869822485207,-0.8286497750581893,0.4084783283651815,-5.679063249645484,2.4653623416097536,-505.26670337606686,NOT SUPPORTED
SP1-fade,control,NQ,development,117,-0.412382483994676,-0.9144424233841602,-0.6683375106916859,0.48717948717948717,-0.2853097303929081,0.7759156581843281,-7.033702259972449,5.537894570320055,-434.7527231048609,NOT SUPPORTED
SP1-fade,control,NQ,holdout,56,-7.024080593173322,-7.299390861101299,-4.563528362287396,0.39285714285714285,-1.8472934289804983,0.07008604833263257,-15.418099351150689,0.205180356180167,-486.58518418284604,NOT SUPPORTED
SP1-fade,control,NQ,full_sample,173,-2.5525853401449883,-2.981246541951557,-2.4979845936116836,0.45664739884393063,-1.1827506470649685,0.2385403225826875,-7.7435346270293195,2.023811840817084,-768.4348608643016,NOT SUPPORTED
SP1-fade,control,ZN,development,92,0.3664233321457804,-0.8676825772895695,0.0,0.32608695652173914,-1.3910644894857538,0.16759776458002304,-2.0731655216525287,0.3452818652920722,-81.8905960482934,NOT SUPPORTED
SP1-fade,control,ZN,holdout,49,1.3271258040477212,-0.07842676314071129,0.0,0.46938775510204084,-0.08948564266725356,0.9290683116192935,-1.7480730571008989,1.6294134903826856,-64.4854843282821,NOT SUPPORTED
SP1-fade,control,ZN,full_sample,141,0.7002844748634763,-0.5934021879754273,0.0,0.375886524822695,-1.1693074931874765,0.24426675240333418,-1.558478272501983,0.4040824678259031,-97.91261810584564,NOT SUPPORTED
SP1-fade,control,portfolio,development,118,0.2237783061752062,-0.6089548401013544,-1.2296632009536652,0.423728813559322,-0.3178366728106554,0.7511753969934384,-4.253620172834343,3.2792928671491883,-240.8909986830687,NOT SUPPORTED
SP1-fade,control,portfolio,holdout,56,-4.968226908843485,-5.640213290925538,-3.268878602974831,0.375,-1.9190880358965148,0.06016790516114429,-11.904256112639107,-0.37689876046675175,-374.82225881916867,NOT SUPPORTED
SP1-fade,control,portfolio,full_sample,174,-1.4472118779687408,-2.2282104334700565,-1.8316153432177347,0.40804597701149425,-1.3820569192247274,0.16873609862089514,-5.321603977255652,1.0785965897955858,-525.3106746851023,NOT SUPPORTED
SP1-fade-exit15,fomc_pc,ES,development,46,6.526946870014804,5.671198512004405,-2.2509093904733737,0.43478260869565216,0.7332276149190551,0.46722233472041275,-8.866031472181474,21.356332728268075,-264.98787428124933,NOT SUPPORTED
SP1-fade-exit15,fomc_pc,ES,holdout,28,-0.2643757432674826,-0.7480110472641197,-1.328114266173066,0.4642857142857143,-0.10181873526678382,0.9196529576617759,-14.816322238394216,13.476134764080776,-150.60778207215165,NOT SUPPORTED
SP1-fade-exit15,fomc_pc,ES,full_sample,74,3.9572572325566413,3.242308408497396,-1.8440926723213287,0.44594594594594594,0.5860359159701825,0.5596590179685084,-7.249745328176364,14.050419677396837,-264.98787428124933,NOT SUPPORTED
SP1-fade-exit15,fomc_pc,NQ,development,47,2.7562435716895175,2.186274934556098,-3.0058340732662403,0.44680851063829785,0.2283881208445007,0.8203567854694055,-15.220130807617895,21.80498275696365,-518.4418988555968,NOT SUPPORTED
SP1-fade-exit15,fomc_pc,NQ,holdout,28,-6.484945368575398,-6.888286885013961,-4.4462282271370155,0.4642857142857143,-0.7132118839621658,0.481834121376832,-25.712360004189442,11.895920939821021,-138.60110961561702,NOT SUPPORTED
SP1-fade-exit15,fomc_pc,NQ,full_sample,75,-0.6938002993427166,-1.2015614780833919,-3.0058340732662403,0.4533333333333333,-0.1722450291203484,0.8637151047108063,-14.374402237398227,12.843634585855506,-518.4418988555968,NOT SUPPORTED
SP1-fade-exit15,fomc_pc,ZN,development,47,-0.1774426695699833,-1.4212480949424922,-2.4603272359314263,0.44680851063829785,-0.6439378223153531,0.5228136515111028,-5.5650290325121565,2.939698458595238,-166.0296022857034,NOT SUPPORTED
SP1-fade-exit15,fomc_pc,ZN,holdout,28,-0.18410154793388825,-1.592784487088357,0.6738998595008036,0.5,-0.5086897328772749,0.6151014723850436,-7.578030658871245,4.6155727457791755,-108.51418430588527,NOT SUPPORTED
SP1-fade-exit15,fomc_pc,ZN,full_sample,75,-0.17992865082584114,-1.4852883480102816,-1.2099945565008636,0.4666666666666667,-0.8260255463996328,0.4114448879463718,-4.965663231460551,2.0657511021887314,-166.0296022857034,NOT SUPPORTED
SP1-fade-exit15,fomc_pc,portfolio,development,47,2.8845751706414786,1.993607499782772,-4.775800809711795,0.40425531914893614,0.3351995070367651,0.7389984768408909,-8.801336370151507,14.40182872437972,-292.4295207337987,NOT SUPPORTED
SP1-fade-exit15,fomc_pc,portfolio,holdout,28,-2.3111408865922556,-3.0763608064554804,-4.426806699467475,0.4642857142857143,-0.5600380750386921,0.5800708011154645,-13.699965329648759,7.56335781096196,-119.47591794651086,NOT SUPPORTED
SP1-fade-exit15,fomc_pc,portfolio,full_sample,75,0.9448411759408847,0.10081933212049125,-4.775800809711795,0.4266666666666667,0.02378246104595908,0.9810901450451062,-7.831404599161978,8.628116188431008,-292.4295207337987,NOT SUPPORTED
SP1-fade-exit15,fomc_no_pc,ES,development,14,-5.027645419630318,-6.129086135599244,-4.889212410509895,0.42857142857142855,-1.3242226875109813,0.20824022059804423,-15.222226450690808,2.2135279511551764,-96.3396773479419,NOT SUPPORTED
SP1-fade-exit15,fomc_no_pc,ES,holdout,0,,,,,,,,,,NOT SUPPORTED
SP1-fade-exit15,fomc_no_pc,ES,full_sample,14,-5.027645419630318,-6.129086135599244,-4.889212410509895,0.42857142857142855,-1.3242226875109813,0.20824022059804423,-15.222226450690808,2.2135279511551764,-96.3396773479419,NOT SUPPORTED
SP1-fade-exit15,fomc_no_pc,NQ,development,16,-3.8526436425001824,-4.493280073542453,3.529738889782721,0.5625,-0.8398495186992643,0.41417897347663923,-15.412455549718775,4.819729476923397,-120.5202722651568,NOT SUPPORTED
SP1-fade-exit15,fomc_no_pc,NQ,holdout,0,,,,,,,,,,NOT SUPPORTED
SP1-fade-exit15,fomc_no_pc,NQ,full_sample,16,-3.8526436425001824,-4.493280073542453,3.529738889782721,0.5625,-0.8398495186992643,0.41417897347663923,-15.412455549718775,4.819729476923397,-120.5202722651568,NOT SUPPORTED
SP1-fade-exit15,fomc_no_pc,ZN,development,16,-3.387923061154141,-4.630987115281824,-3.653316379347663,0.25,-2.935190797279522,0.010236835129453444,-7.699403796355373,-1.642321808537649,-65.9592381848749,NOT SUPPORTED
SP1-fade-exit15,fomc_no_pc,ZN,holdout,0,,,,,,,,,,NOT SUPPORTED
SP1-fade-exit15,fomc_no_pc,ZN,full_sample,16,-3.387923061154141,-4.630987115281824,-3.653316379347663,0.25,-2.935190797279522,0.010236835129453444,-7.699403796355373,-1.642321808537649,-65.9592381848749,NOT SUPPORTED
SP1-fade-exit15,fomc_no_pc,portfolio,development,16,-3.6771441667096347,-4.665512864068338,-1.2754245594051326,0.375,-1.494966766182142,0.15566232259691182,-11.039906220429975,0.7463358940459053,-83.11064085753766,NOT SUPPORTED
SP1-fade-exit15,fomc_no_pc,portfolio,holdout,0,,,,,,,,,,NOT SUPPORTED
SP1-fade-exit15,fomc_no_pc,portfolio,full_sample,16,-3.6771441667096347,-4.665512864068338,-1.2754245594051326,0.375,-1.494966766182142,0.15566232259691182,-11.039906220429975,0.7463358940459053,-83.11064085753766,NOT SUPPORTED
SP1-fade-exit15,control,ES,development,113,0.6254018520107504,-0.27273319667169954,0.0,0.4690265486725664,-0.22209979862809898,0.8246406793665243,-2.700113471248253,2.0723713954624303,-178.99703716893663,NOT SUPPORTED
SP1-fade-exit15,control,ES,holdout,56,-0.20300341655905876,-0.6671057859720051,1.0904506734566142,0.5535714285714286,-0.409604550681341,0.6836870044276816,-3.9126759904118615,2.4389807399791215,-94.52084659250038,NOT SUPPORTED
SP1-fade-exit15,control,ES,full_sample,169,0.3509006979284465,-0.4034128712327473,0.0,0.4970414201183432,-0.4117044723082325,0.6810808255596373,-2.283655923227694,1.482270115751941,-178.99703716893663,NOT SUPPORTED
SP1-fade-exit15,control,NQ,development,117,0.26082295206392553,-0.24472566654240313,-1.2852369137733886,0.42735042735042733,-0.16857139290274592,0.8664273604679241,-3.0399649611169113,2.6187199281593703,-244.5725332362111,NOT SUPPORTED
SP1-fade-exit15,control,NQ,holdout,56,0.6569631467085528,0.38205094411943996,2.1289979170067115,0.5535714285714286,0.1888987100559867,0.8508675319126373,-3.6133267271160183,4.262351278157927,-76.15700257129714,NOT SUPPORTED
SP1-fade-exit15,control,NQ,full_sample,173,0.38905330408761996,-0.041838439969783106,-0.5524709263575648,0.4682080924855491,-0.03554816255055954,0.971683864032407,-2.299694196653612,2.230764814284484,-244.5725332362111,NOT SUPPORTED
SP1-fade-exit15,control,ZN,development,92,-0.010725336339335976,-1.244783291889042,-1.203807689951332,0.17391304347826086,-4.861506670008778,4.84445457555934e-06,-1.758002411386444,-0.7506184063522283,-113.31415389845647,NOT SUPPORTED
SP1-fade-exit15,control,ZN,holdout,49,-0.1704100008951845,-1.5760466855823962,-1.4043957610329962,0.16326530612244897,-3.1852090815339213,0.00254203774160432,-2.553489812343918,-0.6475642866115412,-79.9418341139598,NOT SUPPORTED
SP1-fade-exit15,control,ZN,full_sample,141,-0.06621858856087197,-1.3599031946619098,-1.2395413712801013,0.1702127659574468,-5.6883226400963585,7.209476240498916e-08,-1.8376989834627486,-0.898991807699005,-190.5404414919939,NOT SUPPORTED
SP1-fade-exit15,control,portfolio,development,118,0.25238300817794507,-0.5831910293474494,-0.8856886528152972,0.4152542372881356,-0.6647681187538819,0.507506980732381,-2.274802552787811,1.1244501379998029,-159.42940025164458,NOT SUPPORTED
SP1-fade-exit15,control,portfolio,holdout,56,0.11244302670527524,-0.5596654704166183,0.26040008191389236,0.5,-0.422598244248202,0.6742360475722993,-3.2324235643234087,1.9913819252376697,-72.60968341104174,NOT SUPPORTED
SP1-fade-exit15,control,portfolio,full_sample,174,0.20734485322122376,-0.5756195850938486,-0.6940054722054876,0.4425287356321839,-0.7888610269166928,0.43127295676608324,-2.0134174881208526,0.871678647424779,-159.42940025164458,NOT SUPPORTED
SP1-fade-exit120,fomc_pc,ES,development,46,6.136388925120478,5.293127076363118,-6.196711056620687,0.45652173913043476,0.35890173923730206,0.7213471084405942,-22.845683576710517,33.73161860096947,-338.1921061813023,NOT SUPPORTED
SP1-fade-exit120,fomc_pc,ES,holdout,28,-0.26946462527356524,-0.7307289440288246,-0.8281971365967893,0.5,-0.045043176707621944,0.9644043870404273,-32.33182390262758,30.257649092517127,-569.4616264842211,NOT SUPPORTED
SP1-fade-exit120,fomc_pc,ES,full_sample,74,3.712552446593002,3.013830203782383,-6.196711056620687,0.47297297297297297,0.2747856890506065,0.7842570841846823,-18.080044906783712,24.8795048469301,-569.4616264842211,NOT SUPPORTED
SP1-fade-exit120,fomc_pc,NQ,development,47,19.64217450602064,19.123448765343362,-2.665911340913194,0.48936170212765956,1.0381264850793763,0.3046374879997391,-14.865347050559677,56.0243225537257,-387.51821286712124,NOT SUPPORTED
SP1-fade-exit120,fomc_pc,NQ,holdout,28,-10.52472464912569,-10.836079895019006,-23.38161669084746,0.42857142857142855,-0.5500157589008373,0.5868302075360039,-49.85544401982163,26.355542213396188,-638.3767945502141,NOT SUPPORTED
SP1-fade-exit120,fomc_pc,NQ,full_sample,75,8.379865488099345,7.938558065474746,-5.185198104319213,0.4666666666666667,0.5791357114449495,0.5642564134451689,-17.97714945945453,35.87724572438768,-638.3767945502141,NOT SUPPORTED
SP1-fade-exit120,fomc_pc,ZN,development,47,0.018795947210959757,-1.2116891416509898,-8.961577837346441,0.425531914893617,-0.30386695167226957,0.7625995466567903,-8.759000469175284,6.735280284510432,-217.5088273051177,NOT SUPPORTED
SP1-fade-exit120,fomc_pc,ZN,holdout,28,1.4591151373292781,0.05052048145526987,8.466843507283615,0.5357142857142857,0.008842494149543696,0.9930098153808322,-10.785036065276293,11.258185423852494,-100.41764747366987,NOT SUPPORTED
SP1-fade-exit120,fomc_pc,ZN,full_sample,75,0.5565151115217988,-0.7404642156913209,-3.7962670497049404,0.4666666666666667,-0.2269442099636264,0.8210929018747051,-6.960375995076341,5.599569647641814,-217.5088273051177,NOT SUPPORTED
SP1-fade-exit120,fomc_pc,portfolio,development,47,8.485786293965237,7.620417492617207,-4.222485339779943,0.48936170212765956,0.7124665605453662,0.47977433986508344,-12.178843465226512,29.175660808621473,-245.83108995578658,NOT SUPPORTED
SP1-fade-exit120,fomc_pc,portfolio,holdout,28,-3.111691379023328,-3.838762785864188,-6.32687662921668,0.4642857142857143,-0.33065436742176807,0.7434578640631486,-26.63781261264122,17.57361849352834,-412.609417621665,NOT SUPPORTED
SP1-fade-exit120,fomc_pc,portfolio,full_sample,75,4.156061296049506,3.3423235219841536,-4.222485339779943,0.48,0.41996324811599145,0.6757291740361231,-11.705521117395499,19.58190913393198,-412.609417621665,NOT SUPPORTED
SP1-fade-exit120,fomc_no_pc,ES,development,14,2.0513113438434725,0.949473008394025,7.334751457932441,0.6428571428571429,0.06780589569413303,0.9469719509018222,-25.95545121662412,26.70400191623644,-117.20268940826658,NOT SUPPORTED
SP1-fade-exit120,fomc_no_pc,ES,holdout,0,,,,,,,,,,NOT SUPPORTED
SP1-fade-exit120,fomc_no_pc,ES,full_sample,14,2.0513113438434725,0.949473008394025,7.334751457932441,0.6428571428571429,0.06780589569413303,0.9469719509018222,-25.95545121662412,26.70400191623644,-117.20268940826658,NOT SUPPORTED
SP1-fade-exit120,fomc_no_pc,NQ,development,16,0.8403531444280379,0.23298461596179187,7.147421043478559,0.5625,0.01619536822661879,0.9872919846716816,-27.7778971642318,26.36335459068147,-167.2536313314961,NOT SUPPORTED
SP1-fade-exit120,fomc_no_pc,NQ,holdout,0,,,,,,,,,,NOT SUPPORTED
SP1-fade-exit120,fomc_no_pc,NQ,full_sample,16,0.8403531444280379,0.23298461596179187,7.147421043478559,0.5625,0.01619536822661879,0.9872919846716816,-27.7778971642318,26.36335459068147,-167.2536313314961,NOT SUPPORTED
SP1-fade-exit120,fomc_no_pc,ZN,development,16,-2.8873209580940706,-4.130410966409141,-3.1126978350926686,0.1875,-2.2089835468673007,0.04314896666561143,-7.552806157005975,-0.504567996850749,-56.87697211852535,NOT SUPPORTED
SP1-fade-exit120,fomc_no_pc,ZN,holdout,0,,,,,,,,,,NOT SUPPORTED
SP1-fade-exit120,fomc_no_pc,ZN,full_sample,16,-2.8873209580940706,-4.130410966409141,-3.1126978350926686,0.1875,-2.2089835468673007,0.04314896666561143,-7.552806157005975,-0.504567996850749,-56.87697211852535,NOT SUPPORTED
SP1-fade-exit120,fomc_no_pc,portfolio,development,16,0.23007837719556523,-0.7473237856840357,3.7769686687259503,0.5625,-0.08272225754789199,0.9351661921785261,-18.545858395193385,15.434899776827772,-106.02939087747112,NOT SUPPORTED
SP1-fade-exit120,fomc_no_pc,portfolio,holdout,0,,,,,,,,,,NOT SUPPORTED
SP1-fade-exit120,fomc_no_pc,portfolio,full_sample,16,0.23007837719556523,-0.7473237856840357,3.7769686687259503,0.5625,-0.08272225754789199,0.9351661921785261,-18.545858395193385,15.434899776827772,-106.02939087747112,NOT SUPPORTED
SP1-fade-exit120,control,ES,development,113,0.5066622408809253,-0.38370297112366814,-0.9151223982592701,0.46017699115044247,-0.12701254566714315,0.8991582198556016,-6.121216456489793,5.605831237075863,-401.1593626585519,NOT SUPPORTED
SP1-fade-exit120,control,ES,holdout,56,-9.607854400680976,-10.074867084765486,-10.35464061114485,0.3392857142857143,-2.535553820769481,0.014099004157358992,-17.975314650724318,-2.6000401791702967,-594.2266566818593,NOT SUPPORTED
SP1-fade-exit120,control,ES,full_sample,169,-2.844893569340769,-3.594976286886637,-3.0840401169660097,0.42011834319526625,-1.4794338673846483,0.1408970755585411,-8.296330720354012,1.1899131579622024,-787.0271814336693,NOT SUPPORTED
SP1-fade-exit120,control,NQ,development,117,-1.282691433229209,-1.7713214148383936,-1.68458882392928,0.48717948717948717,-0.4914445069374458,0.6240406850123418,-8.752827808295683,5.466158024996338,-577.6172244831367,NOT SUPPORTED
SP1-fade-exit120,control,NQ,holdout,56,-9.91225110519756,-10.163405433286963,-9.602910842707564,0.3392857142857143,-2.1612720222800617,0.03504444868627439,-19.280945574959937,-1.0765441174345765,-683.7292588560393,NOT SUPPORTED
SP1-fade-exit120,control,NQ,full_sample,173,-4.076074910860582,-4.48783416069458,-4.031092042352996,0.4393063583815029,-1.5573794330282151,0.12121851744858048,-10.032320369666161,1.2284535785196307,-1100.8603257627901,NOT SUPPORTED
SP1-fade-exit120,control,ZN,development,92,0.3670351232097075,-0.8670267542178879,-1.2216040907290997,0.391304347826087,-1.1657718234669892,0.24675315000953468,-2.304391119167813,0.5869047142859972,-112.58765575313586,NOT SUPPORTED
SP1-fade-exit120,control,ZN,holdout,49,2.228624536646963,0.8230982675916432,0.0,0.4489795918367347,0.8126894570994707,0.4204087498843263,-1.1404775627193653,2.795840456164442,-47.9614736824476,NOT SUPPORTED
SP1-fade-exit120,control,ZN,full_sample,141,1.0139704512836474,-0.27967834238337,-1.1196327616243178,0.41134751773049644,-0.4651993279892999,0.6425115060732585,-1.4481873206554965,0.8944180412749483,-112.58765575313586,NOT SUPPORTED
SP1-fade-exit120,control,portfolio,development,118,-0.3511703571554539,-1.1784665125620255,-2.058339126608996,0.4406779661016949,-0.525771761553737,0.6000419061066937,-5.493979676177444,3.3566377719522915,-358.6631313683632,NOT SUPPORTED
SP1-fade-exit120,control,portfolio,holdout,56,-6.497361855059424,-7.162417312453242,-6.057647858496056,0.3392857142857143,-2.0042194138327214,0.04998072583148402,-14.604436548256531,-0.599436712439085,-489.9336430341327,NOT SUPPORTED
SP1-fade-exit120,control,portfolio,full_sample,174,-2.3292549771705255,-3.1043357355155208,-2.797340006538425,0.40804597701149425,-1.623536555927024,0.1062954745311042,-6.920664516248126,0.6646333022854284,-696.9870838568306,NOT SUPPORTED
SP1-follow,fomc_pc,ES,development,46,-3.282195245849471,-4.131212856823876,-0.749942093928842,0.5,-0.3112721631647872,0.7570311956261409,-29.53459633223777,21.472133950247486,-500.86340502886344,NOT SUPPORTED
SP1-follow,fomc_pc,ES,holdout,28,5.94388362293863,5.477075447796578,15.618280571739735,0.5714285714285714,0.46676565391814123,0.6444121583120207,-17.689908252054057,27.85343411913044,-172.047721735532,NOT SUPPORTED
SP1-follow,fomc_pc,ES,full_sample,74,0.20875351531359387,-0.49564430912965035,2.2858464945593413,0.527027027027027,-0.0531188967291158,0.9577822724359109,-18.762229567989838,17.4899596035552,-803.2828021122656,NOT SUPPORTED
SP1-follow,fomc_pc,NQ,development,47,-10.649998713165482,-11.196496654663386,5.125430790754959,0.5319148936170213,-0.6723648859214694,0.5047149005119995,-44.00797034973382,19.923334417154603,-1163.3054643231176,NOT SUPPORTED
SP1-follow,fomc_pc,NQ,holdout,28,21.152806201923347,20.75468165720565,19.61389322654012,0.6071428571428571,1.5064617680134915,0.14356008339274912,-4.685272213593081,47.97725129595521,-209.14814545084792,NOT SUPPORTED
SP1-follow,fomc_pc,NQ,full_sample,75,1.2230484551343481,0.731943248434389,10.772767488261668,0.56,0.06251000822271609,0.9503252288694353,-22.664665875105673,23.009666813883868,-1163.3054643231176,NOT SUPPORTED
SP1-follow,fomc_pc,ZN,development,47,-0.782307741689556,-2.012994592469422,0.0,0.48936170212765956,-0.5487531147197926,0.5858287233003122,-9.46598849670324,4.789286362928315,-227.29803792344666,NOT SUPPORTED
SP1-follow,fomc_pc,ZN,holdout,28,-0.783398063099226,-2.192084693965461,-1.4011894408426129,0.4642857142857143,-0.445983405502149,0.6591652840542072,-11.973639406893483,7.028703045672076,-93.95096940675948,NOT SUPPORTED
SP1-follow,fomc_pc,ZN,full_sample,75,-0.7827147950158326,-2.0798548970279427,-1.1250492220903854,0.48,-0.7120077791883702,0.47869875125897143,-7.824432187040824,3.443546540905106,-344.06949291458295,NOT SUPPORTED
SP1-follow,fomc_pc,portfolio,development,47,-4.845932356920809,-5.722503130867654,4.008938576801308,0.5106382978723404,-0.575075523391253,0.5680425638347386,-25.475464249665688,12.835479708933208,-605.7407716325708,NOT SUPPORTED
SP1-follow,fomc_pc,portfolio,holdout,28,8.771097253920917,8.013224137012257,8.41490405534806,0.5,1.0142534858092305,0.31946508101526966,-6.846075247168045,23.13923939809933,-130.43757727970439,NOT SUPPORTED
SP1-follow,fomc_pc,portfolio,full_sample,75,0.23775869779343567,-0.5944982841924874,4.008938576801308,0.5066666666666667,-0.0861029384803146,0.9316171365297357,-14.35983176587969,12.231419092771734,-731.2024626751612,NOT SUPPORTED
SP1-follow,fomc_no_pc,ES,development,14,8.310518335925549,7.208914254567827,5.200696674959605,0.6428571428571429,0.6439311614044717,0.5308172510962829,-12.381321624007644,29.363217832743068,-66.88548946815138,NOT SUPPORTED
SP1-follow,fomc_no_pc,ES,holdout,0,,,,,,,,,,NOT SUPPORTED
SP1-follow,fomc_no_pc,ES,full_sample,14,8.310518335925549,7.208914254567827,5.200696674959605,0.6428571428571429,0.6439311614044717,0.5308172510962829,-12.381321624007644,29.363217832743068,-66.88548946815138,NOT SUPPORTED
SP1-follow,fomc_no_pc,NQ,development,16,10.080534572292345,9.450086469886267,4.869068916734739,0.625,0.8462230926780668,0.4107255202868034,-9.79750884658732,31.997080754637786,-63.74048335977312,NOT SUPPORTED
SP1-follow,fomc_no_pc,NQ,holdout,0,,,,,,,,,,NOT SUPPORTED
SP1-follow,fomc_no_pc,NQ,full_sample,16,10.080534572292345,9.450086469886267,4.869068916734739,0.625,0.8462230926780668,0.4107255202868034,-9.79750884658732,31.997080754637786,-63.74048335977312,NOT SUPPORTED
SP1-follow,fomc_no_pc,ZN,development,16,3.1353344972107386,1.8922595871371515,1.802026630761868,0.5625,0.9679984290802952,0.3483949032834567,-1.9120401588824534,5.525936025386895,-20.546118142598623,NOT SUPPORTED
SP1-follow,fomc_no_pc,ZN,holdout,0,,,,,,,,,,NOT SUPPORTED
SP1-follow,fomc_no_pc,ZN,full_sample,16,3.1353344972107386,1.8922595871371515,1.802026630761868,0.5625,0.9679984290802952,0.3483949032834567,-1.9120401588824534,5.525936025386895,-20.546118142598623,NOT SUPPORTED
SP1-follow,fomc_no_pc,portfolio,development,16,6.6976834404222725,5.712656172983836,0.5609367192766108,0.5625,0.8034902168239637,0.4342401104414655,-6.464972533836126,20.133643362527923,-48.8086286493528,NOT SUPPORTED
SP1-follow,fomc_no_pc,portfolio,holdout,0,,,,,,,,,,NOT SUPPORTED
SP1-follow,fomc_no_pc,portfolio,full_sample,16,6.6976834404222725,5.712656172983836,0.5609367192766108,0.5625,0.8034902168239637,0.4342401104414655,-6.464972533836126,20.133643362527923,-48.8086286493528,NOT SUPPORTED
SP1-follow,control,ES,development,113,-1.6546564762574771,-2.548799662570287,-2.417210550808032,0.4247787610619469,-0.9606459486548287,0.3387995535130488,-7.97244274009053,2.317736561855605,-360.87940141659703,NOT SUPPORTED
SP1-follow,control,ES,holdout,56,6.2450700691351875,5.780900332644833,3.647673265908166,0.6428571428571429,1.8341411026294423,0.07204498462582778,-0.04126331412781438,12.288182873535598,-91.6326845943237,NOT SUPPORTED
SP1-follow,control,ES,full_sample,169,0.9630043908548853,0.21133761395069914,0.0,0.4970414201183432,0.10183195804704806,0.9190114969006704,-4.010195395768648,4.180116423788101,-360.87940141659703,NOT SUPPORTED
SP1-follow,control,NQ,development,117,0.412382483994676,-0.08967756831363723,-0.48608579423873904,0.48717948717948717,-0.027905874487399777,0.9777851758173335,-6.575475240065934,6.037395953123799,-286.68290305649805,NOT SUPPORTED
SP1-follow,control,NQ,holdout,56,7.024080593173322,6.74877048962924,4.143584136393748,0.6071428571428571,1.7090544848506692,0.09307857661485477,-0.7497966388225649,14.867179854585057,-131.81068486974323,NOT SUPPORTED
SP1-follow,control,NQ,full_sample,173,2.5525853401449883,2.1239241151823216,1.804348484732366,0.5260115606936416,0.8406175256328186,0.4017292958053643,-2.899249802704439,6.897271569110443,-286.68290305649805,NOT SUPPORTED
SP1-follow,control,ZN,development,92,-0.3664233321457804,-1.600529244640722,-2.253277571962718,0.33695652173913043,-2.5627970175688235,0.012024974477229906,-2.8197179915495734,-0.39736156603176814,-169.74295179257498,NOT SUPPORTED
SP1-follow,control,ZN,holdout,49,-1.3271258040477212,-2.7326783845434477,-2.822466854751379,0.32653061224489793,-3.115820074755195,0.0030936006366477126,-4.437913069831127,-1.0623459008834577,-131.1189589123952,NOT SUPPORTED
SP1-follow,control,ZN,full_sample,141,-0.7002844748634763,-1.9939711443232295,-2.354048975089384,0.3333333333333333,-3.9169738309666227,0.0001396171085430482,-2.994081274447215,-1.0316595862677445,-296.65453484662635,NOT SUPPORTED
SP1-follow,control,portfolio,development,118,-0.2237783061752062,-1.0565118414193608,-0.5923472597265268,0.4830508474576271,-0.5497666898514927,0.5835273265300231,-4.962611879374887,2.5973191859458113,-180.74473202934942,NOT SUPPORTED
SP1-follow,control,portfolio,holdout,56,4.968226908843485,4.296240415212727,2.149093836718527,0.5535714285714286,1.4574604256249617,0.1506756879491279,-0.9741204492080107,10.593997505815592,-96.19985720143535,NOT SUPPORTED
SP1-follow,control,portfolio,full_sample,174,1.4472118779687408,0.6662130227840698,0.26119390671888,0.5057471264367817,0.41166377971629914,0.6810954448132529,-2.650301526583563,3.7911358052582473,-201.790732050159,NOT SUPPORTED
SP2-fade-large,fomc_pc,ES,development,12,30.2031022418299,29.313390037882627,-0.8331847544371987,0.5,0.7653712547733608,0.46015734339213166,-40.51079405835007,103.80334539164988,-256.25736819675086,NOT SUPPORTED
SP2-fade-large,fomc_pc,ES,holdout,4,-37.60543419333277,-38.1074532620666,-42.597596544878385,0.25,-1.1065393182368384,0.349250566362772,-94.72857640094226,23.003813159620826,-201.8266487634486,NOT SUPPORTED
SP2-fade-large,fomc_pc,ES,full_sample,16,13.250968133039235,12.458179212895317,-8.114742905641835,0.4375,0.4100901310367846,0.6875370827561677,-42.61411797253159,73.44915047428066,-256.25736819675086,NOT SUPPORTED
SP2-fade-large,fomc_pc,NQ,development,12,48.418243060744636,47.785390611167564,14.500978637666817,0.5833333333333334,1.000398569524163,0.3386162926094395,-39.79400770261,140.9217201321576,-285.63040855115025,NOT SUPPORTED
SP2-fade-large,fomc_pc,NQ,holdout,2,-97.47928858340322,-98.23746543572067,-98.23746543572067,0.0,,,,,-36.03100075866806,NOT SUPPORTED
SP2-fade-large,fomc_pc,NQ,full_sample,14,27.575738540152088,26.924982604469246,0.5421845068057305,0.5,0.6179992154882802,0.5472504438461929,-52.55309087453859,112.58127702765167,-285.63040855115025,NOT SUPPORTED
SP2-fade-large,fomc_pc,ZN,development,12,7.22172730160901,5.948203353297932,-1.849951920619909,0.4166666666666667,0.5343161188594271,0.6037539848372036,-13.410789543691916,27.464076860854643,-92.83026271489558,NOT SUPPORTED
SP2-fade-large,fomc_pc,ZN,holdout,5,-20.411562534468125,-21.80804418424255,-18.175468128298764,0.0,-3.2791561167251735,0.03052495895565496,-33.34726859258181,-10.950559080899671,-75.09355243341977,NOT SUPPORTED
SP2-fade-large,fomc_pc,ZN,full_sample,17,-0.905710885472502,-2.2153988636257402,-16.901412474052428,0.29411764705882354,-0.2586009889237326,0.7992403746341028,-17.31638146234601,15.61957324358984,-109.04022092121276,NOT SUPPORTED
SP2-fade-large,fomc_pc,portfolio,development,16,14.724825242511848,13.762573086482282,-4.775466013059303,0.4375,0.5163070597999608,0.6131671784398778,-37.38351676323133,63.29956677182814,-320.30912105990865,NOT SUPPORTED
SP2-fade-large,fomc_pc,portfolio,holdout,6,-32.60559377473767,-33.62984252652254,-28.77218592164456,0.16666666666666666,-1.9432174266722122,0.10961815773619156,-67.05117498598342,-4.970938106112783,-191.83717894690966,NOT SUPPORTED
SP2-fade-large,fomc_pc,portfolio,full_sample,22,1.816529146898343,0.8373688283900588,-7.4413236460387555,0.36363636363636365,0.04136631830844428,0.9673946422961324,-37.665061933289984,40.981773556158835,-320.30912105990865,NOT SUPPORTED
SP2-fade-large,fomc_no_pc,ES,development,1,53.14985031088034,51.94189367260783,51.94189367260783,1.0,,,,,0.0,NOT SUPPORTED
SP2-fade-large,fomc_no_pc,ES,holdout,0,,,,,,,,,,NOT SUPPORTED
SP2-fade-large,fomc_no_pc,ES,full_sample,1,53.14985031088034,51.94189367260783,51.94189367260783,1.0,,,,,0.0,NOT SUPPORTED
SP2-fade-large,fomc_no_pc,NQ,development,1,60.165568858839855,59.356962532000864,59.356962532000864,1.0,,,,,0.0,NOT SUPPORTED
SP2-fade-large,fomc_no_pc,NQ,holdout,0,,,,,,,,,,NOT SUPPORTED
SP2-fade-large,fomc_no_pc,NQ,full_sample,1,60.165568858839855,59.356962532000864,59.356962532000864,1.0,,,,,0.0,NOT SUPPORTED
SP2-fade-large,fomc_no_pc,ZN,development,0,,,,,,,,,,NOT SUPPORTED
SP2-fade-large,fomc_no_pc,ZN,holdout,0,,,,,,,,,,NOT SUPPORTED
SP2-fade-large,fomc_no_pc,ZN,full_sample,0,,,,,,,,,,NOT SUPPORTED
SP2-fade-large,fomc_no_pc,portfolio,development,1,56.6577095848601,55.64942810230435,55.64942810230435,1.0,,,,,0.0,NOT SUPPORTED
SP2-fade-large,fomc_no_pc,portfolio,holdout,0,,,,,,,,,,NOT SUPPORTED
SP2-fade-large,fomc_no_pc,portfolio,full_sample,1,56.6577095848601,55.64942810230435,55.64942810230435,1.0,,,,,0.0,NOT SUPPORTED
SP2-fade-large,control,ES,development,2,-22.564005207933505,-23.607391642840017,-23.607391642840017,0.0,,,,,-39.32004603352929,NOT SUPPORTED
SP2-fade-large,control,ES,holdout,0,,,,,,,,,,NOT SUPPORTED
SP2-fade-large,control,ES,full_sample,2,-22.564005207933505,-23.607391642840017,-23.607391642840017,0.0,,,,,-39.32004603352929,NOT SUPPORTED
SP2-fade-large,control,NQ,development,2,-18.719002483864468,-19.400133547979767,-19.400133547979767,0.0,,,,,-35.19146157140868,NOT SUPPORTED
SP2-fade-large,control,NQ,holdout,0,,,,,,,,,,NOT SUPPORTED
SP2-fade-large,control,NQ,full_sample,2,-18.719002483864468,-19.400133547979767,-19.400133547979767,0.0,,,,,-35.19146157140868,NOT SUPPORTED
SP2-fade-large,control,ZN,development,0,,,,,,,,,,NOT SUPPORTED
SP2-fade-large,control,ZN,holdout,0,,,,,,,,,,NOT SUPPORTED
SP2-fade-large,control,ZN,full_sample,0,,,,,,,,,,NOT SUPPORTED
SP2-fade-large,control,portfolio,development,2,-20.64150384589899,-21.503762595409896,-21.503762595409896,0.0,,,,,-37.25575380246899,NOT SUPPORTED
SP2-fade-large,control,portfolio,holdout,0,,,,,,,,,,NOT SUPPORTED
SP2-fade-large,control,portfolio,full_sample,2,-20.64150384589899,-21.503762595409896,-21.503762595409896,0.0,,,,,-37.25575380246899,NOT SUPPORTED
SP2-follow-large,fomc_pc,ES,development,12,-30.2031022418299,-31.092810657241415,-0.749942093928842,0.5,-0.8134518102880848,0.43321407082664576,-105.44166953832068,38.53380192456999,-694.9001058884677,NOT SUPPORTED
SP2-follow-large,fomc_pc,ES,holdout,4,37.60543419333277,37.10341723010791,41.57090259049582,0.75,1.075422373373824,0.36097584299433444,-24.105015328164257,93.84436442799215,0.0,NOT SUPPORTED
SP2-follow-large,fomc_pc,ES,full_sample,16,-13.250968133039235,-14.043753685404091,6.225762554247428,0.5625,-0.4627041291022159,0.6502177143164831,-74.94768023224007,40.97689635044325,-717.5055940749022,NOT SUPPORTED
SP2-follow-large,fomc_pc,NQ,development,12,-48.418243060744636,-49.05109408816011,-15.536372260934964,0.4166666666666667,-1.0273604354608403,0.3263124210343171,-142.17838720306239,38.536721978486455,-926.1385844577981,NOT SUPPORTED
SP2-follow-large,fomc_pc,NQ,holdout,2,97.47928858340322,96.72113454130425,96.72113454130425,1.0,,,,,0.0,NOT SUPPORTED
SP2-follow-large,fomc_pc,NQ,full_sample,14,-27.575738540152088,-28.226489998236634,-1.5625971818085316,0.5,-0.6484051577677572,0.5280106120929745,-113.8667918245837,51.15370978784997,-926.1385844577981,NOT SUPPORTED
SP2-follow-large,fomc_pc,ZN,development,12,-7.22172730160901,-8.495251334752064,-0.6061708196790314,0.4166666666666667,-0.7608790238637458,0.4627284430774211,-30.078763956702716,10.920306334981944,-216.33976971458986,NOT SUPPORTED
SP2-follow-large,fomc_pc,ZN,holdout,5,20.411562534468125,19.01508108445463,15.379241059923014,0.8,2.8606699821497754,0.04589843748049879,8.154751494597338,30.523873406777234,-1.3872511640473704,NOT SUPPORTED
SP2-follow-large,fomc_pc,ZN,full_sample,17,0.905710885472502,-0.40397709380891783,14.084509370579205,0.5294117647058824,-0.04710000861803255,0.9630164140506856,-18.23364550904956,14.696578636561178,-216.33976971458986,NOT SUPPORTED
SP2-follow-large,fomc_pc,portfolio,development,16,-14.724825242511848,-15.687075570607885,2.4848462340200035,0.5,-0.5889597256857773,0.5646532448825388,-65.20119243270574,35.34192453689432,-606.2933264866056,NOT SUPPORTED
SP2-follow-large,fomc_pc,portfolio,holdout,6,32.60559377473767,31.581348367846278,26.451442137872135,0.8333333333333334,1.8193128371470713,0.1285227704580502,2.6355524261725574,65.12636515372581,-25.959825549728865,NOT SUPPORTED
SP2-follow-large,fomc_pc,portfolio,full_sample,22,-1.816529146898343,-2.7956872237567496,5.577815618043518,0.5909090909090909,-0.13820268117287052,0.8913968819002682,-42.944865224490705,35.63928896909837,-606.2933264866056,NOT SUPPORTED
SP2-follow-large,fomc_no_pc,ES,development,1,-53.14985031088034,-54.357807336915954,-54.357807336915954,0.0,,,,,0.0,NOT SUPPORTED
SP2-follow-large,fomc_no_pc,ES,holdout,0,,,,,,,,,,NOT SUPPORTED
SP2-follow-large,fomc_no_pc,ES,full_sample,1,-53.14985031088034,-54.357807336915954,-54.357807336915954,0.0,,,,,0.0,NOT SUPPORTED
SP2-follow-large,fomc_no_pc,NQ,development,1,-60.165568858839855,-60.974153566480915,-60.974153566480915,0.0,,,,,0.0,NOT SUPPORTED
SP2-follow-large,fomc_no_pc,NQ,holdout,0,,,,,,,,,,NOT SUPPORTED
SP2-follow-large,fomc_no_pc,NQ,full_sample,1,-60.165568858839855,-60.974153566480915,-60.974153566480915,0.0,,,,,0.0,NOT SUPPORTED
SP2-follow-large,fomc_no_pc,ZN,development,0,,,,,,,,,,NOT SUPPORTED
SP2-follow-large,fomc_no_pc,ZN,holdout,0,,,,,,,,,,NOT SUPPORTED
SP2-follow-large,fomc_no_pc,ZN,full_sample,0,,,,,,,,,,NOT SUPPORTED
SP2-follow-large,fomc_no_pc,portfolio,development,1,-56.6577095848601,-57.66598045169843,-57.66598045169843,0.0,,,,,0.0,NOT SUPPORTED
SP2-follow-large,fomc_no_pc,portfolio,holdout,0,,,,,,,,,,NOT SUPPORTED
SP2-follow-large,fomc_no_pc,portfolio,full_sample,1,-56.6577095848601,-57.66598045169843,-57.66598045169843,0.0,,,,,0.0,NOT SUPPORTED
SP2-follow-large,control,ES,development,2,22.564005207933505,21.520618858791874,21.520618858791874,1.0,,,,,0.0,NOT SUPPORTED
SP2-follow-large,control,ES,holdout,0,,,,,,,,,,NOT SUPPORTED
SP2-follow-large,control,ES,full_sample,2,22.564005207933505,21.520618858791874,21.520618858791874,1.0,,,,,0.0,NOT SUPPORTED
SP2-follow-large,control,NQ,development,2,18.719002483864468,18.037885009963016,18.037885009963016,1.0,,,,,0.0,NOT SUPPORTED
SP2-follow-large,control,NQ,holdout,0,,,,,,,,,,NOT SUPPORTED
SP2-follow-large,control,NQ,full_sample,2,18.719002483864468,18.037885009963016,18.037885009963016,1.0,,,,,0.0,NOT SUPPORTED
SP2-follow-large,control,ZN,development,0,,,,,,,,,,NOT SUPPORTED
SP2-follow-large,control,ZN,holdout,0,,,,,,,,,,NOT SUPPORTED
SP2-follow-large,control,ZN,full_sample,0,,,,,,,,,,NOT SUPPORTED
SP2-follow-large,control,portfolio,development,2,20.64150384589899,19.779251934377445,19.779251934377445,1.0,,,,,0.0,NOT SUPPORTED
SP2-follow-large,control,portfolio,holdout,0,,,,,,,,,,NOT SUPPORTED
SP2-follow-large,control,portfolio,full_sample,2,20.64150384589899,19.779251934377445,19.779251934377445,1.0,,,,,0.0,NOT SUPPORTED
SP3-pc-momentum,fomc_pc,ES,development,47,13.698331459428132,12.857133736114815,5.505092349325582,0.5319148936170213,1.4158094864107607,0.16356689133675018,-4.608487401264896,30.633659042041206,-187.93028947665593,NOT SUPPORTED
SP3-pc-momentum,fomc_pc,ES,holdout,28,-3.0539761232344134,-3.5281213402757676,-3.950175329890977,0.4642857142857143,-0.32336992746004756,0.7489064209379668,-24.3642376028527,17.820799267816067,-290.8490215390626,NOT SUPPORTED
SP3-pc-momentum,fomc_pc,ES,full_sample,75,7.444136628567452,6.739971840928997,4.798569246002443,0.5066666666666667,0.9610048416491938,0.3396793973317024,-6.319821791870628,20.642118615649938,-290.8490215390625,NOT SUPPORTED
SP3-pc-momentum,fomc_pc,NQ,development,47,27.676313099508345,27.135129908057735,14.785174152087823,0.7021276595744681,2.434605311239205,0.018846573037912037,6.024383285228873,48.98139355358279,-197.16595259119606,NOT SUPPORTED
SP3-pc-momentum,fomc_pc,NQ,holdout,28,-10.394532136016634,-10.839979047078955,-16.426893848585724,0.39285714285714285,-0.840594336446461,0.407957995993117,-35.36825568697674,14.302158129125456,-535.7178623764487,NOT SUPPORTED
SP3-pc-momentum,fomc_pc,NQ,full_sample,75,13.46319754491235,12.95775589814004,8.320437136533613,0.5866666666666667,1.4902522242400085,0.14040818461665988,-3.3294251234496324,30.535959771087963,-535.717862376449,NOT SUPPORTED
SP3-pc-momentum,fomc_pc,ZN,development,46,2.226623301549873,0.9955611250755806,2.5470413783063863,0.5434782608695652,0.41559561461822847,0.67968110758289,-3.7445914335481767,5.61938903351673,-120.24430512051734,NOT SUPPORTED
SP3-pc-momentum,fomc_pc,ZN,holdout,28,-1.6508629358415103,-3.0592887179610173,-0.6973014445443296,0.4642857142857143,-0.8253467875885728,0.4164078054610105,-10.270364782138886,3.781081484213704,-160.8849317917826,NOT SUPPORTED
SP3-pc-momentum,fomc_pc,ZN,full_sample,74,0.7594663468612415,-0.5387063831004301,2.458909515808468,0.5135135135135135,-0.26365703601046114,0.7927870394527115,-4.603120021506567,3.4359599170277004,-160.8849317917826,NOT SUPPORTED
SP3-pc-momentum,fomc_pc,portfolio,development,47,14.5341330052752,13.66783946511028,7.200848282539913,0.6382978723404256,2.044488153096087,0.04665294471998417,1.126998375797315,26.631304266197652,-119.14567542535531,NOT SUPPORTED
SP3-pc-momentum,fomc_pc,portfolio,holdout,28,-5.033123731697519,-5.809129701771913,-13.427521579581505,0.39285714285714285,-0.6730372515726875,0.5066438891682892,-22.226411332064597,11.007598571225932,-329.1506052357646,NOT SUPPORTED
SP3-pc-momentum,fomc_pc,portfolio,full_sample,75,7.229023823472049,6.396437642807594,3.7748901136828485,0.5466666666666666,1.192797725417982,0.23675919816307409,-3.6017342562178323,17.179815444533773,-329.1506052357647,NOT SUPPORTED
SP3-pc-momentum,fomc_no_pc,ES,development,16,-4.445548007619465,-5.535987241599969,-1.4548276131931397,0.375,-0.6865772322234317,0.5028255610968204,-20.27130072086878,10.24828581245899,-91.42629754373587,NOT SUPPORTED
SP3-pc-momentum,fomc_no_pc,ES,holdout,0,,,,,,,,,,NOT SUPPORTED
SP3-pc-momentum,fomc_no_pc,ES,full_sample,16,-4.445548007619465,-5.535987241599969,-1.4548276131931397,0.375,-0.6865772322234317,0.5028255610968204,-20.27130072086878,10.24828581245899,-91.42629754373587,NOT SUPPORTED
SP3-pc-momentum,fomc_no_pc,NQ,development,16,-7.597029914691024,-8.197935229928126,-5.457290655434424,0.3125,-0.8779784134243882,0.3938015235398221,-25.55269784377845,9.90862730149728,-115.76476849976062,NOT SUPPORTED
SP3-pc-momentum,fomc_no_pc,NQ,holdout,0,,,,,,,,,,NOT SUPPORTED
SP3-pc-momentum,fomc_no_pc,NQ,full_sample,16,-7.597029914691024,-8.197935229928126,-5.457290655434424,0.3125,-0.8779784134243882,0.3938015235398221,-25.55269784377845,9.90862730149728,-115.76476849976062,NOT SUPPORTED
SP3-pc-momentum,fomc_no_pc,ZN,development,14,-0.46810760268597235,-1.710702539995869,-0.653808435060395,0.2857142857142857,-1.0127455318122993,0.3296608045337367,-4.88461779722597,1.493747260978752,-34.67976081349134,NOT SUPPORTED
SP3-pc-momentum,fomc_no_pc,ZN,holdout,0,,,,,,,,,,NOT SUPPORTED
SP3-pc-momentum,fomc_no_pc,ZN,full_sample,14,-0.46810760268597235,-1.710702539995869,-0.653808435060395,0.2857142857142857,-1.0127455318122993,0.3296608045337367,-4.88461779722597,1.493747260978752,-34.67976081349134,NOT SUPPORTED
SP3-pc-momentum,fomc_no_pc,portfolio,development,16,-4.244579569072014,-5.202988188058402,-3.0158124884789306,0.3125,-0.8870787979340589,0.3890383924512876,-15.999726403207351,6.294968756081963,-69.52828139471399,NOT SUPPORTED
SP3-pc-momentum,fomc_no_pc,portfolio,holdout,0,,,,,,,,,,NOT SUPPORTED
SP3-pc-momentum,fomc_no_pc,portfolio,full_sample,16,-4.244579569072014,-5.202988188058402,-3.0158124884789306,0.3125,-0.8870787979340589,0.3890383924512876,-15.999726403207351,6.294968756081963,-69.52828139471399,NOT SUPPORTED
SP3-pc-momentum,control,ES,development,112,2.5365875128621447,1.6383654405663963,0.8652462682300598,0.5178571428571429,0.6726139194756742,0.5025907537334351,-2.8489789309468385,6.66861235639749,-206.56691172971526,WEAK EVIDENCE
SP3-pc-momentum,control,ES,holdout,56,1.3723892086754301,0.9103886285725561,-0.19559902202969434,0.48214285714285715,0.3557491957741395,0.7233892782305915,-3.945562791478796,6.05294667040728,-155.94625779309706,WEAK EVIDENCE
SP3-pc-momentum,control,ES,full_sample,168,2.148521411466573,1.3957065032351164,0.5675303082569226,0.5059523809523809,0.7627005136910978,0.4467179928616486,-2.0720009678763525,5.022035904714395,-206.56691172971526,WEAK EVIDENCE
SP3-pc-momentum,control,NQ,development,118,2.8131894791239875,2.3183486565715663,1.7706717096369293,0.5169491525423728,0.8164442253828864,0.4159053307267888,-2.978371716636414,8.076802409312357,-192.53728461130856,WEAK EVIDENCE
SP3-pc-momentum,control,NQ,holdout,56,0.6297876215120812,0.3632738472058306,-1.561881409609749,0.44642857142857145,0.11433804832177319,0.9093862031323499,-5.642459880606114,6.632935151366192,-199.6329831360119,WEAK EVIDENCE
SP3-pc-momentum,control,NQ,full_sample,174,2.110485432996018,1.6891291776952377,-0.37982112918720623,0.4942528735632184,0.7761891835417541,0.43869715469080817,-2.4846881636856257,5.979229188556245,-199.63298313601197,WEAK EVIDENCE
SP3-pc-momentum,control,ZN,development,84,0.027100079925159906,-1.20819080581844,-1.325207509156185,0.30952380952380953,-2.015348442356074,0.0471043287639804,-2.359606290733728,-0.014617840624861688,-131.55337717813626,NOT SUPPORTED
SP3-pc-momentum,control,ZN,holdout,34,0.34588436832062397,-1.0582765141184487,-0.6787483890148204,0.4117647058823529,-1.1789483164157257,0.24684948265688308,-2.8769674027425074,0.5645743808652858,-48.75749967772134,NOT SUPPORTED
SP3-pc-momentum,control,ZN,full_sample,118,0.11895317997131055,-1.164995162447256,-1.325207509156185,0.3389830508474576,-2.3440197815800303,0.020763791189916416,-2.1120531585153026,-0.19280532116082463,-160.65577996906845,NOT SUPPORTED
SP3-pc-momentum,control,portfolio,development,118,2.2442490866590017,1.4224730779363393,-0.572150118039509,0.4745762711864407,0.7836946761764625,0.4348029183324864,-1.9111159242343965,5.078901429697378,-128.0693837092016,NOT SUPPORTED
SP3-pc-momentum,control,portfolio,holdout,56,0.33341342452774914,-0.23794730345381992,-1.1677737858207764,0.44642857142857145,-0.11761687404974189,0.9067997137281676,-4.069221185101441,3.7542046558646476,-133.84502277904153,NOT SUPPORTED
SP3-pc-momentum,control,portfolio,full_sample,174,1.629267494248944,0.8880849092130695,-0.67403009231561,0.46551724137931033,0.6387185381460221,0.5238507437131865,-1.7834120106850013,3.6394176280412247,-133.84502277904156,NOT SUPPORTED
