variant,control,instrument,period,latency,n,mean_gross_bp,mean_cost_bp,mean_net_bp,se_net_bp,t_net,hit_rate,median_net_bp,sharpe_per_trade,median_entry_s_after_clock,latency_s
momentum,False,ES.v.0,2015-2019,0ms,26.0,-12.263555263223871,1.5406979545726367,-13.80425321779651,8.363493766985705,-1.6505366778998287,0.38461538461538464,-4.245411977645846,-0.32369687417353216,3.548382633,0.0
momentum,False,ES.v.0,2015-2019,50ms,33.0,5.9217863937848385,1.433092600354647,4.4886937934301905,6.230202788938689,0.720473144373337,0.5757575757575758,3.6200384829731105,0.12541827615154158,2.39641864,0.05
momentum,False,ES.v.0,2015-2019,100ms,39.0,-4.20634510383221,1.4502713836429586,-5.656616487475168,6.031295431354548,-0.9378775342471938,0.5384615384615384,2.478475386575561,-0.15018059805427053,2.44641864,0.1
momentum,False,ES.v.0,2015-2019,250ms,38.0,-3.517771737648348,1.4628039230175527,-4.9805756606659,5.861796389839111,-0.8496671206968691,0.47368421052631576,-1.2263349817737201,-0.13783420780752925,2.8080841485,0.25
momentum,False,ES.v.0,2015-2019,500ms,39.0,-2.7526343661333335,1.4502713836429586,-4.20290574977629,5.7421034588036015,-0.7319453193293715,0.48717948717948717,-0.3087063449709364,-0.11720505267048721,2.84641864,0.5
momentum,False,ES.v.0,2015-2019,1s,38.0,-2.5296811426139345,1.4469318380397418,-3.9766129806536763,5.812935527189442,-0.6840972107902203,0.5263157894736842,2.973505590125269,-0.11097522172598039,2.95970932,1.0
momentum,False,ES.v.0,2020-2023,0ms,29.0,3.220073825361054,1.1280416816381824,2.0920321437228715,8.725329456350531,0.2397654041819858,0.4482758620689655,-5.504569002867403,0.04452331781273138,3.760065253,0.0
momentum,False,ES.v.0,2020-2023,50ms,31.0,4.550520680975581,1.1120921961163188,3.438428484859263,8.072838186165077,0.4259256045478418,0.45161290322580644,-4.154231019937614,0.07649849684575181,3.810065253,0.05
momentum,False,ES.v.0,2020-2023,100ms,30.0,14.17630036155689,1.1182018212738865,13.058098540283007,6.929533707660522,1.8844122983119953,0.5666666666666667,9.752613959164062,0.34404504114187806,3.958125846,0.1
momentum,False,ES.v.0,2020-2023,250ms,30.0,13.628859238602358,1.1182018212738865,12.510657417328472,7.20404402602651,1.7366159024195882,0.5,5.9396342953955745,0.31706123449246626,4.108125846,0.25
momentum,False,ES.v.0,2020-2023,500ms,30.0,12.638633580043434,1.1182018212738865,11.520431758769549,6.9878303426918915,1.6486421669950824,0.5,5.747719139541364,0.30099950137246856,4.358125846,0.5
momentum,False,ES.v.0,2020-2023,1s,29.0,12.149805000792425,1.12636750322177,11.023437497570653,7.138583517312665,1.5442051593059527,0.5517241379310345,11.000389703075154,0.2867516992720671,4.7600652530000005,1.0
momentum,False,ES.v.0,2024-2026,0ms,22.0,-2.5471647553019428,1.0521437256830757,-3.5993084809850187,4.9096295342343295,-0.7331120313431838,0.5,-0.697305684007504,-0.1563000102512835,1.346963026,0.0
momentum,False,ES.v.0,2024-2026,50ms,22.0,4.662579546252326,1.0521437256830757,3.6104358205692506,4.581174362361237,0.7881026861218078,0.5909090909090909,2.7298403464383982,0.1680240572429502,1.3969630259999999,0.05
momentum,False,ES.v.0,2024-2026,100ms,22.0,4.632202687580224,1.0521437256830757,3.5800589618971475,3.8107645092044122,0.9394595108802906,0.5909090909090909,1.9745178734627473,0.20029344070676933,1.4469630260000002,0.1
momentum,False,ES.v.0,2024-2026,250ms,22.0,7.024786956659958,1.0521437256830757,5.972643230976882,3.509659079575631,1.7017730484805553,0.6818181818181818,4.788516400322071,0.36281923301072533,1.596963026,0.25
momentum,False,ES.v.0,2024-2026,500ms,22.0,6.529667739183509,1.0521437256830757,5.477524013500432,3.394118900606191,1.6138279694686428,0.6818181818181818,4.3014129402564745,0.34406927916543484,1.846963026,0.5
momentum,False,ES.v.0,2024-2026,1s,22.0,3.0146997905147996,1.0521437256830757,1.9625560648317233,3.6810386979534355,0.5331527935098468,0.5909090909090909,1.7109200490750789,0.11366855750329417,2.346963026,1.0
momentum,False,NQ.v.0,2015-2019,0ms,37.0,-2.171135659567484,1.393614855330011,-3.5647505148974963,7.071932364994063,-0.5040702216756126,0.5405405405405406,1.655031843713373,-0.08286863397425767,1.511549375,0.0
momentum,False,NQ.v.0,2015-2019,50ms,39.0,4.226520900297933,1.353627258244837,2.8728936420530964,6.549892762505566,0.4386168974397243,0.6666666666666666,5.675786909085973,0.0702349140147383,1.561549375,0.05
momentum,False,NQ.v.0,2015-2019,100ms,40.0,1.551169680004793,1.3559273720608396,0.19524230794395336,6.7790581588233065,0.028800801434316514,0.625,4.553017190096014,0.004553806548534226,1.360048687,0.1
momentum,False,NQ.v.0,2015-2019,250ms,39.0,2.4304610734168146,1.3756523132570901,1.0548087601597245,6.848285696492569,0.15402522717473036,0.6410256410256411,4.7966191565458765,0.02466377526689871,1.761549375,0.25
momentum,False,NQ.v.0,2015-2019,500ms,39.0,2.469640188605874,1.3756523132570901,1.093987875348783,6.743171570598717,0.16223639928112482,0.6153846153846154,4.395857709744309,0.025978615096871483,2.011549375,0.5
momentum,False,NQ.v.0,2015-2019,1s,39.0,-0.9273043922050852,1.3756523132570901,-2.302956705462177,6.707986538519214,-0.3433156420690364,0.5384615384615384,2.7299082866184565,-0.0549744999369229,2.511549375,1.0
momentum,False,NQ.v.0,2020-2023,0ms,30.0,15.41067850052026,1.5047647789329768,13.905913721587284,8.260805281339866,1.6833605499695068,0.5666666666666667,12.058642714309986,0.30733818187753376,3.711325809,0.0
momentum,False,NQ.v.0,2020-2023,50ms,31.0,14.766190486809636,1.4871695790357773,13.27902090777386,7.730008377063535,1.71785336574477,0.5483870967741935,12.25130660197102,0.30853557259230124,3.734152827,0.05
momentum,False,NQ.v.0,2020-2023,100ms,31.0,10.969292208101523,1.4871695790357773,9.482122629065746,7.257316452206112,1.3065604471723604,0.5161290322580645,2.6275302399799436,0.2346651837306299,3.784152827,0.1
momentum,False,NQ.v.0,2020-2023,250ms,31.0,12.069599664598675,1.4871695790357773,10.5824300855629,7.265983612909774,1.4564346204635885,0.5483870967741935,8.02509009849435,0.2615833798906141,3.934152827,0.25
momentum,False,NQ.v.0,2020-2023,500ms,31.0,10.25943736230376,1.4871695790357773,8.772267783267985,7.342779005066282,1.1946795317161802,0.5161290322580645,4.993554147851494,0.21457077811909056,4.184152827,0.5
momentum,False,NQ.v.0,2020-2023,1s,30.0,9.897839233180083,1.5101162556543954,8.387722977525687,7.362098087040677,1.1393114949514722,0.5666666666666667,6.468533266684972,0.2080088686032848,4.711325809,1.0
momentum,False,NQ.v.0,2024-2026,0ms,22.0,1.8615814265614135,2.256634715038617,-0.39505328847720356,5.611080382046902,-0.07040592213599506,0.5454545454545454,2.6532816993268398,-0.015010593035071474,1.212430743,0.0
momentum,False,NQ.v.0,2024-2026,50ms,21.0,6.641460822445634,2.2989056165456248,4.342555205900008,5.471176335481618,0.793715087875657,0.6666666666666666,5.3080920701620045,0.17320283192470118,1.3617366450000001,0.05
momentum,False,NQ.v.0,2024-2026,100ms,21.0,5.4218609939194975,2.284665673968218,3.13719531995128,4.978912277877963,0.6300965240721952,0.6190476190476191,3.8936601905640957,0.13749833412806664,1.2131248410000002,0.1
momentum,False,NQ.v.0,2024-2026,250ms,22.0,4.9902022092770695,2.256634715038617,2.7335674942384527,4.544020597149191,0.6015746266540752,0.5909090909090909,2.2558330913494773,0.12825614134400776,1.462430743,0.25
momentum,False,NQ.v.0,2024-2026,500ms,22.0,2.681941852974939,2.256634715038617,0.425307137936322,4.789386627898833,0.08880200555512677,0.5454545454545454,1.1817068323266506,0.018932651198167925,1.712430743,0.5
momentum,False,NQ.v.0,2024-2026,1s,22.0,2.8190601175874392,2.256634715038617,0.562425402548822,4.657716671344462,0.12075131276425975,0.5454545454545454,0.44550955414609816,0.02574426638222054,2.212430743,1.0
momentum,False,ZN.v.0,2015-2019,0ms,35.0,2.1897115515724996,1.8570069904214452,0.3327045611510545,2.429628828737795,0.13693637366160835,0.4857142857142857,-0.007918229903376428,0.023146471765440452,1.141,0.0
momentum,False,ZN.v.0,2015-2019,50ms,34.0,1.3958860258846524,1.8649301881655929,-0.46904416228094065,2.1056393410938403,-0.22275617344672186,0.5,-0.016385353434430705,-0.0382023685778721,1.057593744,0.05
momentum,False,ZN.v.0,2015-2019,100ms,34.0,1.5962965961852897,1.8554074447790438,-0.25911084859375366,2.1796740992946915,-0.11887595887733762,0.47058823529411764,-0.6300398473377491,-0.02038705875492246,1.1056721760000001,0.1
momentum,False,ZN.v.0,2015-2019,250ms,36.0,1.961768772165617,1.841465350928563,0.12030342123705358,2.0896406911949277,0.0575713431232333,0.5,0.3069468440964317,0.009595223853872216,1.257593744,0.25
momentum,False,ZN.v.0,2015-2019,500ms,36.0,1.8434658544277474,1.841465350928563,0.002000503499184372,2.0513713168754637,0.0009752030179652844,0.5,0.5716697285764094,0.0001625338363275474,1.507593744,0.5
momentum,False,ZN.v.0,2015-2019,1s,36.0,1.6150972710090048,1.841465350928563,-0.22636807991955837,2.0263414529753443,-0.11171270250982361,0.5277777777777778,1.1810050799072436,-0.018618783751637266,2.007593744,1.0
momentum,False,ZN.v.0,2020-2023,0ms,28.0,0.2939146175137926,1.803101576947622,-1.5091869594338299,2.722462696440989,-0.554346240044631,0.42857142857142855,-1.3948010245852835,-0.10476159224155776,1.9500092480000002,0.0
momentum,False,ZN.v.0,2020-2023,50ms,27.0,3.109079798614683,1.8254559072622354,1.2836238913524478,3.1701840073267804,0.40490516903302665,0.5185185185185185,0.0001488396835425121,0.07792403611249628,2.728730873,0.05
momentum,False,ZN.v.0,2020-2023,100ms,27.0,5.116524536584399,1.8254559072622354,3.2910686293221647,2.6465829788699273,1.2435161321589956,0.5185185185185185,0.0001488396835425121,0.2393147912145461,2.778730873,0.1
momentum,False,ZN.v.0,2020-2023,250ms,28.0,5.587737649283352,1.8127753299804488,3.774962319302903,2.498594852411348,1.510834105681342,0.5357142857142857,0.6652613134984183,0.2855208082791077,3.183314218,0.25
momentum,False,ZN.v.0,2020-2023,500ms,26.0,5.314327290394507,1.8426827863612436,3.4716445040332635,2.648599746221222,1.3107471255278513,0.46153846153846156,-1.5347108854498748,0.25705866040200637,3.69491142,0.5
momentum,False,ZN.v.0,2020-2023,1s,26.0,5.352033414730514,1.8447187954205513,3.507314619309964,2.590615957824901,1.3538535531351894,0.46153846153846156,-1.4424617566502045,0.2655125263839714,2.950009248,1.0
momentum,False,ZN.v.0,2024-2026,0ms,18.0,6.77383929104695,1.9133291227555962,4.860510168291352,2.759184046238998,1.761575192824357,0.7222222222222222,6.795487972821546,0.41520725480536763,1.366662919,0.0
momentum,False,ZN.v.0,2024-2026,50ms,19.0,3.77988275040156,1.9357228322380262,1.8441599181635335,3.04370381675243,0.6058933553302221,0.5789473684210527,1.811697073304308,0.13900146876037997,1.111505149,0.05
momentum,False,ZN.v.0,2024-2026,100ms,18.0,-1.8569498803423636,1.9230935531393998,-3.780043433481762,3.069156573022924,-1.231622872129544,0.3333333333333333,-2.1028500861204003,-0.2902962949157509,1.139277118,0.1
momentum,False,ZN.v.0,2024-2026,250ms,19.0,-2.441230461570573,1.9381066493339614,-4.379337110904537,3.1239332398741184,-1.4018664211534193,0.42105263157894735,-3.0126329256322832,-0.32161021379740967,1.311505149,0.25
momentum,False,ZN.v.0,2024-2026,500ms,20.0,-0.6205922210087422,1.8981179448306857,-2.518710165839428,2.756918880319347,-0.9135960378883814,0.45,-1.6466870431257616,-0.2042862844692894,1.6717576859999999,0.5
momentum,False,ZN.v.0,2024-2026,1s,19.0,-1.6504643075993268,1.9357228322380262,-3.586187139837353,3.0870384475367314,-1.161691764059146,0.42105263157894735,-1.8927838616576016,-0.2665103685830164,2.0615051490000003,1.0
