group,leg,kind,sample,n,mean_gross_bp,mean_cost_bp,mean_net_bp,se_net_bp,t_net,t_gross,hit_rate,median_trigger_s,exit_s
fomc,ES->ES,control,development,17.0,-0.04825285136744478,0.4433831995167946,-0.4916360508842393,1.461923161664537,-0.3362940432002359,-0.032995582594728234,0.47058823529411764,0.96,300
fomc,ES->ES,control,oos_backward,73.0,0.44085584028187647,0.8413520379966222,-0.4004961977147456,0.9792458652673155,-0.4089843132556069,0.4492245132658324,0.410958904109589,1.3199999999999998,300
fomc,ES->ES,control,oos_forward,9.0,0.21316741630783176,0.3548432514754026,-0.14167583516757087,1.963177084004476,-0.07216661009437897,0.10875272594488246,0.4444444444444444,1.1,300
fomc,ES->ES,event,development,13.0,-2.964067415323013,1.3701033771061715,-4.334170792429183,7.2151047801577795,-0.6007079487395058,-0.41330042872366035,0.38461538461538464,0.52,300
fomc,ES->ES,event,oos_backward,52.0,11.447147262233274,1.627076011082497,9.82007125115078,6.067791359796367,1.6183930311473893,1.9113151807011752,0.6153846153846154,1.02,300
fomc,ES->ES,event,oos_forward,4.0,-11.817651278202227,0.9321277125399507,-12.749778990742179,21.622530951675962,-0.5896524795934651,-0.5494676580035496,0.75,1.53,300
fomc,ES->ZN,control,development,17.0,0.08754067537361596,1.4042055168727885,-1.3166648414991728,0.36788514020126784,-3.5790106683266227,0.23723057468803443,0.058823529411764705,0.96,300
fomc,ES->ZN,control,oos_backward,73.0,0.19428092894213136,1.2473580174902443,-1.0530770885481129,0.2087544013167057,-5.044574303132739,0.9423301176805665,0.136986301369863,1.3199999999999998,300
fomc,ES->ZN,control,oos_forward,9.0,-0.1777002912083135,1.4073850169490556,-1.585085308157369,0.6495938850319333,-2.4401173482097174,-0.27607879632896126,0.1111111111111111,1.1,300
fomc,ES->ZN,event,development,13.0,-4.1641738725445805,2.1083857736245637,-6.272559646169143,3.653732938650353,-1.716753728718376,-1.161258871202517,0.38461538461538464,0.52,300
fomc,ES->ZN,event,oos_backward,52.0,-6.233548159745156,2.4116098389134173,-8.645157998658574,2.3177500819382537,-3.729978510637751,-2.7918037094255954,0.3269230769230769,1.02,300
fomc,ES->ZN,event,oos_forward,4.0,9.041106607273937,1.4314036831766754,7.609702924097261,9.323317169020127,0.8162012281833628,0.9692258950094806,0.5,1.53,300
fomc,NQ->NQ,control,development,12.0,-0.8054554942648329,0.30461473304718045,-1.1100702273120133,2.4331390554563455,-0.45622966957957733,-0.33335436557932896,0.4166666666666667,0.45999999999999996,300
fomc,NQ->NQ,control,oos_backward,57.0,0.22305876476512224,0.48888398295267826,-0.26582521818755556,1.7338188113106254,-0.15331776103329586,0.1286354891690725,0.49122807017543857,2.3200000000000003,300
fomc,NQ->NQ,control,oos_forward,6.0,-1.4752801179930206,0.32623779381089696,-1.8015179118039182,3.0910718141220266,-0.5828133476464095,-0.4790226990679473,0.5,1.6400000000000001,300
fomc,NQ->NQ,event,development,13.0,-2.880793142983563,2.106122290959019,-4.986915433942581,8.901772395307955,-0.5602160123270665,-0.3326770198355571,0.46153846153846156,0.6799999999999999,300
fomc,NQ->NQ,event,oos_backward,56.0,4.847993511351075,1.67432297323855,3.1736705381125256,7.074116998927722,0.4486313328707432,0.6850529609187117,0.5714285714285714,1.02,300
fomc,NQ->NQ,event,oos_forward,8.0,-9.631854661977457,1.5715059754000662,-11.203360637377518,13.006199319724741,-0.8613862022233426,-0.7414672177228041,0.625,1.07,300
fomc,ZN->ES,control,development,6.0,-1.157977735756669,0.43462889615165995,-1.592606631908329,2.076186008314787,-0.7670828266495385,-0.5596641139226486,0.5,1.0100000000000002,300
fomc,ZN->ES,control,oos_backward,26.0,3.0506343440653194,0.8677146115316988,2.1829197325336205,2.4010955885481637,0.9091348728242574,1.2628014285704658,0.5384615384615384,3.9800000000000004,300
fomc,ZN->ES,control,oos_forward,6.0,3.043883994607824,0.38120097696117955,2.662683017646645,1.6426612362379887,1.620956871025156,1.8835443392209865,0.8333333333333334,1.1900000000000002,300
fomc,ZN->ES,event,development,14.0,-2.5161359021042133,1.3102041190125082,-3.826340021116722,7.4786577658656785,-0.5116345928518111,-0.33768145836161034,0.42857142857142855,1.03,300
fomc,ZN->ES,event,oos_backward,60.0,0.07162014388384783,1.3629040067002098,-1.2912838628163616,5.325376902094522,-0.24247745963454478,0.01340299373010525,0.5,1.02,300
fomc,ZN->ES,event,oos_forward,7.0,-1.0803331744958908,1.1254978075952249,-2.2058309820911153,10.429253899250467,-0.21150419803756476,-0.1056634199754844,0.42857142857142855,1.1,300
fomc,ZN->ZN,control,development,6.0,-1.4162586944084492,1.4096519630052626,-2.8259106574137127,0.6315589572900963,-4.47450016311886,-2.253935021056888,0.0,1.0100000000000002,300
fomc,ZN->ZN,control,oos_backward,26.0,-0.5099811517357478,1.2669836466840592,-1.7769647984198065,0.4141638978202526,-4.290486949181192,-1.26262614857996,0.11538461538461539,3.9800000000000004,300
fomc,ZN->ZN,control,oos_forward,6.0,-1.172813946690644,1.4100303383310564,-2.5828442850217,0.4376393371893525,-5.90176445657166,-2.673728895513404,0.0,1.1900000000000002,300
fomc,ZN->ZN,event,development,14.0,1.839292804668571,2.208442887838404,-0.3691500831698331,3.9464566358013187,-0.09353962737636368,0.45744282541663733,0.6428571428571429,1.03,300
fomc,ZN->ZN,event,oos_backward,60.0,2.789561558460233,2.1347957150144112,0.6547658434458213,1.741333928620475,0.37601394694269924,1.5853207703377765,0.48333333333333334,1.02,300
fomc,ZN->ZN,event,oos_forward,7.0,-0.8749608547415713,1.7220277741984729,-2.5969886289400432,5.052222730957431,-0.5140289269170633,-0.1727017210739897,0.42857142857142855,1.1,300
macro,ES->ES,control,development,10.0,3.7537076566707257,0.5334213293219678,3.220286327348758,1.7351924395123735,1.855866965541717,2.1563007442516184,0.7,2.3600000000000003,300
macro,ES->ES,control,oos_backward,41.0,0.5673900602433455,0.9413572556049868,-0.3739671953616412,1.080519061885827,-0.34609958172228567,0.5102865355605731,0.34146341463414637,1.58,300
macro,ES->ES,control,oos_forward,3.0,-0.5955573875919667,0.3593761342874358,-0.9549335218794025,1.0533191762441179,-0.9065946423613639,-0.5651027210952597,0.3333333333333333,3.7199999999999998,300
macro,ES->ES,event,development,78.0,-4.031725676461818,1.6800321102472515,-5.71175778670907,3.9605669036550095,-1.4421566219315658,-1.019702327291758,0.4358974358974359,0.8700000000000001,300
macro,ES->ES,event,oos_backward,251.0,4.363567896963532,1.2746934124238756,3.0888744845396556,1.998139945612709,1.545874948009452,2.176836678577278,0.4900398406374502,1.2600000000000002,300
macro,ES->ES,event,oos_forward,33.0,2.5493682449587687,1.5591708106980828,0.9901974342606858,3.370902062778241,0.2937485028694609,0.7608745652235057,0.5454545454545454,0.96,300
macro,ES->ZN,control,development,10.0,0.003443552491840407,1.4108909808490409,-1.4074474283572003,0.6588728994261734,-2.136144056893183,0.005220259632285231,0.1,2.3600000000000003,300
macro,ES->ZN,control,oos_backward,41.0,0.49499019825335044,1.2693339311226144,-0.7743437328692642,0.6874926388156929,-1.1263302167179348,0.7264869779739501,0.24390243902439024,1.58,300
macro,ES->ZN,control,oos_forward,3.0,1.8577436248758605,1.3910965118815846,0.466647112994276,0.926676860494618,0.5035704816727603,1.9998601953925017,0.6666666666666666,3.7199999999999998,300
macro,ES->ZN,event,development,78.0,1.8709929525669053,2.6431291327898245,-0.7721361802229193,3.459471684903381,-0.22319482584361264,0.5327264027014705,0.4230769230769231,0.8700000000000001,300
macro,ES->ZN,event,oos_backward,251.0,0.8770443554099613,1.9245010087294818,-1.0474566533195204,1.1992512545792158,-0.8734255222330738,0.7338494896709804,0.46215139442231074,1.2600000000000002,300
macro,ES->ZN,event,oos_forward,33.0,0.15898795458165405,2.0320485619842072,-1.8730606074025533,3.2348960672801668,-0.5790172445872067,0.049392351046629465,0.3939393939393939,0.96,300
macro,NQ->NQ,control,development,8.0,7.05480339646464,0.5112671940563545,6.543536202408285,3.5866964380159145,1.8243908609193682,1.9426152293617023,0.75,0.45999999999999996,300
macro,NQ->NQ,control,oos_backward,44.0,0.9228433474265497,0.7254820082908888,0.19736133913566095,1.2903549197432838,0.15295120444453067,0.7079696619011967,0.36363636363636365,0.8800000000000001,300
macro,NQ->NQ,control,oos_forward,1.0,7.91549735679837,1.1076578927344993,6.80783946406387,,,,1.0,0.15999999999999992,300
macro,NQ->NQ,event,development,80.0,-2.7893519870670604,2.6179993588854704,-5.407351345952529,4.9076528823004,-1.1018202541288742,-0.5712793786877727,0.4625,0.5800000000000001,300
macro,NQ->NQ,event,oos_backward,279.0,5.238234389875136,1.649309643774702,3.5889247461004343,3.2545662132071227,1.1027352067800849,1.6118542594515883,0.5089605734767025,1.1600000000000001,300
macro,NQ->NQ,event,oos_forward,33.0,5.265501047312272,2.3123106144126364,2.953190432899634,4.981209719416697,0.5928661106935796,1.0756572406573779,0.5454545454545454,0.5,300
macro,ZN->ES,control,development,9.0,-1.0086064926474603,0.5214570072245971,-1.5300634998720575,1.5622856184692513,-0.9793750142635471,-0.6621382228400432,0.4444444444444444,2.8000000000000003,300
macro,ZN->ES,control,oos_backward,36.0,-0.04997096041293587,0.9526403058030414,-1.0026112662159772,1.1590782875460623,-0.8650073743842198,-0.041157809612248575,0.3611111111111111,1.8399999999999999,300
macro,ZN->ES,control,oos_forward,7.0,1.0344010892177657,0.4252971178046582,0.6091039714131075,4.498238048774289,0.13540945694927825,0.22880278106855087,0.5714285714285714,2.02,300
macro,ZN->ES,event,development,76.0,1.063139165585067,1.7766502011662557,-0.7135110355811891,3.579406855897996,-0.19933778536672792,0.29541576274306036,0.47368421052631576,1.04,300
macro,ZN->ES,event,oos_backward,294.0,-5.001653373958235,1.3375184693906554,-6.339171843348892,1.7258595426917287,-3.6730519990416095,-2.906982552255694,0.3843537414965986,1.2500000000000002,300
macro,ZN->ES,event,oos_forward,33.0,-2.3090001411804444,1.6907954428563716,-3.9997955840368156,2.728227262011875,-1.4660785923996849,-0.8655016500551824,0.3939393939393939,1.1,300
macro,ZN->ZN,control,development,9.0,0.3101311684093568,1.418278662407677,-1.1081474939983202,0.7766319550443149,-1.426863119397513,0.3999331605610846,0.3333333333333333,2.8000000000000003,300
macro,ZN->ZN,control,oos_backward,36.0,1.0214021654932346,1.289417669495144,-0.26801550400190954,0.6736083630134043,-0.3978803095658363,1.4989045979236064,0.3055555555555556,1.8399999999999999,300
macro,ZN->ZN,control,oos_forward,7.0,0.7245547066172211,1.5052339724531212,-0.7806792658359003,2.3758740678607237,-0.32858613021473687,0.3099987468629144,0.42857142857142855,2.02,300
macro,ZN->ZN,event,development,80.0,-1.4165088126770453,3.000333446369763,-4.416842259046808,3.4685178332727196,-1.2734091249804234,-0.40943054865705414,0.4875,1.04,300
macro,ZN->ZN,event,oos_backward,303.0,1.6659204908469563,2.046197721883459,-0.38027723103650296,0.9487342948850173,-0.40082585091180983,1.758127610975517,0.46534653465346537,1.2400000000000002,300
macro,ZN->ZN,event,oos_forward,33.0,0.6870076018819447,2.452059821538164,-1.7650522196562188,2.403119487049746,-0.7344837529585898,0.27870424885621453,0.3333333333333333,1.1,300
