group,kind,instrument,windows,fired,median_trigger_s,fire_rate
fomc,control,ES.v.0,167,99,1.3199999999999998,0.592814371257485
fomc,control,NQ.v.0,167,75,1.9,0.4491017964071856
fomc,control,ZN.v.0,167,38,2.3200000000000003,0.2275449101796407
fomc,event,ES.v.0,88,69,1.02,0.7840909090909091
fomc,event,NQ.v.0,88,77,1.02,0.875
fomc,event,ZN.v.0,88,81,1.02,0.9204545454545454
macro,control,ES.v.0,107,54,1.98,0.5046728971962616
macro,control,NQ.v.0,110,53,0.8200000000000001,0.4818181818181818
macro,control,ZN.v.0,110,52,1.91,0.4727272727272727
macro,event,ES.v.0,408,362,1.11,0.8872549019607843
macro,event,NQ.v.0,426,392,1.08,0.92018779342723
macro,event,ZN.v.0,426,416,1.12,0.9765258215962441
