leg,year,n,mean_gross_bp,mean_cost_bp,mean_net_bp,se_net_bp,t_net,t_gross,hit_rate,median_trigger_s
ES->ES,2015,22.0,-0.47093638435695095,1.77956748525295,-2.250503869609901,6.2503152625098295,-0.3600624568665686,-0.07516461603005636,0.45454545454545453,1.3599999999999999
ES->ES,2016,31.0,4.965203953761273,1.5678644597070737,3.3973394940541994,2.568986698336742,1.3224433961661866,1.9018928895848848,0.4838709677419355,1.38
ES->ES,2017,28.0,3.517926586724595,1.2167180010058443,2.3012085857187503,1.3297519666816247,1.7305547525989982,2.6178460285471052,0.5357142857142857,1.39
ES->ES,2018,31.0,5.978897845024809,1.142654742075776,4.836243102949032,5.643301163874147,0.8569883056939199,1.0524377422177251,0.41935483870967744,1.38
ES->ES,2019,32.0,2.1374741923964367,1.2018355368073554,0.9356386555890811,2.525927324199209,0.37041392546228746,0.847879660753916,0.46875,1.3199999999999998
ES->ES,2020,23.0,1.1006140769428696,1.241126824215978,-0.14051274727310895,6.262475464971447,-0.022437253137206438,0.17591513208724838,0.4782608695652174,1.8399999999999999
ES->ES,2021,31.0,3.6428555225165464,0.9984476928505531,2.6444078296659943,3.8030362742311006,0.695341206073729,0.9678035661648909,0.5806451612903226,1.08
ES->ES,2022,27.0,20.354653475814047,1.3245993150547517,19.030054160759295,12.734348506663805,1.4943877302243602,1.5895476981868368,0.5925925925925926,1.1600000000000001
ES->ES,2023,26.0,-3.398862329550849,1.114717247682598,-4.513579577233449,7.063299575849786,-0.6390185675637889,-0.48161729489597266,0.38461538461538464,0.6799999999999999
ES->ES,2024,45.0,-5.285539044325428,1.534118604446389,-6.819657648771818,5.265231233778542,-1.2952247196706224,-1.009013325463794,0.4,0.6799999999999999
ES->ES,2025,38.0,-2.9091896786866513,2.1005204350011826,-5.0097101136878335,5.403311578253456,-0.9271555121585551,-0.5361050921887642,0.4473684210526316,0.98
ES->ES,2026,28.0,4.216179075155521,1.201429557935355,3.014749517220167,3.553419678403838,0.8484079534828162,1.194599218639604,0.6071428571428571,0.85
ES->ZN,2015,22.0,7.388164572087663,2.455925847626834,4.932238724460829,6.285023826571539,0.784760545156334,1.1674143593949586,0.5,1.3599999999999999
ES->ZN,2016,31.0,3.860943330082354,1.903414717378485,1.9575286127038687,2.73795189997313,0.7149609212357162,1.4006436090485446,0.5806451612903226,1.38
ES->ZN,2017,28.0,-3.1295234147753956,1.9381306187451364,-5.067654033520532,2.8568546971331528,-1.773857815942096,-1.1336342255599694,0.32142857142857145,1.39
ES->ZN,2018,31.0,-0.5294092360256829,1.9318744181920422,-2.461283654217725,1.6105674538191808,-1.52820898521277,-0.3494550531594749,0.3870967741935484,1.38
ES->ZN,2019,32.0,1.4723103377755113,1.6951461358065474,-0.22283579803103648,2.627498179035209,-0.0848091160667748,0.5561904670508783,0.46875,1.3199999999999998
ES->ZN,2020,23.0,2.377931225743221,1.3111636546254772,1.0667675711177445,2.2035440394418333,0.4841144774160997,1.0563548294960314,0.4782608695652174,1.8399999999999999
ES->ZN,2021,31.0,-0.1997965318783159,1.594915413002816,-1.7947119448811315,2.2069504848024337,-0.8132089764767849,-0.09071537915432537,0.4838709677419355,1.08
ES->ZN,2022,27.0,-7.020036759869206,1.9904527212190308,-9.010489481088237,5.265558442667869,-1.711212510353023,-1.3510696451350144,0.48148148148148145,1.1600000000000001
ES->ZN,2023,26.0,5.225997973988921,2.625835474521644,2.6001624994672765,5.45803230958066,0.4763919214811403,0.9618501985765164,0.46153846153846156,0.6799999999999999
ES->ZN,2024,45.0,-1.5200419017438134,2.542596976794434,-4.062638878538247,5.167952112098037,-0.7861216184700548,-0.28907521221261123,0.37777777777777777,0.6799999999999999
ES->ZN,2025,38.0,6.269083430182264,2.614486600960429,3.654596829221834,3.7967038557506716,0.9625709478726935,1.639367958930896,0.5,0.98
ES->ZN,2026,28.0,-0.6656868559657578,2.1233685753871208,-2.7890554313528777,3.3482835096578554,-0.8329806670516612,-0.19992283709477732,0.35714285714285715,0.85
NQ->NQ,2015,24.0,4.412454387799513,1.9762741337537684,2.4361802540457447,5.88222701903844,0.4141595090024227,0.7517392985498115,0.5416666666666666,1.4
NQ->NQ,2016,33.0,1.5339226022120938,1.9600479488813392,-0.4261253466692453,2.6648153053839927,-0.15990802282180744,0.5632171815979469,0.36363636363636365,1.38
NQ->NQ,2017,29.0,1.773316317286404,0.9231151750845283,0.8502011422018757,2.1976532648999494,0.3868677355891181,0.7927770704741627,0.4827586206896552,1.3599999999999999
NQ->NQ,2018,33.0,8.993176258679291,1.172215097359455,7.8209611613198335,5.813011922247075,1.3454232101929988,1.5390779217034738,0.5757575757575758,1.3000000000000003
NQ->NQ,2019,33.0,2.421563262414953,1.1695940025512404,1.2519692598637115,3.0553175894014193,0.4097673067463309,0.7738047356945061,0.5151515151515151,1.3000000000000003
NQ->NQ,2020,23.0,1.4093188051108896,1.3090486834734951,0.10027012163739407,5.223207552247072,0.019197039488552767,0.26878913904199975,0.5652173913043478,1.1
NQ->NQ,2021,32.0,2.789129881702104,1.1662273577639928,1.6229025239381114,6.7970970359412375,0.2387640657999489,0.4111268218240053,0.5,1.12
NQ->NQ,2022,36.0,11.382315077174006,2.891048909053507,8.491266168120498,21.924539944678187,0.38729506705939387,0.5212300373615918,0.5555555555555556,1.1
NQ->NQ,2023,36.0,9.594628741313278,2.0136120228110705,7.581016718502208,7.807029448668722,0.9710500989329489,1.2249263744615755,0.5,0.6300000000000001
NQ->NQ,2024,46.0,-6.822010533035372,2.4462232106659823,-9.268233743701353,6.465702046162983,-1.4334458466426718,-1.0656068108947252,0.391304347826087,0.43999999999999995
NQ->NQ,2025,39.0,3.6397253711653943,2.7938127622535087,0.845912608911886,6.682775651837193,0.12658102755242612,0.5450372110573759,0.5641025641025641,0.96
NQ->NQ,2026,28.0,4.3741632371470285,2.295044055997593,2.079119181149436,5.660567861111454,0.367298693728795,0.7864156127298456,0.5357142857142857,0.4
ZN->ES,2015,25.0,3.647861362671374,1.6387477152615588,2.0091136474098166,5.307791860590134,0.37852155852743596,0.6860471620696303,0.48,1.3599999999999999
ZN->ES,2016,36.0,1.8162759766046572,1.5066525810285778,0.3096233955760794,2.396489486158808,0.12919872895931478,0.7584727330490819,0.3888888888888889,1.43
ZN->ES,2017,35.0,0.02198617399245809,1.2754240831663164,-1.2534379091738583,1.1867841039546287,-1.0561633788294975,0.018548727811206322,0.37142857142857144,1.3199999999999998
ZN->ES,2018,35.0,-4.288112201173153,1.2084776746873063,-5.496589875860458,5.1953107548882915,-1.0579905871248783,-0.8277314725382695,0.2857142857142857,1.4
ZN->ES,2019,36.0,-1.1612700646599068,1.1427374347066412,-2.304007499366548,2.3578295555543836,-0.9771730505027194,-0.49675197839332136,0.4444444444444444,1.3299999999999998
ZN->ES,2020,29.0,-2.3216906628332983,1.3013424702368261,-3.623033133070124,4.908026761944004,-0.7381852847996878,-0.47313734350293807,0.41379310344827586,1.2400000000000002
ZN->ES,2021,35.0,-5.280646734859643,1.0067946041493974,-6.28744133900904,3.340196182739756,-1.8823569021181987,-1.5830897415266842,0.42857142857142855,1.08
ZN->ES,2022,29.0,-34.04949464043281,1.5997795773574706,-35.64927421779028,10.277042323672102,-3.4688262532183867,-3.3265962753460863,0.3448275862068966,1.12
ZN->ES,2023,34.0,-5.775335834540814,1.4875524853678095,-7.262888319908626,6.1933075842421434,-1.17269943743596,-0.9352358023918906,0.3235294117647059,1.06
ZN->ES,2024,45.0,3.337034639269042,1.6355981422092545,1.7014364970597857,5.004252189939412,0.339998152067629,0.6622428603446655,0.4888888888888889,0.56
ZN->ES,2025,36.0,-1.5392379342846847,2.2467633906194604,-3.7860013249041455,4.358369208421334,-0.8686738419472937,-0.3541096040051445,0.4444444444444444,1.07
ZN->ES,2026,28.0,-3.219729328833852,1.2977238014706656,-4.517453130304518,2.9813912134931204,-1.5152164901605396,-1.0863171999133305,0.39285714285714285,1.1
ZN->ZN,2015,25.0,4.596392246463218,2.6505511108334527,1.9458411356297645,2.98506725288456,0.6518583907111104,1.5081210711390198,0.64,1.3599999999999999
ZN->ZN,2016,36.0,0.8521689678603012,1.8877236201866643,-1.035554652326364,1.7968981933029948,-0.5763012374244998,0.48851675123891636,0.4722222222222222,1.43
ZN->ZN,2017,35.0,2.830148100109771,1.9427693593982724,0.8873787407114985,2.195823532054721,0.4041211544359133,1.3193916282898368,0.4857142857142857,1.3199999999999998
ZN->ZN,2018,35.0,2.166955736840662,1.8590416452491407,0.30791409159152144,1.2574451729843372,0.24487277712533462,1.7094931300717187,0.42857142857142855,1.4
ZN->ZN,2019,36.0,-2.7080512145650055,1.4704992732485727,-4.178550487813578,2.3221950602344794,-1.7993968548842132,-1.194928593772257,0.3333333333333333,1.3299999999999998
ZN->ZN,2020,29.0,-0.11890573381071984,1.3781877583615774,-1.4970934921722971,1.76761889854859,-0.8469549026668453,-0.06548403338704058,0.3103448275862069,1.2400000000000002
ZN->ZN,2021,35.0,0.3849393126846643,1.6134959286923334,-1.2285566160076689,1.750738813482626,-0.701736093668812,0.21854372243797668,0.45714285714285713,1.08
ZN->ZN,2022,36.0,11.011573803565126,2.287540258347365,8.72403354521776,3.9213842958091507,2.2247331266515453,2.7382354143560175,0.6111111111111112,1.11
ZN->ZN,2023,36.0,-3.4628899288512573,3.360651967675034,-6.823541896526294,4.68811735454863,-1.4554972455853257,-0.7491406147836301,0.4722222222222222,1.06
ZN->ZN,2024,46.0,-1.091474999269731,2.761041328052117,-3.8525163273218492,5.57087624878495,-0.691545845801567,-0.19588797964505056,0.5434782608695652,0.67
ZN->ZN,2025,39.0,-2.96797546151312,3.322273820844824,-6.2902492823579434,2.883830877490174,-2.181212959281582,-1.0367306930619433,0.358974358974359,1.08
ZN->ZN,2026,28.0,2.6896228147628527,2.2988596327498176,0.3907631820130347,2.571327511251986,0.15196943224971413,1.0228776896779694,0.39285714285714285,1.1
