instrument,measure,scheduled_median,unscheduled_median,scheduled_n,unscheduled_n,mann_whitney_p,holm_p
ES.v.0,level_ratio_final,0.28969336,0.948855,90,107,1.641668044486964e-26,8.20834022243482e-26
ES.v.0,decline_into_arrival,0.28334984,0.95710754,90,107,5.951680499616214e-32,4.166176349731349e-31
ES.v.0,own_ratio_gap,-0.37477925,0.0027911663,90,107,1.9693073506298484e-21,7.877229402519394e-21
NQ.v.0,level_ratio_final,0.66809726,0.94288945,90,107,1.9099625798433956e-06,3.819925159686791e-06
NQ.v.0,decline_into_arrival,0.6384771,0.97141415,90,107,2.1406309598367072e-07,6.421892879510121e-07
NQ.v.0,own_ratio_gap,-0.031167388,-0.029811323,90,107,0.5513015115296303,0.5513015115296303
ZN.v.0,level_ratio_final,0.08463314,0.89066243,90,107,9.312809580888331e-33,7.450247664710665e-32
ZN.v.0,decline_into_arrival,0.10140611,0.94206643,90,107,1.7609109384694425e-33,1.5848198446224983e-32
ZN.v.0,own_ratio_gap,-0.66988707,-0.01984334,90,107,1.2703060449264478e-29,7.621836269558687e-29
